{"type":"FeatureCollection","features":[{"type":"Feature","properties":{"variantId":"tb:7:v1:tur","lineId":"tram-7","mode":"tram","colour":null,"direction":"tur"},"geometry":{"type":"LineString","coordinates":[[28.0160035,45.4128089],[28.0161731,45.4129002],[28.0162374,45.412943],[28.0162667,45.4129725],[28.0162789,45.412991],[28.0163081,45.4130351],[28.0163309,45.4130571],[28.0163553,45.4130727],[28.0164227,45.4131129],[28.0168273,45.4133217],[28.0173419,45.4135914],[28.0175955,45.4137317],[28.0184492,45.4141823],[28.0187142,45.4143163],[28.0197072,45.4148181],[28.0201442,45.415039],[28.0207367,45.4153286],[28.0209415,45.4154346],[28.0212587,45.4155989],[28.021719,45.4158316],[28.0218263,45.4158858],[28.0226031,45.4162879],[28.0226481,45.4163112],[28.0231297,45.4165561],[28.0232204,45.4166057],[28.0232828,45.4166458],[28.0233292,45.4166833],[28.0233696,45.4167316],[28.0234019,45.4168286],[28.0234049,45.4168469],[28.0234091,45.4168807],[28.0233989,45.416951],[28.0233873,45.4170174],[28.0231679,45.4175407],[28.0231152,45.4176401],[28.0230623,45.4177287],[28.0229999,45.4178285],[28.0229303,45.4179199],[28.0228377,45.4180356],[28.0227599,45.4181222],[28.0226537,45.4182362],[28.0225647,45.4183321],[28.0223838,45.418503],[28.0218681,45.4189877],[28.0217865,45.4190661],[28.0212074,45.4196515],[28.0211746,45.4196846],[28.020667,45.4201793],[28.0203739,45.420475],[28.020258,45.4205998],[28.0201554,45.4206995],[28.0201077,45.4207497],[28.0200625,45.4208008],[28.0200268,45.4208506],[28.0199791,45.4209201],[28.0199331,45.4209959],[28.0199034,45.421075],[28.0198732,45.421162],[28.0198389,45.4212624],[28.0198052,45.4213839],[28.0196622,45.422002],[28.0196318,45.4221198],[28.0196087,45.4222239],[28.0196006,45.4222666],[28.0195899,45.4223095],[28.0195879,45.422345],[28.0195819,45.4223959],[28.0195613,45.4228129],[28.0195434,45.4231626],[28.0195182,45.4236257],[28.0195146,45.4236971],[28.0195086,45.4237634],[28.0194582,45.4246109],[28.0194349,45.4250932],[28.0194325,45.4251273],[28.0194225,45.425569],[28.0194197,45.42569],[28.0193909,45.4261542],[28.0193827,45.4262651],[28.019372,45.4263279],[28.0193648,45.426361],[28.0193565,45.4263985],[28.0193432,45.4264317],[28.0193284,45.4264683],[28.0192868,45.426553],[28.019247,45.4266304],[28.0191703,45.4267487],[28.0190429,45.4269452],[28.0189738,45.4270633],[28.0189533,45.4270906],[28.0188643,45.4272252],[28.018846,45.427253],[28.0188045,45.42733],[28.0187864,45.4273863],[28.0187666,45.4274619],[28.018759,45.4275484],[28.018756,45.4276355],[28.0187432,45.4277804],[28.0187393,45.4278672],[28.0187431,45.427949],[28.0187407,45.4280445],[28.0187881,45.4285086],[28.0188045,45.4285937],[28.0188344,45.4287396],[28.0188593,45.4288539],[28.0188772,45.4289359],[28.0189129,45.4290447],[28.0190829,45.4295149],[28.0191047,45.4295786],[28.0191109,45.4295953],[28.0191524,45.4297061],[28.0192005,45.4298033],[28.0192822,45.4299346],[28.019338,45.4300198],[28.0193887,45.4301005],[28.0194813,45.4302131],[28.0195735,45.4303138],[28.0196825,45.4304194],[28.0197872,45.4305084],[28.0199037,45.4305904],[28.0200553,45.4306913],[28.0201783,45.4307647],[28.0203786,45.4308357],[28.0204291,45.4308536],[28.0206239,45.430918],[28.0207578,45.4309613],[28.0208892,45.4310009],[28.0210154,45.4310342],[28.021086,45.4310458],[28.0211824,45.4310629],[28.0213535,45.4310797],[28.0215185,45.4310941],[28.0216843,45.4311003],[28.0218358,45.4310945],[28.0220024,45.4310787],[28.0221495,45.4310553],[28.0231583,45.4308603],[28.023751,45.4307456],[28.0242553,45.4306579],[28.0244216,45.4306377],[28.0245594,45.4306461],[28.0247256,45.4306597],[28.0247849,45.4306722],[28.024872,45.4307128],[28.0249624,45.4307754],[28.0250234,45.4308448],[28.0250482,45.4309329],[28.0250626,45.431015],[28.0253761,45.4327021],[28.0254486,45.4331739],[28.0254812,45.4335455],[28.0254711,45.4337902],[28.0254684,45.4338405],[28.0254591,45.4339603],[28.0254329,45.4340699],[28.0254082,45.4341729],[28.0253606,45.4343502],[28.0253023,45.4345126],[28.0252299,45.4346773],[28.0250481,45.4349968],[28.0249041,45.4352137],[28.0239633,45.4363841],[28.0239238,45.4364373],[28.0237495,45.4366632],[28.0235622,45.4369067],[28.0227814,45.4378885],[28.0227007,45.4379809],[28.021946,45.4389493],[28.0213291,45.4397422],[28.0212804,45.4398088],[28.0212025,45.4399151],[28.0211804,45.4399757],[28.021173,45.4400817],[28.0211777,45.4401408],[28.0211896,45.4401543],[28.0213312,45.4402334],[28.0214081,45.44026],[28.0215107,45.4403],[28.0216992,45.4403174],[28.0218095,45.4403207],[28.0218919,45.4403226],[28.0219089,45.440323],[28.0227851,45.4403482],[28.0228158,45.4403491],[28.0244049,45.4404136],[28.0244897,45.4404167],[28.025218,45.4404434],[28.0255943,45.4404587],[28.0260894,45.4404826],[28.0266514,45.4405092],[28.0267196,45.4405117],[28.0276473,45.4405453],[28.0281656,45.4405679],[28.028975,45.4406091],[28.0297916,45.4406431],[28.0298499,45.4406459],[28.0300861,45.4406553],[28.0304481,45.4406703],[28.030555,45.4406757],[28.0315912,45.4407273],[28.0319578,45.4407456],[28.0320046,45.4407434],[28.0338708,45.4408407],[28.0340654,45.4408508],[28.0344396,45.4408958],[28.0349408,45.440985],[28.0353961,45.441082],[28.0356535,45.441141],[28.0359441,45.4412076],[28.0363685,45.4413049],[28.0378697,45.4416858],[28.0382599,45.4417896],[28.0384527,45.4418409],[28.0389389,45.4419703],[28.0389626,45.4419763],[28.0395314,45.4421208],[28.0403143,45.4423155],[28.0407186,45.4424153],[28.0407379,45.4424202],[28.0423119,45.4428208],[28.0427759,45.4429393],[28.0440499,45.4432667],[28.0448303,45.4434654],[28.0460483,45.4437735],[28.0462911,45.4438344],[28.0463996,45.4438482],[28.0464505,45.4438508],[28.0464876,45.4438494],[28.0465304,45.443842],[28.0465685,45.4438268],[28.0465709,45.4438258],[28.046692,45.4437583],[28.0467947,45.4436777],[28.046878,45.4435898],[28.0469203,45.4435058],[28.0471576,45.443035],[28.0472069,45.4429383],[28.0472803,45.4427945],[28.0474236,45.4425137],[28.0475386,45.442264],[28.0476766,45.4420026],[28.047828,45.4416971],[28.047889,45.4415768],[28.0479177,45.4415193],[28.04834,45.4406915],[28.0485367,45.4403027],[28.0485558,45.440265],[28.0487532,45.4398739],[28.0488987,45.4395918],[28.0489204,45.4395498],[28.0489588,45.4394801],[28.048997,45.4394066],[28.0491642,45.4390938],[28.0492902,45.4388582],[28.0494858,45.4384714],[28.0495061,45.4383796],[28.0494813,45.4382957],[28.0494435,45.4382533],[28.0493999,45.4382262],[28.0492513,45.4381952],[28.0491893,45.4381746],[28.0491739,45.4381695],[28.0491594,45.4381578],[28.0491211,45.4381271],[28.0490895,45.4380735],[28.0490814,45.4380178],[28.0490975,45.4379672],[28.0491378,45.4379171],[28.04919,45.4378835],[28.0492784,45.4378609],[28.0493657,45.4378496],[28.0494619,45.4378462]]}},{"type":"Feature","properties":{"variantId":"tb:7:v1:retur","lineId":"tram-7","mode":"tram","colour":null,"direction":"retur"},"geometry":{"type":"LineString","coordinates":[[28.0494619,45.4378462],[28.0495682,45.4378562],[28.049638,45.4378816],[28.0496546,45.437898],[28.0496876,45.4379305],[28.0497114,45.4379797],[28.0497094,45.4380587],[28.0497087,45.4380871],[28.0496393,45.4382426],[28.0496112,45.4383056],[28.0493174,45.4388668],[28.0492391,45.4390157],[28.0490614,45.4393533],[28.0490319,45.4394094],[28.0489891,45.4394886],[28.0489547,45.439556],[28.0485796,45.4402695],[28.0483682,45.4406946],[28.0482968,45.4408339],[28.0482327,45.4409591],[28.048168,45.4410854],[28.0479444,45.4415253],[28.0478527,45.4417033],[28.0478477,45.4417131],[28.0476964,45.4420067],[28.0474443,45.4425187],[28.0474053,45.4425969],[28.0471841,45.4430407],[28.047178,45.4430524],[28.0469225,45.4435471],[28.0469009,45.443589],[28.0468834,45.4436078],[28.0468488,45.443645],[28.0468071,45.4436851],[28.0467018,45.4437679],[28.0465812,45.4438365],[28.0465348,45.4438558],[28.0464939,45.4438626],[28.0464484,45.4438636],[28.0464028,45.4438598],[28.046351,45.4438544],[28.0462864,45.4438477],[28.0448239,45.4434779],[28.0440455,45.4432764],[28.0427693,45.4429524],[28.0427476,45.4429469],[28.0407303,45.4424355],[28.0407108,45.4424306],[28.0403958,45.4423518],[28.0395258,45.442134],[28.0389549,45.4419941],[28.038931,45.4419885],[28.0382744,45.4418124],[28.037862,45.4417011],[28.0377725,45.4416782],[28.0364385,45.4413361],[28.0361976,45.4412812],[28.0359424,45.4412231],[28.035658,45.4411583],[28.0353891,45.4410971],[28.0349348,45.4410008],[28.034429,45.4409095],[28.0340621,45.4408681],[28.0319552,45.4407654],[28.0315886,45.4407465],[28.0305544,45.4406932],[28.0304469,45.4406877],[28.0297908,45.4406585],[28.0292804,45.4406364],[28.0289658,45.4406228],[28.0288177,45.4406164],[28.0281763,45.4405875],[28.0281003,45.4405841],[28.0279172,45.4405758],[28.0268144,45.4405337],[28.026607,45.4405249],[28.0259047,45.4404952],[28.0257372,45.440488],[28.0256073,45.4404821],[28.0253397,45.4404688],[28.0251453,45.4404597],[28.0251343,45.4404593],[28.0248472,45.4404479],[28.024704,45.4404422],[28.0237061,45.4404027],[28.022791,45.4403668],[28.0226694,45.440362],[28.0219695,45.4403405],[28.0219081,45.4403387],[28.0217855,45.4403348],[28.0216971,45.4403321],[28.021467,45.4403384],[28.0214029,45.4403492],[28.0212817,45.4403658],[28.0212116,45.4404027],[28.0211633,45.4404612],[28.0210964,45.4405098],[28.0210146,45.4405456],[28.020923,45.4405666],[28.0208269,45.4405683],[28.0207341,45.4405563],[28.0206609,45.4405358],[28.0206093,45.4405142],[28.020575,45.4404955],[28.0205163,45.4404463],[28.0204753,45.440389],[28.0204595,45.4403511],[28.0204545,45.4402592],[28.0204779,45.4401938],[28.0205232,45.4401343],[28.0205875,45.4400842],[28.0206671,45.4400465],[28.0207573,45.4400234],[28.0208529,45.4400161],[28.0209226,45.4400187],[28.0210014,45.4399866],[28.0210824,45.4399377],[28.0211502,45.4398859],[28.0212264,45.4397909],[28.0214345,45.4395312],[28.021515,45.4394248],[28.0218945,45.4389336],[28.0227313,45.4378683],[28.0235115,45.436888],[28.0237297,45.4366116],[28.0238826,45.4364209],[28.024102,45.4361472],[28.0247216,45.4353671],[28.0248584,45.435192],[28.0249938,45.4349831],[28.0251735,45.4346613],[28.0252996,45.4343423],[28.0253506,45.4341672],[28.025372,45.4340722],[28.0253966,45.4339634],[28.0254146,45.4338426],[28.0254163,45.4337889],[28.0254297,45.4335489],[28.0254056,45.4331706],[28.0253251,45.4327076],[28.025018,45.4310145],[28.0250032,45.4309364],[28.0249831,45.4308507],[28.0249389,45.430798],[28.0248817,45.4307592],[28.0248369,45.4307349],[28.0247645,45.4307029],[28.0246666,45.4306813],[28.0245352,45.430679],[28.0244368,45.4306843],[28.0243926,45.4306904],[28.024063,45.4307425],[28.0231836,45.4308993],[28.022857,45.4309596],[28.0222714,45.4310773],[28.0221234,45.4311066],[28.0220084,45.4311263],[28.0219138,45.4311392],[28.0218034,45.4311476],[28.021691,45.4311468],[28.0215919,45.4311439],[28.0214527,45.4311441],[28.02125,45.4311282],[28.0210502,45.4311071],[28.0209353,45.4310852],[28.0208296,45.4310629],[28.0205979,45.4309852],[28.0203432,45.4308953],[28.0202889,45.4308761],[28.0201539,45.4308246],[28.0200285,45.4307557],[28.019913,45.4306917],[28.0197999,45.4306133],[28.0196932,45.4305289],[28.0195952,45.4304428],[28.0195301,45.4303828],[28.0194528,45.4302961],[28.0193959,45.4302312],[28.0193214,45.4301252],[28.0192662,45.430032],[28.0191904,45.429917],[28.0191185,45.429788],[28.01907,45.4296796],[28.0190118,45.4295626],[28.0189682,45.4294405],[28.0189341,45.4293364],[28.0188428,45.4290817],[28.0187936,45.4289004],[28.0187565,45.4287583],[28.0187325,45.4286383],[28.0187235,45.428568],[28.0187089,45.4284327],[28.0186748,45.4280049],[28.0186702,45.4278914],[28.0186697,45.4277976],[28.0186856,45.4276064],[28.0186953,45.42747],[28.0187145,45.4273642],[28.0187419,45.427287],[28.0187437,45.4272824],[28.0187778,45.4272135],[28.0188755,45.4270544],[28.0189611,45.4269267],[28.019152,45.4266431],[28.0192182,45.4265391],[28.0192531,45.4264545],[28.0192638,45.426431],[28.0192884,45.426377],[28.0193023,45.4263512],[28.0193184,45.4262613],[28.01933,45.4261662],[28.0193555,45.4257629],[28.0193628,45.4256039],[28.0193674,45.4253456],[28.019367,45.4251269],[28.0193691,45.4250921],[28.0193936,45.4245875],[28.01944,45.4237279],[28.0194423,45.423624],[28.0194805,45.4231144],[28.0194996,45.4228031],[28.0195217,45.4223106],[28.0195308,45.422259],[28.0195329,45.4222225],[28.0195517,45.4221376],[28.0197646,45.4213141],[28.0197923,45.4211844],[28.0198304,45.4210516],[28.0198686,45.4209632],[28.0199353,45.420809],[28.0199414,45.4207984],[28.0199716,45.420757],[28.0200503,45.4206481],[28.020147,45.4205493],[28.0213671,45.4193951],[28.0216367,45.4191318],[28.0223149,45.4184692],[28.0225127,45.4182816],[28.0226491,45.4181376],[28.0227657,45.4180131],[28.0228614,45.4178983],[28.0229357,45.4177914],[28.0230137,45.4176664],[28.0230445,45.4176141],[28.0232435,45.4172065],[28.0233414,45.4169572],[28.0233551,45.4168959],[28.0233517,45.4168523],[28.02335,45.4168405],[28.0233352,45.4167952],[28.0232909,45.4167332],[28.0232132,45.4166696],[28.0231545,45.4166316],[28.0225944,45.4163347],[28.0223077,45.4161925],[28.021806,45.4159098],[28.0212373,45.4156233],[28.0206931,45.415345],[28.0201179,45.4150654],[28.0196543,45.4148447],[28.0186739,45.414352],[28.0184106,45.4142215],[28.0175634,45.4137627],[28.0173094,45.4136202],[28.0167997,45.4133501],[28.016368,45.4131273],[28.0162772,45.4130693],[28.0161848,45.4130182],[28.0156032,45.412721]]}},{"type":"Feature","properties":{"variantId":"tb:39:v1:tur","lineId":"tram-39","mode":"tram","colour":null,"direction":"tur"},"geometry":{"type":"LineString","coordinates":[[28.0160035,45.4128089],[28.0161731,45.4129002],[28.0162374,45.412943],[28.0162667,45.4129725],[28.0162789,45.412991],[28.0163081,45.4130351],[28.0163309,45.4130571],[28.0163553,45.4130727],[28.0164227,45.4131129],[28.0168273,45.4133217],[28.0173419,45.4135914],[28.0175955,45.4137317],[28.0184492,45.4141823],[28.0187142,45.4143163],[28.0197072,45.4148181],[28.0201442,45.415039],[28.0207367,45.4153286],[28.0209415,45.4154346],[28.0212587,45.4155989],[28.021719,45.4158316],[28.0218263,45.4158858],[28.0226031,45.4162879],[28.0226481,45.4163112],[28.0231297,45.4165561],[28.0232204,45.4166057],[28.0232828,45.4166458],[28.0233292,45.4166833],[28.0233696,45.4167316],[28.0234019,45.4168286],[28.0234049,45.4168469],[28.0234091,45.4168807],[28.0233989,45.416951],[28.0233873,45.4170174],[28.0231679,45.4175407],[28.0231152,45.4176401],[28.0230623,45.4177287],[28.0229999,45.4178285],[28.0229303,45.4179199],[28.0228377,45.4180356],[28.0227599,45.4181222],[28.0226537,45.4182362],[28.0225647,45.4183321],[28.0223838,45.418503],[28.0218681,45.4189877],[28.0217865,45.4190661],[28.0212074,45.4196515],[28.0211746,45.4196846],[28.020667,45.4201793],[28.0203739,45.420475],[28.020258,45.4205998],[28.0201554,45.4206995],[28.0201077,45.4207497],[28.0200625,45.4208008],[28.0200268,45.4208506],[28.0199791,45.4209201],[28.0199331,45.4209959],[28.0199034,45.421075],[28.0198732,45.421162],[28.0198389,45.4212624],[28.0198052,45.4213839],[28.0196622,45.422002],[28.0196318,45.4221198],[28.0196087,45.4222239],[28.0196006,45.4222666],[28.0195899,45.4223095],[28.0195879,45.422345],[28.0195819,45.4223959],[28.0195613,45.4228129],[28.0195434,45.4231626],[28.0195182,45.4236257],[28.0195146,45.4236971],[28.0195086,45.4237634],[28.0194582,45.4246109],[28.0194349,45.4250932],[28.0194325,45.4251273],[28.0194225,45.425569],[28.0194197,45.42569],[28.0193909,45.4261542],[28.0193827,45.4262651],[28.019372,45.4263279],[28.0193648,45.426361],[28.0193565,45.4263985],[28.0193432,45.4264317],[28.0193284,45.4264683],[28.0192868,45.426553],[28.019247,45.4266304],[28.0191703,45.4267487],[28.0190429,45.4269452],[28.0189738,45.4270633],[28.0189533,45.4270906],[28.0188643,45.4272252],[28.018846,45.427253],[28.0188045,45.42733],[28.0187864,45.4273863],[28.0187666,45.4274619],[28.018759,45.4275484],[28.018756,45.4276355],[28.0187432,45.4277804],[28.0187393,45.4278672],[28.0187431,45.427949],[28.0187407,45.4280445],[28.0187881,45.4285086],[28.0188045,45.4285937],[28.0188344,45.4287396],[28.0188593,45.4288539],[28.0188772,45.4289359],[28.0189129,45.4290447],[28.0190829,45.4295149],[28.0191047,45.4295786],[28.0191109,45.4295953],[28.0191524,45.4297061],[28.0192005,45.4298033],[28.0192822,45.4299346],[28.019338,45.4300198],[28.0193887,45.4301005],[28.0194813,45.4302131],[28.0195735,45.4303138],[28.0196825,45.4304194],[28.0197872,45.4305084],[28.0199037,45.4305904],[28.0200553,45.4306913],[28.0201783,45.4307647],[28.0203786,45.4308357],[28.0204291,45.4308536],[28.0206239,45.430918],[28.0207578,45.4309613],[28.0208892,45.4310009],[28.0210154,45.4310342],[28.021086,45.4310458],[28.0211824,45.4310629],[28.0213535,45.4310797],[28.0215185,45.4310941],[28.0216843,45.4311003],[28.0218358,45.4310945],[28.0220024,45.4310787],[28.0221495,45.4310553],[28.0231583,45.4308603],[28.023751,45.4307456],[28.0242553,45.4306579],[28.0244216,45.4306377],[28.0245594,45.4306461],[28.0247256,45.4306597],[28.0247849,45.4306722],[28.024872,45.4307128],[28.0249624,45.4307754],[28.0250234,45.4308448],[28.0250482,45.4309329],[28.0250626,45.431015],[28.0253761,45.4327021],[28.0254486,45.4331739],[28.0254812,45.4335455],[28.0254711,45.4337902],[28.0254684,45.4338405],[28.0254591,45.4339603],[28.0254329,45.4340699],[28.0254082,45.4341729],[28.0253606,45.4343502],[28.0253023,45.4345126],[28.0252299,45.4346773],[28.0250481,45.4349968],[28.0249041,45.4352137],[28.0239633,45.4363841],[28.0239238,45.4364373],[28.0237495,45.4366632],[28.0235622,45.4369067],[28.0227814,45.4378885],[28.0227007,45.4379809],[28.021946,45.4389493],[28.0213291,45.4397422],[28.0212804,45.4398088],[28.0212025,45.4399151],[28.0211804,45.4399757],[28.021173,45.4400817],[28.0211777,45.4401408],[28.0211896,45.4401543],[28.0212262,45.4402134],[28.0212424,45.4402767],[28.0212375,45.4403409],[28.0212116,45.4404027],[28.0211633,45.4404612],[28.0210964,45.4405098],[28.0210146,45.4405456],[28.020923,45.4405666],[28.0208512,45.4406528],[28.0208312,45.4406729],[28.0208042,45.4407479],[28.0207989,45.4407874],[28.0208163,45.4408787],[28.0215164,45.442116],[28.0215767,45.442229],[28.0216806,45.4424148],[28.0217618,45.4425592],[28.0227341,45.4442313],[28.0229765,45.444666],[28.0230384,45.4447745],[28.0230805,45.4448492],[28.0238955,45.4462307],[28.024853,45.4479224],[28.024964,45.4481003],[28.0251239,45.4483712],[28.0251533,45.4484209],[28.0252232,45.4485452],[28.0254941,45.4490223],[28.0256267,45.4492678],[28.0256978,45.4493895],[28.0257291,45.4494289],[28.0257589,45.4494779],[28.0257719,45.4495285],[28.0257671,45.4495865],[28.0257415,45.4496424],[28.0256872,45.4496998],[28.025625,45.4497373],[28.0255464,45.4497642],[28.0254779,45.4497747],[28.0254059,45.4497774],[28.0252649,45.4498123],[28.0246542,45.4499314],[28.0238077,45.4500949],[28.0237212,45.450123],[28.0236387,45.4501867],[28.0236019,45.4502469],[28.0235842,45.4503081],[28.0235959,45.4503747],[28.0236357,45.4507224],[28.0241646,45.4545283],[28.0241787,45.4546195],[28.0242072,45.4547402],[28.0242459,45.4548068],[28.0242986,45.4548537],[28.0243444,45.45488],[28.0244648,45.4549098],[28.0245825,45.4549231],[28.0248313,45.4549366],[28.0260449,45.4550237],[28.0277963,45.4551275],[28.0281571,45.4551577],[28.0287284,45.4551949],[28.0292007,45.4552236],[28.0292907,45.4552319],[28.0297366,45.4552651],[28.0298705,45.455277],[28.0307598,45.4553407],[28.0314779,45.4553913],[28.0326868,45.4554669],[28.0339584,45.4555256],[28.0340151,45.4555261],[28.0342503,45.4555552],[28.0343519,45.4555895],[28.0344286,45.4556352],[28.0344718,45.4556718],[28.0344808,45.4556863],[28.0344963,45.4557104],[28.0345085,45.4557571],[28.0345085,45.4558048],[28.0344844,45.456086],[28.0343998,45.4569365],[28.0343289,45.4576288],[28.0342715,45.4582422],[28.0342293,45.4586935],[28.034122,45.4598979],[28.0340903,45.4602148],[28.0340698,45.4604193],[28.0340606,45.4605109],[28.0340338,45.4608308],[28.0340223,45.4609882],[28.0340131,45.4611195],[28.0339936,45.4613914],[28.0339418,45.4618739],[28.033915,45.4620258],[28.0338019,45.4626993],[28.0336697,45.4635044],[28.0335432,45.4641886],[28.0335023,45.4643931],[28.0334864,45.4644344],[28.0334752,45.4644589],[28.0334562,45.4644795],[28.0334293,45.4645027],[28.0334026,45.4645265],[28.0333684,45.4645471],[28.0333296,45.4645684],[28.0332674,45.464592],[28.0332183,45.4646067],[28.0330988,45.4646358],[28.0330481,45.4646502],[28.0330079,45.4646607],[28.0329825,45.4646673],[28.0328697,45.4647194],[28.0328108,45.4647675],[28.0327801,45.4647998],[28.0327518,45.4648454],[28.0326246,45.4651013]]}},{"type":"Feature","properties":{"variantId":"tb:39:v1:retur","lineId":"tram-39","mode":"tram","colour":null,"direction":"retur"},"geometry":{"type":"LineString","coordinates":[[28.0325432,45.4646786],[28.0326502,45.4646766],[28.0327785,45.4646647],[28.0328317,45.4646528],[28.0328759,45.4646429],[28.0329561,45.4646261],[28.0330506,45.464604],[28.0332065,45.4645603],[28.0332804,45.4645322],[28.0333413,45.4644999],[28.033383,45.4644652],[28.0334144,45.4644305],[28.0334492,45.4643825],[28.0335469,45.4638422],[28.0336053,45.4634812],[28.0336547,45.4631757],[28.0337749,45.4624048],[28.0338562,45.4619495],[28.0338593,45.461929],[28.0338718,45.4618458],[28.0338766,45.461814],[28.0339071,45.4615084],[28.0339135,45.4614266],[28.0339533,45.4609219],[28.0339536,45.4609186],[28.0340131,45.4602839],[28.0340257,45.4601603],[28.0340872,45.4595565],[28.0341424,45.4589442],[28.0341903,45.4584461],[28.0342484,45.4578399],[28.0342963,45.4573896],[28.034299,45.4573536],[28.0343283,45.4569648],[28.0343516,45.4567799],[28.0343704,45.456579],[28.0343748,45.4565389],[28.0344416,45.4558604],[28.0344453,45.4558037],[28.0344333,45.4557301],[28.0344144,45.4556965],[28.034408,45.455687],[28.0343719,45.4556533],[28.0343216,45.4556222],[28.0342702,45.4555997],[28.0342464,45.4555961],[28.034192,45.4555847],[28.0339967,45.4555708],[28.0339603,45.4555686],[28.0326857,45.4554979],[28.0321801,45.4554702],[28.0314745,45.455424],[28.0311213,45.4554009],[28.0298795,45.4553173],[28.0297283,45.4553071],[28.029475,45.4552895],[28.0292608,45.4552756],[28.0287195,45.4552378],[28.0281512,45.4551979],[28.0277986,45.4551786],[28.0277708,45.455177],[28.0277521,45.4551765],[28.0276707,45.4551716],[28.026128,45.4550661],[28.0253264,45.4550113],[28.024676,45.4549671],[28.0245796,45.4549627],[28.0244459,45.4549471],[28.0243514,45.4549276],[28.0242817,45.4548928],[28.0242254,45.4548552],[28.0241811,45.4548081],[28.0241472,45.4547593],[28.0241195,45.4546216],[28.0240779,45.4543462],[28.0239759,45.4537573],[28.0238888,45.4531355],[28.0236286,45.4512642],[28.0235675,45.4507801],[28.0235414,45.4505718],[28.0235177,45.4503763],[28.02352,45.4503103],[28.0235334,45.4502406],[28.0235709,45.4501682],[28.0236273,45.4501127],[28.023701,45.4500638],[28.0237583,45.4500426],[28.0238512,45.4500195],[28.0243474,45.4499226],[28.0246301,45.4498627],[28.0248262,45.4497834],[28.0249603,45.4496912],[28.0250397,45.4496138],[28.0250756,45.449567],[28.0251233,45.449482],[28.0251421,45.4494462],[28.025169,45.4494131],[28.0252032,45.4493835],[28.0252992,45.4492648],[28.0253654,45.4491308],[28.0253867,45.449049],[28.0253774,45.4489479],[28.0253263,45.4488289],[28.0250742,45.4483783],[28.0249127,45.4481131],[28.0248067,45.4479378],[28.0230299,45.4448633],[28.0229861,45.4447879],[28.0229254,45.4446813],[28.0217212,45.442574],[28.0216357,45.442429],[28.0215338,45.4422402],[28.0213699,45.4419431],[28.0207569,45.4408904],[28.0207099,45.440794],[28.0206686,45.4406509],[28.0206473,45.4405794],[28.0206093,45.4405142],[28.020575,45.4404955],[28.0205163,45.4404463],[28.0204753,45.440389],[28.0204595,45.4403511],[28.0204545,45.4402592],[28.0204779,45.4401938],[28.0205232,45.4401343],[28.0205875,45.4400842],[28.0206671,45.4400465],[28.0207573,45.4400234],[28.0208529,45.4400161],[28.0209226,45.4400187],[28.0210014,45.4399866],[28.0210824,45.4399377],[28.0211502,45.4398859],[28.0212264,45.4397909],[28.0214345,45.4395312],[28.021515,45.4394248],[28.0218945,45.4389336],[28.0227313,45.4378683],[28.0235115,45.436888],[28.0237297,45.4366116],[28.0238826,45.4364209],[28.024102,45.4361472],[28.0247216,45.4353671],[28.0248584,45.435192],[28.0249938,45.4349831],[28.0251735,45.4346613],[28.0252996,45.4343423],[28.0253506,45.4341672],[28.025372,45.4340722],[28.0253966,45.4339634],[28.0254146,45.4338426],[28.0254163,45.4337889],[28.0254297,45.4335489],[28.0254056,45.4331706],[28.0253251,45.4327076],[28.025018,45.4310145],[28.0250032,45.4309364],[28.0249831,45.4308507],[28.0249389,45.430798],[28.0248817,45.4307592],[28.0248369,45.4307349],[28.0247645,45.4307029],[28.0246666,45.4306813],[28.0245352,45.430679],[28.0244368,45.4306843],[28.0243926,45.4306904],[28.024063,45.4307425],[28.0231836,45.4308993],[28.022857,45.4309596],[28.0222714,45.4310773],[28.0221234,45.4311066],[28.0220084,45.4311263],[28.0219138,45.4311392],[28.0218034,45.4311476],[28.021691,45.4311468],[28.0215919,45.4311439],[28.0214527,45.4311441],[28.02125,45.4311282],[28.0210502,45.4311071],[28.0209353,45.4310852],[28.0208296,45.4310629],[28.0205979,45.4309852],[28.0203432,45.4308953],[28.0202889,45.4308761],[28.0201539,45.4308246],[28.0200285,45.4307557],[28.019913,45.4306917],[28.0197999,45.4306133],[28.0196932,45.4305289],[28.0195952,45.4304428],[28.0195301,45.4303828],[28.0194528,45.4302961],[28.0193959,45.4302312],[28.0193214,45.4301252],[28.0192662,45.430032],[28.0191904,45.429917],[28.0191185,45.429788],[28.01907,45.4296796],[28.0190118,45.4295626],[28.0189682,45.4294405],[28.0189341,45.4293364],[28.0188428,45.4290817],[28.0187936,45.4289004],[28.0187565,45.4287583],[28.0187325,45.4286383],[28.0187235,45.428568],[28.0187089,45.4284327],[28.0186748,45.4280049],[28.0186702,45.4278914],[28.0186697,45.4277976],[28.0186856,45.4276064],[28.0186953,45.42747],[28.0187145,45.4273642],[28.0187419,45.427287],[28.0187437,45.4272824],[28.0187778,45.4272135],[28.0188755,45.4270544],[28.0189611,45.4269267],[28.019152,45.4266431],[28.0192182,45.4265391],[28.0192531,45.4264545],[28.0192638,45.426431],[28.0192884,45.426377],[28.0193023,45.4263512],[28.0193184,45.4262613],[28.01933,45.4261662],[28.0193555,45.4257629],[28.0193628,45.4256039],[28.0193674,45.4253456],[28.019367,45.4251269],[28.0193691,45.4250921],[28.0193936,45.4245875],[28.01944,45.4237279],[28.0194423,45.423624],[28.0194805,45.4231144],[28.0194996,45.4228031],[28.0195217,45.4223106],[28.0195308,45.422259],[28.0195329,45.4222225],[28.0195517,45.4221376],[28.0197646,45.4213141],[28.0197923,45.4211844],[28.0198304,45.4210516],[28.0198686,45.4209632],[28.0199353,45.420809],[28.0199414,45.4207984],[28.0199716,45.420757],[28.0200503,45.4206481],[28.020147,45.4205493],[28.0213671,45.4193951],[28.0216367,45.4191318],[28.0223149,45.4184692],[28.0225127,45.4182816],[28.0226491,45.4181376],[28.0227657,45.4180131],[28.0228614,45.4178983],[28.0229357,45.4177914],[28.0230137,45.4176664],[28.0230445,45.4176141],[28.0232435,45.4172065],[28.0233414,45.4169572],[28.0233551,45.4168959],[28.0233517,45.4168523],[28.02335,45.4168405],[28.0233352,45.4167952],[28.0232909,45.4167332],[28.0232132,45.4166696],[28.0231545,45.4166316],[28.0225944,45.4163347],[28.0223077,45.4161925],[28.021806,45.4159098],[28.0212373,45.4156233],[28.0206931,45.415345],[28.0201179,45.4150654],[28.0196543,45.4148447],[28.0186739,45.414352],[28.0184106,45.4142215],[28.0175634,45.4137627],[28.0173094,45.4136202],[28.0167997,45.4133501],[28.016368,45.4131273],[28.0162772,45.4130693],[28.0161848,45.4130182],[28.0156032,45.412721]]}},{"type":"Feature","properties":{"variantId":"tb:39B:v1:tur","lineId":"tram-39B","mode":"tram","colour":null,"direction":"tur"},"geometry":{"type":"LineString","coordinates":[[28.0361808,45.4652382],[28.0360933,45.4652602],[28.0360313,45.465265],[28.0359292,45.4652631],[28.0358647,45.4652608],[28.0358657,45.4652924],[28.0358609,45.465324],[28.035843,45.4653505],[28.0358251,45.465373],[28.035794,45.465394],[28.0357649,45.4654083],[28.0357299,45.4654186],[28.0356633,45.4654247],[28.0355976,45.4654148],[28.0355406,45.4653899],[28.0355073,45.465363],[28.0354849,45.465331],[28.035475,45.465296],[28.0354782,45.4652604],[28.0353264,45.465194],[28.03526,45.4651742],[28.034911,45.4650875],[28.0345331,45.4650002],[28.0342086,45.4648958],[28.0338072,45.4648051],[28.033546,45.4647378],[28.0334376,45.4647093],[28.0334109,45.4647047],[28.0333899,45.4647572],[28.0333655,45.464795],[28.0333361,45.4648313],[28.0332612,45.4649118],[28.0328989,45.4652919],[28.032736,45.4654419],[28.0326135,45.4655549],[28.0325195,45.465627],[28.0324365,45.4656732],[28.0323702,45.4656909],[28.0323445,45.4656922],[28.0322488,45.4656946],[28.0320461,45.4656887],[28.0311596,45.4656778],[28.0311404,45.4656772],[28.0304774,45.4656688],[28.0302737,45.4656662],[28.0289173,45.4656491],[28.0285032,45.4656436],[28.0282995,45.4656412],[28.0281347,45.4656392],[28.0269235,45.4656238],[28.0264901,45.4656183],[28.0248197,45.4655971],[28.0239457,45.4655868],[28.0231948,45.4655765],[28.023097,45.4655753],[28.0225874,45.4655688],[28.0221222,45.4655654],[28.0216035,45.4655588],[28.0205264,45.4655435],[28.0203789,45.4655414],[28.0203313,45.4655403],[28.0203329,45.4655077],[28.0203319,45.4654059],[28.020301,45.4643386],[28.0202776,45.4635313],[28.0203358,45.4619183]]}},{"type":"Feature","properties":{"variantId":"tb:39B:v1:retur","lineId":"tram-39B","mode":"tram","colour":null,"direction":"retur"},"geometry":{"type":"LineString","coordinates":[[28.0203358,45.4619183],[28.0202776,45.4635313],[28.020301,45.4643386],[28.0203319,45.4654059],[28.0203329,45.4655077],[28.0203313,45.4655403],[28.0203789,45.4655414],[28.0205264,45.4655435],[28.0216035,45.4655588],[28.0221222,45.4655654],[28.0225874,45.4655688],[28.023097,45.4655753],[28.0231948,45.4655765],[28.0239457,45.4655868],[28.0248197,45.4655971],[28.0264901,45.4656183],[28.0269235,45.4656238],[28.0281347,45.4656392],[28.0282995,45.4656412],[28.0285032,45.4656436],[28.0289173,45.4656491],[28.0302737,45.4656662],[28.0304774,45.4656688],[28.0311404,45.4656772],[28.0311596,45.4656778],[28.0320461,45.4656887],[28.0322488,45.4656946],[28.0323445,45.4656922],[28.0323702,45.4656909],[28.0324365,45.4656732],[28.0325195,45.465627],[28.0326135,45.4655549],[28.032736,45.4654419],[28.0328989,45.4652919],[28.0332612,45.4649118],[28.0333361,45.4648313],[28.0333655,45.464795],[28.0333899,45.4647572],[28.0334109,45.4647047],[28.0334376,45.4647093],[28.033546,45.4647378],[28.0338072,45.4648051],[28.0342086,45.4648958],[28.0346176,45.4649569],[28.0351467,45.4650656],[28.035292,45.4651043],[28.0354183,45.4651369],[28.0355626,45.4651717],[28.0356199,45.4651536],[28.0356823,45.465149],[28.0357613,45.4650588],[28.0358892,45.4648824],[28.0360001,45.4647362],[28.0360194,45.4647012],[28.0360392,45.4646654],[28.0362074,45.464727],[28.0363015,45.4647914],[28.0363545,45.4648487],[28.0363831,45.4649059],[28.0363945,45.4649688],[28.0363937,45.4650261],[28.0363758,45.4650921],[28.0363295,45.4651553],[28.0362592,45.465201],[28.0361808,45.4652382]]}},{"type":"Feature","properties":{"variantId":"tb:44:v1:tur","lineId":"tram-44","mode":"tram","colour":null,"direction":"tur"},"geometry":{"type":"LineString","coordinates":[[28.0286505,45.4554757],[28.0281746,45.4553158],[28.0281391,45.4553014],[28.0279509,45.4552251],[28.0278616,45.4551954],[28.0277988,45.4551825],[28.0277708,45.455177],[28.0277521,45.4551765],[28.0276707,45.4551716],[28.026128,45.4550661],[28.0253264,45.4550113],[28.024676,45.4549671],[28.0245796,45.4549627],[28.0244459,45.4549471],[28.0243514,45.4549276],[28.0242817,45.4548928],[28.0242254,45.4548552],[28.0241811,45.4548081],[28.0241472,45.4547593],[28.0241195,45.4546216],[28.0240779,45.4543462],[28.0239759,45.4537573],[28.0238888,45.4531355],[28.0236286,45.4512642],[28.0235675,45.4507801],[28.0235414,45.4505718],[28.0235177,45.4503763],[28.02352,45.4503103],[28.0235334,45.4502406],[28.0235709,45.4501682],[28.0236273,45.4501127],[28.023701,45.4500638],[28.0237583,45.4500426],[28.0238512,45.4500195],[28.0243474,45.4499226],[28.0246301,45.4498627],[28.0248262,45.4497834],[28.0249603,45.4496912],[28.0250397,45.4496138],[28.0250756,45.449567],[28.0251233,45.449482],[28.0251421,45.4494462],[28.025169,45.4494131],[28.0252032,45.4493835],[28.0252992,45.4492648],[28.0253654,45.4491308],[28.0253867,45.449049],[28.0253774,45.4489479],[28.0253263,45.4488289],[28.0250742,45.4483783],[28.0249127,45.4481131],[28.0248067,45.4479378],[28.0230299,45.4448633],[28.0229861,45.4447879],[28.0229254,45.4446813],[28.0217212,45.442574],[28.0216357,45.442429],[28.0215338,45.4422402],[28.0213699,45.4419431],[28.0207569,45.4408904],[28.0207099,45.440794],[28.0206686,45.4406509],[28.0206473,45.4405794],[28.0206093,45.4405142],[28.020575,45.4404955],[28.0205163,45.4404463],[28.0204753,45.440389],[28.0204595,45.4403511],[28.0204545,45.4402592],[28.0204779,45.4401938],[28.0205232,45.4401343],[28.0205875,45.4400842],[28.0206671,45.4400465],[28.0207573,45.4400234],[28.0208529,45.4400161],[28.0209226,45.4400187],[28.0210373,45.4400502],[28.0211154,45.4400895],[28.0211777,45.4401408],[28.0211896,45.4401543],[28.0213312,45.4402334],[28.0214081,45.44026],[28.0215107,45.4403],[28.0216992,45.4403174],[28.0218095,45.4403207],[28.0218919,45.4403226],[28.0219089,45.440323],[28.0227851,45.4403482],[28.0228158,45.4403491],[28.0244049,45.4404136],[28.0244897,45.4404167],[28.025218,45.4404434],[28.0255943,45.4404587],[28.0260894,45.4404826],[28.0266514,45.4405092],[28.0267196,45.4405117],[28.0276473,45.4405453],[28.0281656,45.4405679],[28.028975,45.4406091],[28.0297916,45.4406431],[28.0298499,45.4406459],[28.0300861,45.4406553],[28.0304481,45.4406703],[28.030555,45.4406757],[28.0315912,45.4407273],[28.0319578,45.4407456],[28.0320046,45.4407434],[28.0338708,45.4408407],[28.0340654,45.4408508],[28.0344396,45.4408958],[28.0349408,45.440985],[28.0353961,45.441082],[28.0356535,45.441141],[28.0359441,45.4412076],[28.0363685,45.4413049],[28.0378697,45.4416858],[28.0382599,45.4417896],[28.0384527,45.4418409],[28.0389389,45.4419703],[28.0389626,45.4419763],[28.0395314,45.4421208],[28.0403143,45.4423155],[28.0407186,45.4424153],[28.0407379,45.4424202],[28.0423119,45.4428208],[28.0427759,45.4429393],[28.0440499,45.4432667],[28.0448303,45.4434654],[28.0460483,45.4437735],[28.0462911,45.4438344],[28.0463996,45.4438482],[28.0464505,45.4438508],[28.0464876,45.4438494],[28.0465304,45.443842],[28.0465685,45.4438268],[28.0465709,45.4438258],[28.046692,45.4437583],[28.0467947,45.4436777],[28.046878,45.4435898],[28.0469203,45.4435058],[28.0471576,45.443035],[28.0472069,45.4429383],[28.0472803,45.4427945],[28.0474236,45.4425137],[28.0475386,45.442264],[28.0476766,45.4420026],[28.047828,45.4416971],[28.047889,45.4415768],[28.0479177,45.4415193],[28.04834,45.4406915],[28.0485367,45.4403027],[28.0485558,45.440265],[28.0487532,45.4398739],[28.0488987,45.4395918],[28.0489204,45.4395498],[28.0489588,45.4394801],[28.048997,45.4394066],[28.0491642,45.4390938],[28.0492902,45.4388582],[28.0494858,45.4384714],[28.0495061,45.4383796],[28.0494813,45.4382957],[28.0494435,45.4382533],[28.0493999,45.4382262],[28.0492513,45.4381952],[28.0491893,45.4381746],[28.0491739,45.4381695],[28.0491594,45.4381578],[28.0491211,45.4381271],[28.0490895,45.4380735],[28.0490814,45.4380178],[28.0490975,45.4379672],[28.0491378,45.4379171],[28.04919,45.4378835],[28.0492784,45.4378609],[28.0493657,45.4378496],[28.0494619,45.4378462]]}},{"type":"Feature","properties":{"variantId":"tb:44:v1:retur","lineId":"tram-44","mode":"tram","colour":null,"direction":"retur"},"geometry":{"type":"LineString","coordinates":[[28.0494619,45.4378462],[28.0495682,45.4378562],[28.049638,45.4378816],[28.0496546,45.437898],[28.0496876,45.4379305],[28.0497114,45.4379797],[28.0497094,45.4380587],[28.0497087,45.4380871],[28.0496393,45.4382426],[28.0496112,45.4383056],[28.0493174,45.4388668],[28.0492391,45.4390157],[28.0490614,45.4393533],[28.0490319,45.4394094],[28.0489891,45.4394886],[28.0489547,45.439556],[28.0485796,45.4402695],[28.0483682,45.4406946],[28.0482968,45.4408339],[28.0482327,45.4409591],[28.048168,45.4410854],[28.0479444,45.4415253],[28.0478527,45.4417033],[28.0478477,45.4417131],[28.0476964,45.4420067],[28.0474443,45.4425187],[28.0474053,45.4425969],[28.0471841,45.4430407],[28.047178,45.4430524],[28.0469225,45.4435471],[28.0469009,45.443589],[28.0468834,45.4436078],[28.0468488,45.443645],[28.0468071,45.4436851],[28.0467018,45.4437679],[28.0465812,45.4438365],[28.0465348,45.4438558],[28.0464939,45.4438626],[28.0464484,45.4438636],[28.0464028,45.4438598],[28.046351,45.4438544],[28.0462864,45.4438477],[28.0448239,45.4434779],[28.0440455,45.4432764],[28.0427693,45.4429524],[28.0427476,45.4429469],[28.0407303,45.4424355],[28.0407108,45.4424306],[28.0403958,45.4423518],[28.0395258,45.442134],[28.0389549,45.4419941],[28.038931,45.4419885],[28.0382744,45.4418124],[28.037862,45.4417011],[28.0377725,45.4416782],[28.0364385,45.4413361],[28.0361976,45.4412812],[28.0359424,45.4412231],[28.035658,45.4411583],[28.0353891,45.4410971],[28.0349348,45.4410008],[28.034429,45.4409095],[28.0340621,45.4408681],[28.0319552,45.4407654],[28.0315886,45.4407465],[28.0305544,45.4406932],[28.0304469,45.4406877],[28.0297908,45.4406585],[28.0292804,45.4406364],[28.0289658,45.4406228],[28.0288177,45.4406164],[28.0281763,45.4405875],[28.0281003,45.4405841],[28.0279172,45.4405758],[28.0268144,45.4405337],[28.026607,45.4405249],[28.0259047,45.4404952],[28.0257372,45.440488],[28.0256073,45.4404821],[28.0253397,45.4404688],[28.0251453,45.4404597],[28.0251343,45.4404593],[28.0248472,45.4404479],[28.024704,45.4404422],[28.0237061,45.4404027],[28.022791,45.4403668],[28.0226694,45.440362],[28.0219695,45.4403405],[28.0219081,45.4403387],[28.0217855,45.4403348],[28.0216971,45.4403321],[28.021467,45.4403384],[28.0214029,45.4403492],[28.0212817,45.4403658],[28.0212116,45.4404027],[28.0211633,45.4404612],[28.0210964,45.4405098],[28.0210146,45.4405456],[28.020923,45.4405666],[28.0208512,45.4406528],[28.0208312,45.4406729],[28.0208042,45.4407479],[28.0207989,45.4407874],[28.0208163,45.4408787],[28.0215164,45.442116],[28.0215767,45.442229],[28.0216806,45.4424148],[28.0217618,45.4425592],[28.0227341,45.4442313],[28.0229765,45.444666],[28.0230384,45.4447745],[28.0230805,45.4448492],[28.0238955,45.4462307],[28.024853,45.4479224],[28.024964,45.4481003],[28.0251239,45.4483712],[28.0251533,45.4484209],[28.0252232,45.4485452],[28.0254941,45.4490223],[28.0256267,45.4492678],[28.0256978,45.4493895],[28.0257291,45.4494289],[28.0257589,45.4494779],[28.0257719,45.4495285],[28.0257671,45.4495865],[28.0257415,45.4496424],[28.0256872,45.4496998],[28.025625,45.4497373],[28.0255464,45.4497642],[28.0254779,45.4497747],[28.0254059,45.4497774],[28.0252649,45.4498123],[28.0246542,45.4499314],[28.0238077,45.4500949],[28.0237212,45.450123],[28.0236387,45.4501867],[28.0236019,45.4502469],[28.0235842,45.4503081],[28.0235959,45.4503747],[28.0236357,45.4507224],[28.0241646,45.4545283],[28.0241787,45.4546195],[28.0242072,45.4547402],[28.0242459,45.4548068],[28.0242986,45.4548537],[28.0243444,45.45488],[28.0244648,45.4549098],[28.0245825,45.4549231],[28.0248313,45.4549366],[28.0260449,45.4550237],[28.0277963,45.4551275],[28.0281571,45.4551577],[28.0287284,45.4551949],[28.0292007,45.4552236],[28.0292907,45.4552319],[28.0293913,45.4552557],[28.0294418,45.455272],[28.029475,45.4552895],[28.0295142,45.4553282],[28.0295299,45.4553709],[28.0295348,45.4554083],[28.0295357,45.4554513],[28.0295259,45.4554917],[28.0295047,45.4555405],[28.0294477,45.4555887],[28.0293863,45.4556196],[28.0293062,45.4556417],[28.0292317,45.4556483],[28.0291505,45.4556417],[28.0290993,45.4556301],[28.0289372,45.4555783],[28.0286505,45.4554757]]}},{"type":"Feature","properties":{"variantId":"tb:102:v1:tur","lineId":"trolleybus-102","mode":"trolleybus","colour":null,"direction":"tur"},"geometry":{"type":"LineString","coordinates":[[28.0125175,45.4133351],[28.012287,45.4133998],[28.0122622,45.4133879],[28.0122066,45.4133563],[28.0121777,45.41334],[28.0118517,45.4131644],[28.0117213,45.4132872],[28.0112873,45.4136957],[28.0109104,45.4140778],[28.0103277,45.4146566],[28.0097581,45.4152224],[28.0096507,45.4153291],[28.0099175,45.4154656],[28.0099805,45.4154978],[28.0101576,45.4155884],[28.0104936,45.4157603],[28.0120151,45.4165387],[28.0124168,45.4167442],[28.0125033,45.4167902],[28.0129777,45.4170326],[28.01303,45.4170579],[28.0131058,45.4170967],[28.0132059,45.4171499],[28.0132823,45.417187],[28.01548,45.4183113],[28.0156357,45.4183909],[28.015768,45.4184586],[28.0169293,45.4190524],[28.0170418,45.4191103],[28.0172984,45.4192415],[28.0174432,45.4193156],[28.0175811,45.4193861],[28.0176894,45.4194413],[28.0181059,45.4196546],[28.0182724,45.4197398],[28.0188561,45.4200384],[28.0198069,45.4205312],[28.0199753,45.4206118],[28.0200503,45.4206481],[28.0201084,45.4206763],[28.0201554,45.4206995],[28.0202392,45.4207439],[28.0202519,45.4207505],[28.0205747,45.4209097],[28.0206381,45.420939],[28.0208291,45.4210445],[28.0210199,45.4211561],[28.0211811,45.4212626],[28.0213151,45.4213658],[28.0215152,45.4215835],[28.0217156,45.4218477],[28.0218219,45.4220312],[28.021913,45.4222617],[28.02202,45.4226125],[28.0224223,45.4239201],[28.0226133,45.4245552],[28.0227487,45.4249819],[28.0228233,45.425215],[28.0228788,45.4253705],[28.0229621,45.4256059],[28.0230234,45.4257567],[28.023159,45.4259949],[28.0232936,45.4261716],[28.0233293,45.4262245],[28.0234554,45.4263888],[28.0235871,45.4265445],[28.0238328,45.4268488],[28.0239297,45.4268938],[28.0239998,45.4269213],[28.0240943,45.4269582],[28.0242475,45.4270193],[28.0242786,45.4270115],[28.0244688,45.4270036],[28.0246429,45.4270354],[28.0247979,45.4271143],[28.0249128,45.4272083],[28.0251697,45.4273556],[28.0252666,45.4273963],[28.0253815,45.4274399],[28.0255359,45.4274789],[28.0265762,45.427571],[28.0270357,45.4276129],[28.0281,45.4277056],[28.0284674,45.4277393],[28.0289472,45.4277833],[28.0290263,45.4277903],[28.0292984,45.4278151],[28.0309613,45.4279684],[28.0311825,45.4279929],[28.0314927,45.4280175],[28.0353141,45.428346],[28.0369098,45.4284868],[28.0371949,45.4285161],[28.0373748,45.4285362],[28.0375461,45.4285541],[28.0379401,45.4285847],[28.0387086,45.4286585],[28.0390974,45.4287007],[28.0395987,45.4287704],[28.0403058,45.4288752],[28.0407123,45.4289354],[28.0408781,45.4289649],[28.041473,45.4290717],[28.0419267,45.4291697],[28.0423923,45.4292973],[28.0427346,45.4294003],[28.0430547,45.4295029],[28.0446786,45.4300455],[28.045163,45.4302013],[28.045369,45.4302772],[28.0455034,45.4303254],[28.0456426,45.4303869],[28.045786,45.430453],[28.0461448,45.4306111],[28.0464341,45.4307468],[28.0470013,45.4310488],[28.0471024,45.4311055],[28.0485385,45.4319507],[28.0488505,45.4321384],[28.0491374,45.4322998],[28.0493834,45.4324275],[28.0496332,45.4325422],[28.0496728,45.4325573],[28.050355,45.4328297],[28.0505735,45.4329164],[28.0509539,45.4330895],[28.0510428,45.4331135],[28.0515737,45.4332764],[28.0517046,45.4333186],[28.0519065,45.4333888],[28.0520717,45.4334422],[28.0521405,45.4334666],[28.0522457,45.4335039],[28.0528546,45.4337197],[28.05298,45.4337432],[28.0531315,45.4337629],[28.0532992,45.4337787],[28.0535555,45.4337882],[28.0537122,45.433791],[28.054031,45.4337868],[28.054156,45.4337728],[28.0542928,45.4337528],[28.0547899,45.4336859],[28.0550249,45.4336549],[28.0552469,45.4336346],[28.0552935,45.4339162],[28.0554862,45.4348177],[28.0555068,45.4349136],[28.0556288,45.4354438],[28.0556428,45.4355025],[28.0556746,45.4356414],[28.0557002,45.435734],[28.0557398,45.4358679],[28.0557792,45.436008],[28.0558151,45.4361357],[28.0558802,45.4363702],[28.055898,45.4364352],[28.0559714,45.4366743],[28.0561252,45.4371576],[28.0561866,45.4373285],[28.0562985,45.4379644],[28.0564099,45.4386215],[28.0564401,45.4388363],[28.056465,45.4389825],[28.0564876,45.4392663],[28.0564907,45.4393779],[28.0564904,45.4394816],[28.0564778,45.439695],[28.0564527,45.4398626],[28.0563606,45.4404423],[28.0563443,45.4406122],[28.0563391,45.440654],[28.0563105,45.4408424],[28.0563045,45.4408712],[28.0562381,45.4411617],[28.0561851,45.4413293],[28.05618,45.4413462],[28.0560128,45.4419776],[28.0559376,45.4422393],[28.0559106,45.4423518],[28.0558887,45.4424574],[28.0558668,45.4425479],[28.0558374,45.4426604],[28.0557493,45.4429909],[28.0556772,45.4432343],[28.0555763,45.4435656],[28.0554642,45.4438609],[28.0554319,45.4439477],[28.055396,45.4440415],[28.0553467,45.4441774],[28.0550735,45.4447807],[28.0549287,45.4451187],[28.0548136,45.4453938],[28.0546052,45.4459096],[28.0545992,45.4459229],[28.054593,45.4459354],[28.0543707,45.4463384],[28.0541246,45.4467371],[28.0540519,45.4468567],[28.0535495,45.4476588],[28.053285,45.4480908],[28.0532223,45.4481955],[28.0531047,45.448391],[28.0530205,45.4485373],[28.0527225,45.4490129],[28.0523689,45.4495534],[28.0521788,45.4498745],[28.0521194,45.449977],[28.0520816,45.4500393],[28.0518692,45.4503784],[28.0516449,45.450743],[28.0515411,45.4509183],[28.0513126,45.4513057],[28.0513069,45.4513154],[28.0512802,45.4514957],[28.0512605,45.4515677],[28.0512403,45.4515926],[28.0512042,45.4516314],[28.0511751,45.4516647],[28.0510403,45.4517643],[28.0510326,45.4517758],[28.050747,45.4522345],[28.0504695,45.452673],[28.0502969,45.4529548],[28.0501379,45.4532051],[28.0499694,45.4534678],[28.0498321,45.4536958],[28.0497689,45.4538054],[28.0496525,45.4539948],[28.0495145,45.4542299],[28.0494451,45.4543405],[28.0493992,45.4544166],[28.049099,45.4549119],[28.048419,45.456032],[28.0480289,45.4566484],[28.0479496,45.4567769],[28.0478562,45.4569388],[28.0478184,45.4569967],[28.0476546,45.4572662],[28.047449,45.4576209],[28.0472101,45.4580313],[28.0471607,45.4581122],[28.0468876,45.4585672],[28.0467507,45.4587955],[28.0466603,45.4589465],[28.0464803,45.4592584],[28.0461121,45.4599068],[28.0458472,45.4603931],[28.0455925,45.4608759],[28.0453725,45.4612881],[28.0452174,45.4615826],[28.0451678,45.4616781],[28.0449791,45.4620364],[28.0447961,45.4623917],[28.0446739,45.4626344],[28.0445872,45.4627679],[28.0445144,45.4628477],[28.0444252,45.4629307],[28.0443433,45.4629851],[28.0442427,45.4630396],[28.0441386,45.4630902],[28.0440147,45.4631501],[28.0437351,45.4632792],[28.0435738,45.4633538],[28.042413,45.4638849],[28.0422835,45.4639208],[28.0421554,45.4639368],[28.04205,45.4639345],[28.0419058,45.4639146],[28.0417872,45.4638815],[28.0407901,45.4635754],[28.0390068,45.463045],[28.0374263,45.4625825],[28.0373066,45.462548],[28.0371824,45.4625118],[28.0370854,45.4626883],[28.0369,45.4630198],[28.0368919,45.4630359],[28.036105,45.4645387],[28.0360392,45.4646654],[28.0362074,45.464727],[28.0363015,45.4647914],[28.0363545,45.4648487],[28.0363831,45.4649059],[28.0363945,45.4649688],[28.0363937,45.4650261],[28.0363758,45.4650921],[28.0363295,45.4651553],[28.0362592,45.465201],[28.0361808,45.4652382]]}},{"type":"Feature","properties":{"variantId":"tb:102:v1:retur","lineId":"trolleybus-102","mode":"trolleybus","colour":null,"direction":"retur"},"geometry":{"type":"LineString","coordinates":[[28.0361808,45.4652382],[28.0360933,45.4652602],[28.0360313,45.465265],[28.0359292,45.4652631],[28.0358647,45.4652608],[28.0358657,45.4652924],[28.0358609,45.465324],[28.035843,45.4653505],[28.0358251,45.465373],[28.035794,45.465394],[28.0357649,45.4654083],[28.0357299,45.4654186],[28.0356633,45.4654247],[28.0355976,45.4654148],[28.0355406,45.4653899],[28.0355073,45.465363],[28.0354849,45.465331],[28.035475,45.465296],[28.0354782,45.4652604],[28.0354947,45.4652259],[28.0355235,45.4651957],[28.0355626,45.4651717],[28.0356199,45.4651536],[28.0356823,45.465149],[28.0357613,45.4650588],[28.0358892,45.4648824],[28.0360001,45.4647362],[28.0360194,45.4647012],[28.0360392,45.4646654],[28.036105,45.4645387],[28.0368919,45.4630359],[28.0369,45.4630198],[28.0370854,45.4626883],[28.0371824,45.4625118],[28.0373066,45.462548],[28.0374263,45.4625825],[28.0390068,45.463045],[28.0407901,45.4635754],[28.0417872,45.4638815],[28.0419058,45.4639146],[28.04205,45.4639345],[28.0421554,45.4639368],[28.0422835,45.4639208],[28.042413,45.4638849],[28.0435738,45.4633538],[28.0437351,45.4632792],[28.0440147,45.4631501],[28.0441386,45.4630902],[28.0442427,45.4630396],[28.0443433,45.4629851],[28.0444252,45.4629307],[28.0445144,45.4628477],[28.0445872,45.4627679],[28.0446739,45.4626344],[28.0447961,45.4623917],[28.0449791,45.4620364],[28.0451678,45.4616781],[28.0452174,45.4615826],[28.0453725,45.4612881],[28.0455925,45.4608759],[28.0458472,45.4603931],[28.0461121,45.4599068],[28.0464803,45.4592584],[28.0466603,45.4589465],[28.0467507,45.4587955],[28.0468876,45.4585672],[28.0471607,45.4581122],[28.0472101,45.4580313],[28.047449,45.4576209],[28.0476546,45.4572662],[28.0478184,45.4569967],[28.0478562,45.4569388],[28.0479496,45.4567769],[28.0480289,45.4566484],[28.048419,45.456032],[28.049099,45.4549119],[28.0493992,45.4544166],[28.0494451,45.4543405],[28.0495145,45.4542299],[28.0496525,45.4539948],[28.0497689,45.4538054],[28.0498321,45.4536958],[28.0499694,45.4534678],[28.0501379,45.4532051],[28.0502969,45.4529548],[28.0504695,45.452673],[28.050747,45.4522345],[28.0510326,45.4517758],[28.0510403,45.4517643],[28.0510361,45.4516615],[28.0510491,45.4515951],[28.0510744,45.4515209],[28.0511444,45.4514401],[28.0513069,45.4513154],[28.0513126,45.4513057],[28.0515411,45.4509183],[28.0516449,45.450743],[28.0518692,45.4503784],[28.0520816,45.4500393],[28.0521194,45.449977],[28.0521788,45.4498745],[28.0523689,45.4495534],[28.0527225,45.4490129],[28.0530205,45.4485373],[28.0531047,45.448391],[28.0532223,45.4481955],[28.053285,45.4480908],[28.0535495,45.4476588],[28.0540519,45.4468567],[28.0541246,45.4467371],[28.0543707,45.4463384],[28.054593,45.4459354],[28.0545992,45.4459229],[28.0546052,45.4459096],[28.0548136,45.4453938],[28.0549287,45.4451187],[28.0550735,45.4447807],[28.0553467,45.4441774],[28.055396,45.4440415],[28.0554319,45.4439477],[28.0554642,45.4438609],[28.0555763,45.4435656],[28.0556772,45.4432343],[28.0557493,45.4429909],[28.0558374,45.4426604],[28.0558668,45.4425479],[28.0558887,45.4424574],[28.0559106,45.4423518],[28.0559376,45.4422393],[28.0560128,45.4419776],[28.05618,45.4413462],[28.0561851,45.4413293],[28.0562381,45.4411617],[28.0563045,45.4408712],[28.0563105,45.4408424],[28.0563391,45.440654],[28.0563443,45.4406122],[28.0563606,45.4404423],[28.0564527,45.4398626],[28.0564778,45.439695],[28.0564904,45.4394816],[28.0564907,45.4393779],[28.0564876,45.4392663],[28.056465,45.4389825],[28.0564401,45.4388363],[28.0564099,45.4386215],[28.0562985,45.4379644],[28.0561866,45.4373285],[28.0561252,45.4371576],[28.0559714,45.4366743],[28.055898,45.4364352],[28.0558802,45.4363702],[28.0558151,45.4361357],[28.0557792,45.436008],[28.0557398,45.4358679],[28.0557002,45.435734],[28.0556746,45.4356414],[28.0556428,45.4355025],[28.0556288,45.4354438],[28.0555068,45.4349136],[28.0553474,45.434933],[28.0550842,45.4349641],[28.0548837,45.4349786],[28.0546193,45.4349395],[28.0544335,45.4348828],[28.0543104,45.434825],[28.0542156,45.4347623],[28.0541025,45.434698],[28.0540168,45.4346277],[28.0540719,45.4345188],[28.0540931,45.4344258],[28.0540735,45.434208],[28.0540469,45.433939],[28.054031,45.4337868],[28.0537122,45.433791],[28.0535555,45.4337882],[28.0532992,45.4337787],[28.0531315,45.4337629],[28.05298,45.4337432],[28.0528546,45.4337197],[28.0522457,45.4335039],[28.0521405,45.4334666],[28.0520717,45.4334422],[28.0519065,45.4333888],[28.0517046,45.4333186],[28.0515737,45.4332764],[28.0510428,45.4331135],[28.0509539,45.4330895],[28.0504333,45.4329623],[28.0499882,45.4328328],[28.0497071,45.4327461],[28.0495043,45.4326778],[28.0492296,45.4325516],[28.0489297,45.4323911],[28.0487028,45.4322634],[28.046959,45.431241],[28.0468549,45.431181],[28.0466191,45.4310552],[28.0460566,45.4307701],[28.0457344,45.4306242],[28.0455296,45.4305258],[28.0453867,45.4304682],[28.0452642,45.4304206],[28.0450672,45.4303537],[28.042542,45.4295292],[28.0418858,45.4293443],[28.0414337,45.4292359],[28.0408585,45.4291201],[28.040666,45.4290824],[28.040194,45.4290024],[28.0395616,45.4289108],[28.0390819,45.4288478],[28.0378907,45.4287231],[28.0374912,45.4287005],[28.0373007,45.4286808],[28.0371541,45.4286656],[28.0367909,45.4286388],[28.036079,45.4285811],[28.0355587,45.4285357],[28.0339778,45.4283962],[28.0334407,45.4283499],[28.0321926,45.4282355],[28.0314701,45.4281701],[28.0311512,45.4281446],[28.0300074,45.4280561],[28.0292653,45.4279835],[28.029107,45.4279659],[28.0289961,45.4279556],[28.0280326,45.4278711],[28.0277376,45.4278477],[28.0262545,45.4277265],[28.0255128,45.4276595],[28.02534,45.4276489],[28.0252295,45.4276536],[28.025107,45.427661],[28.025009,45.4276703],[28.0248155,45.427685],[28.0247507,45.4277245],[28.0246269,45.4277721],[28.0244687,45.4277992],[28.0243061,45.4277938],[28.0241522,45.4277563],[28.0240746,45.4277222],[28.0239596,45.4276393],[28.0239092,45.4275809],[28.0238703,45.4275112],[28.0238532,45.4274352],[28.0238509,45.4273606],[28.0238719,45.427277],[28.0238972,45.4272339],[28.023921,45.4271163],[28.0239091,45.4270032],[28.0238738,45.4269237],[28.0238328,45.4268488],[28.0235871,45.4265445],[28.0234554,45.4263888],[28.0233293,45.4262245],[28.0232936,45.4261716],[28.023159,45.4259949],[28.0230234,45.4257567],[28.0229621,45.4256059],[28.0228788,45.4253705],[28.0228233,45.425215],[28.0227487,45.4249819],[28.0226133,45.4245552],[28.0224223,45.4239201],[28.02202,45.4226125],[28.021913,45.4222617],[28.0218219,45.4220312],[28.0217156,45.4218477],[28.0215152,45.4215835],[28.0213151,45.4213658],[28.0211811,45.4212626],[28.0210199,45.4211561],[28.0208291,45.4210445],[28.0206381,45.420939],[28.0205747,45.4209097],[28.0202519,45.4207505],[28.0202392,45.4207439],[28.0201554,45.4206995],[28.0201084,45.4206763],[28.0200503,45.4206481],[28.0199753,45.4206118],[28.0198069,45.4205312],[28.0188561,45.4200384],[28.0182724,45.4197398],[28.0181059,45.4196546],[28.0176894,45.4194413],[28.0175811,45.4193861],[28.0174432,45.4193156],[28.0172984,45.4192415],[28.0170418,45.4191103],[28.0169293,45.4190524],[28.015768,45.4184586],[28.0156357,45.4183909],[28.01548,45.4183113],[28.0132823,45.417187],[28.0132059,45.4171499],[28.0131058,45.4170967],[28.01303,45.4170579],[28.0129777,45.4170326],[28.0125033,45.4167902],[28.0124168,45.4167442],[28.0120151,45.4165387],[28.0104936,45.4157603],[28.0101576,45.4155884],[28.0099805,45.4154978],[28.0099175,45.4154656],[28.0096507,45.4153291],[28.0095165,45.415261],[28.009626,45.4151509],[28.0098593,45.4149166],[28.0101604,45.4146141],[28.010788,45.4140151],[28.0113246,45.4135022],[28.0116031,45.4132315],[28.0117496,45.4130977],[28.0119253,45.4129453],[28.0120913,45.4128248],[28.0122112,45.4128941],[28.0125227,45.4130732],[28.012625,45.413132],[28.0127309,45.4131992],[28.0128228,45.4132513],[28.0125175,45.4133351]]}},{"type":"Feature","properties":{"variantId":"tb:1:v1:tur","lineId":"bus-1","mode":"bus","colour":null,"direction":"tur"},"geometry":{"type":"LineString","coordinates":[[28.009817,45.388279],[28.010165,45.388385],[28.010333,45.388428],[28.010505,45.388471],[28.010635,45.388503],[28.010769,45.38853],[28.011031,45.388572],[28.011306,45.388612],[28.011583,45.388619],[28.011683,45.388622],[28.011953,45.388621],[28.012091,45.388617],[28.012244,45.388609],[28.012428,45.388589],[28.012537,45.38857],[28.01268,45.388544],[28.013333,45.388384],[28.013676,45.388294],[28.013858,45.388244],[28.013997,45.3882],[28.014316,45.388098],[28.014409,45.388067],[28.014501,45.388044],[28.0146,45.388039],[28.014696,45.388043],[28.015459,45.388129],[28.015648,45.388185],[28.015654,45.388339],[28.015655,45.388374],[28.01566,45.38848],[28.015697,45.388967],[28.015765,45.390873],[28.015799,45.391956],[28.015836,45.39264],[28.016041,45.394703],[28.016067,45.394986],[28.016054,45.395364],[28.016004,45.395735],[28.015943,45.396194],[28.015808,45.397578],[28.015702,45.398377],[28.015659,45.398734],[28.015634,45.398866],[28.015526,45.399657],[28.015556,45.399857],[28.015549,45.39993],[28.015178,45.402952],[28.015176,45.40329],[28.015166,45.403472],[28.01517,45.403689],[28.01518,45.403812],[28.015203,45.404019],[28.015209,45.404192],[28.015208,45.404314],[28.015211,45.404415],[28.015214,45.404736],[28.015216,45.404914],[28.01523,45.405926],[28.015219,45.40726],[28.015217,45.407855],[28.01524,45.408508],[28.015247,45.408719],[28.015237,45.40898],[28.015236,45.409089],[28.015203,45.409464],[28.015232,45.409497],[28.01525,45.409542],[28.015246,45.409588],[28.015222,45.409631],[28.015179,45.409667],[28.015148,45.409682],[28.015067,45.409917],[28.015008,45.410106],[28.014965,45.410245],[28.014935,45.410371],[28.014922,45.410382],[28.014914,45.410442],[28.014886,45.410574],[28.014865,45.410674],[28.014838,45.410819],[28.014826,45.410876],[28.014825,45.410889],[28.014807,45.410983],[28.014807,45.411072],[28.014798,45.411249],[28.014788,45.411493],[28.014806,45.411631],[28.014842,45.411809],[28.014869,45.411863],[28.014874,45.411917],[28.014866,45.411949],[28.014852,45.412001],[28.01479,45.41207],[28.014698,45.412121],[28.014642,45.412134],[28.014587,45.412146],[28.0145,45.412146],[28.014452,45.412146],[28.014399,45.412127],[28.014334,45.4121],[28.014197,45.412112],[28.014093,45.412138],[28.013994,45.412167],[28.013792,45.412237],[28.012453,45.412794],[28.012211,45.412894],[28.012523,45.413073],[28.012625,45.413132],[28.012731,45.413199],[28.012823,45.413251],[28.01289,45.413293],[28.012951,45.41333],[28.013137,45.41344],[28.013008,45.413495],[28.012929,45.413535],[28.012882,45.413567],[28.01285,45.413601],[28.012815,45.413649],[28.01246,45.413483],[28.012367,45.413438],[28.012287,45.4134],[28.012262,45.413388],[28.012207,45.413356],[28.012178,45.41334],[28.011852,45.413164],[28.011721,45.413287],[28.011287,45.413696],[28.01091,45.414078],[28.010328,45.414657],[28.009758,45.415222],[28.009651,45.415329],[28.009918,45.415466],[28.009981,45.415498],[28.010158,45.415588],[28.010494,45.41576],[28.012015,45.416539],[28.012417,45.416744],[28.012503,45.41679],[28.012978,45.417033],[28.01303,45.417058],[28.013106,45.417097],[28.013206,45.41715],[28.013282,45.417187],[28.01548,45.418311],[28.015636,45.418391],[28.015768,45.418459],[28.016929,45.419052],[28.017042,45.41911],[28.017298,45.419242],[28.017443,45.419316],[28.017581,45.419386],[28.017689,45.419441],[28.018106,45.419655],[28.018272,45.41974],[28.018856,45.420038],[28.019807,45.420531],[28.019975,45.420612],[28.02005,45.420648],[28.020108,45.420676],[28.020155,45.4207],[28.020239,45.420744],[28.020252,45.420751],[28.020575,45.42091],[28.020638,45.420939],[28.020829,45.421045],[28.02102,45.421156],[28.021181,45.421263],[28.021315,45.421366],[28.021515,45.421584],[28.021716,45.421848],[28.021822,45.422031],[28.021913,45.422262],[28.02202,45.422613],[28.022422,45.42392],[28.022613,45.424555],[28.022749,45.424982],[28.022823,45.425215],[28.022879,45.425371],[28.022962,45.425606],[28.023023,45.425757],[28.023159,45.425995],[28.023294,45.426172],[28.023329,45.426225],[28.023455,45.426389],[28.023587,45.426545],[28.023833,45.426849],[28.02393,45.426894],[28.024,45.426921],[28.024094,45.426958],[28.024248,45.427019],[28.024279,45.427012],[28.024469,45.427004],[28.024643,45.427035],[28.024798,45.427114],[28.024913,45.427208],[28.02517,45.427356],[28.025267,45.427396],[28.025382,45.42744],[28.025536,45.427479],[28.026576,45.427571],[28.027036,45.427613],[28.0281,45.427706],[28.028467,45.427739],[28.028947,45.427783],[28.029026,45.42779],[28.029298,45.427815],[28.030961,45.427968],[28.031183,45.427993],[28.031197,45.427885],[28.031216,45.427782],[28.031251,45.427565],[28.031259,45.427532],[28.031302,45.427348],[28.031357,45.427144],[28.031408,45.427062],[28.031513,45.426947],[28.031736,45.426812],[28.031811,45.426771],[28.032012,45.426676],[28.032071,45.426643],[28.032174,45.426588],[28.032411,45.426459],[28.032503,45.426399],[28.032596,45.426325],[28.032635,45.426273],[28.032691,45.426162],[28.032807,45.425931],[28.03294,45.425506],[28.032969,45.425426],[28.033025,45.425269],[28.033309,45.424292],[28.033489,45.423656],[28.033666,45.423082],[28.033784,45.422891],[28.033848,45.422804],[28.034035,45.422588],[28.034101,45.422549],[28.034175,45.422504],[28.034355,45.422394],[28.034411,45.422371],[28.034471,45.422346],[28.034658,45.422288],[28.035123,45.422243],[28.035465,45.422306],[28.035678,45.422382],[28.035868,45.422451],[28.036177,45.422626],[28.036443,45.422812],[28.036547,45.42293],[28.036896,45.423272],[28.037186,45.423504],[28.037304,45.423598],[28.037417,45.423673],[28.037607,45.4238],[28.037911,45.423981],[28.038224,45.424147],[28.038606,45.424343],[28.038751,45.424456],[28.038864,45.424566],[28.038997,45.424729],[28.039079,45.424937],[28.03908,45.424978],[28.039169,45.425149],[28.039207,45.425158],[28.039244,45.425184],[28.039265,45.42522],[28.03926,45.425246],[28.039251,45.425279],[28.039235,45.425295],[28.0392,45.425314],[28.039161,45.425323],[28.038882,45.425515],[28.038865,45.425538],[28.038561,45.425837],[28.038505,45.425903],[28.038261,45.426218],[28.038204,45.426305],[28.037989,45.426618],[28.037831,45.426929],[28.037775,45.427075],[28.03774,45.427252],[28.037718,45.427355],[28.037712,45.42738],[28.037635,45.427788],[28.037572,45.428094],[28.03764,45.428292],[28.037691,45.428375],[28.037745,45.428431],[28.037751,45.428436],[28.037806,45.428484],[28.03794,45.428585],[28.038709,45.428659],[28.039097,45.428701],[28.039599,45.42877],[28.040306,45.428875],[28.040712,45.428935],[28.040878,45.428965],[28.041473,45.429072],[28.041927,45.42917],[28.042392,45.429297],[28.042735,45.4294],[28.043055,45.429503],[28.044679,45.430046],[28.045163,45.430201],[28.045369,45.430277],[28.045503,45.430325],[28.045643,45.430387],[28.045786,45.430453],[28.046145,45.430611],[28.046434,45.430747],[28.047001,45.431049],[28.047102,45.431106],[28.048539,45.431951],[28.048851,45.432138],[28.049137,45.4323],[28.049383,45.432428],[28.049633,45.432542],[28.049673,45.432557],[28.050355,45.43283],[28.050574,45.432916],[28.050954,45.43309],[28.051043,45.433114],[28.051574,45.433276],[28.051705,45.433319],[28.051907,45.433389],[28.052072,45.433442],[28.052141,45.433467],[28.052246,45.433504],[28.052855,45.43372],[28.05298,45.433743],[28.053132,45.433763],[28.053299,45.433779],[28.053556,45.433788],[28.053712,45.433791],[28.054031,45.433787],[28.054156,45.433773],[28.054293,45.433753],[28.05479,45.433686],[28.055025,45.433655],[28.055247,45.433635],[28.055294,45.433916],[28.055486,45.434818],[28.055507,45.434914],[28.055629,45.435444],[28.055643,45.435503],[28.055675,45.435641],[28.0557,45.435734],[28.05574,45.435868],[28.055779,45.436008],[28.055815,45.436136],[28.05588,45.43637],[28.055898,45.436435],[28.055971,45.436674],[28.056125,45.437158],[28.056187,45.437329],[28.056299,45.437964],[28.05641,45.438622],[28.05644,45.438836],[28.056465,45.438983],[28.056488,45.439266],[28.056491,45.439378],[28.05649,45.439482],[28.056478,45.439695],[28.056453,45.439863],[28.056361,45.440442],[28.056344,45.440612],[28.056339,45.440654],[28.056311,45.440842],[28.056305,45.440871],[28.056238,45.441162],[28.056185,45.441329],[28.05618,45.441346],[28.056013,45.441978],[28.055938,45.442239],[28.055911,45.442352],[28.055889,45.442457],[28.055867,45.442548],[28.055837,45.44266],[28.055749,45.442991],[28.055677,45.443234],[28.055576,45.443566],[28.055464,45.443861],[28.055432,45.443948],[28.055396,45.444042],[28.055347,45.444177],[28.055074,45.444781],[28.054929,45.445119],[28.054814,45.445394],[28.054605,45.44591],[28.054599,45.445923],[28.054593,45.445935],[28.054371,45.446338],[28.054125,45.446737],[28.054052,45.446857],[28.05355,45.447659],[28.053285,45.448091],[28.053222,45.448196],[28.053105,45.448391],[28.053021,45.448537],[28.052723,45.449013],[28.052369,45.449553],[28.052179,45.449875],[28.052119,45.449977],[28.052082,45.450039],[28.051869,45.450378],[28.051645,45.450743],[28.051541,45.450918],[28.051313,45.451306],[28.051307,45.451315],[28.05128,45.451496],[28.051261,45.451568],[28.05124,45.451593],[28.051204,45.451631],[28.051175,45.451665],[28.05104,45.451764],[28.051033,45.451776],[28.050747,45.452235],[28.05047,45.452673],[28.050297,45.452955],[28.050138,45.453205],[28.049969,45.453468],[28.049832,45.453696],[28.049769,45.453805],[28.049653,45.453995],[28.049515,45.45423],[28.049445,45.454341],[28.049399,45.454417],[28.049099,45.454912],[28.048419,45.456032],[28.048029,45.456648],[28.04795,45.456777],[28.047856,45.456939],[28.047818,45.456997],[28.047655,45.457266],[28.047449,45.457621],[28.04721,45.458031],[28.047161,45.458112],[28.046888,45.458567],[28.046751,45.458796],[28.04666,45.458947],[28.04648,45.459258],[28.046112,45.459907],[28.045847,45.460393],[28.045593,45.460876],[28.045373,45.461288],[28.045217,45.461583],[28.045168,45.461678],[28.044979,45.462036],[28.044796,45.462392]]}},{"type":"Feature","properties":{"variantId":"tb:2:v1:tur","lineId":"bus-2","mode":"bus","colour":null,"direction":"tur"},"geometry":{"type":"LineString","coordinates":[[28.012882,45.413567],[28.01285,45.413601],[28.012815,45.413649],[28.01246,45.413483],[28.012367,45.413438],[28.012287,45.4134],[28.012262,45.413388],[28.012207,45.413356],[28.012178,45.41334],[28.011852,45.413164],[28.011721,45.413287],[28.011287,45.413696],[28.01091,45.414078],[28.010328,45.414657],[28.009758,45.415222],[28.009651,45.415329],[28.009517,45.415261],[28.008979,45.414998],[28.008776,45.414897],[28.007828,45.414426],[28.007647,45.414337],[28.007315,45.414175],[28.007285,45.414162],[28.007315,45.414175],[28.007647,45.414337],[28.007828,45.414426],[28.008776,45.414897],[28.008979,45.414998],[28.008757,45.415205],[28.00863,45.415323],[28.008585,45.41538],[28.008565,45.41544],[28.008545,45.415495],[28.008509,45.415556],[28.008276,45.415809],[28.008256,45.415831],[28.008092,45.41601],[28.008059,45.416045],[28.007976,45.416135],[28.007852,45.416271],[28.007766,45.416253],[28.00768,45.416239],[28.007584,45.41623],[28.007528,45.416226],[28.007584,45.41623],[28.00768,45.416239],[28.007766,45.416253],[28.007852,45.416271],[28.007932,45.416305],[28.008045,45.416362],[28.008944,45.416812],[28.009302,45.416993],[28.009363,45.417024],[28.010076,45.417378],[28.010523,45.417598],[28.010753,45.417712],[28.011781,45.418228],[28.012527,45.418632],[28.013169,45.418959],[28.013526,45.419144],[28.013895,45.419329],[28.013999,45.41938],[28.014079,45.419424],[28.014472,45.419625],[28.01545,45.42013],[28.01581,45.420318],[28.01618,45.420518],[28.016571,45.42071],[28.01695,45.420924],[28.017343,45.421149],[28.017391,45.421185],[28.017426,45.421216],[28.017468,45.421267],[28.017507,45.421351],[28.017532,45.421438],[28.017533,45.421542],[28.017506,45.421965],[28.017491,45.422296],[28.017486,45.422405],[28.017457,45.422982],[28.01742,45.423658],[28.017417,45.423731],[28.017351,45.424828],[28.017345,45.424955],[28.017324,45.425423],[28.017312,45.425783],[28.017307,45.425918],[28.017306,45.425994],[28.0173,45.426413],[28.017291,45.426911],[28.01832,45.427004],[28.018531,45.427023],[28.018876,45.427054],[28.018928,45.427059],[28.018885,45.427132],[28.018839,45.427197],[28.018826,45.42722],[28.018801,45.427261],[28.018764,45.427339],[28.018742,45.427412],[28.018728,45.427496],[28.018726,45.427529],[28.018714,45.427794],[28.018713,45.427967],[28.018769,45.428554],[28.018842,45.428907],[28.018888,45.429051],[28.018928,45.429168],[28.018971,45.429293],[28.019017,45.429423],[28.019071,45.429575],[28.019151,45.429762],[28.019314,45.430039],[28.019445,45.430215],[28.019545,45.430334],[28.019676,45.430458],[28.019803,45.430563],[28.019946,45.430661],[28.020078,45.430738],[28.020181,45.430798],[28.020372,45.430872],[28.020567,45.430943],[28.020781,45.43101],[28.021038,45.43108],[28.02105,45.431107],[28.021116,45.431257],[28.021237,45.431532],[28.021338,45.431716],[28.021513,45.432059],[28.021531,45.432094],[28.021724,45.432475],[28.021816,45.432668],[28.022013,45.433068],[28.022192,45.433438],[28.022253,45.433559],[28.022361,45.433788],[28.022481,45.434042],[28.022509,45.434103],[28.022572,45.434094],[28.022635,45.4341],[28.022691,45.434121],[28.022727,45.434145],[28.022752,45.434176],[28.022765,45.434209],[28.022887,45.434184],[28.023004,45.434166],[28.023201,45.434143],[28.023256,45.434136],[28.023926,45.434077],[28.0241,45.434058],[28.024724,45.434002],[28.024887,45.433988],[28.025201,45.433973],[28.025304,45.433968],[28.025397,45.433963],[28.025459,45.43396],[28.025543,45.433956],[28.025515,45.434067],[28.025492,45.434156],[28.025448,45.434291],[28.025403,45.434422],[28.025305,45.434658],[28.025183,45.43489],[28.025119,45.434996],[28.025022,45.435143],[28.024818,45.435416],[28.024573,45.43572],[28.024405,45.435936],[28.024241,45.43618],[28.024002,45.436469],[28.02378,45.436734],[28.023621,45.436928],[28.023498,45.437079],[28.023411,45.437185],[28.022917,45.437816],[28.022834,45.437911],[28.022123,45.438818],[28.021771,45.439266],[28.021711,45.439343],[28.021571,45.439535],[28.021433,45.439721],[28.021352,45.439833],[28.021319,45.4399],[28.021307,45.439947],[28.021307,45.439992],[28.021341,45.440102],[28.021388,45.440182],[28.021408,45.44026],[28.021403,45.440349],[28.021376,45.440422],[28.021327,45.440493],[28.021259,45.440555],[28.021174,45.440606],[28.021076,45.440644],[28.020969,45.440667],[28.020896,45.440765],[28.020879,45.440812],[28.02088,45.440855],[28.020893,45.440896],[28.020912,45.440937],[28.021144,45.441334],[28.021474,45.441925],[28.021493,45.441953],[28.021757,45.442391],[28.022815,45.444216],[28.023056,45.444642],[28.023117,45.444753],[28.02316,45.444827],[28.023264,45.444996],[28.023338,45.445127],[28.023493,45.445394],[28.023579,45.445544],[28.023691,45.445736],[28.023947,45.446177],[28.024063,45.446377],[28.024204,45.44662],[28.02434,45.446855],[28.024547,45.447213],[28.024976,45.447943],[28.025051,45.448078],[28.025635,45.449115],[28.025731,45.449309],[28.02577,45.449337],[28.02582,45.449382],[28.025864,45.449444],[28.025886,45.449512],[28.025885,45.449581],[28.025861,45.449648],[28.025816,45.44971],[28.025752,45.449763],[28.025672,45.449804],[28.02556,45.449837],[28.025433,45.449844],[28.024872,45.449953],[28.024675,45.449989],[28.024318,45.450058],[28.023952,45.450145],[28.023832,45.4502],[28.023811,45.450256],[28.023763,45.450309],[28.023695,45.450349],[28.023596,45.450375],[28.023518,45.450376],[28.023465,45.450371],[28.023404,45.450351],[28.023357,45.450326],[28.023296,45.45027],[28.023108,45.4502],[28.022966,45.450169],[28.02287,45.450158],[28.022762,45.450155],[28.022628,45.450166],[28.02202,45.450231],[28.021584,45.450285],[28.021034,45.45036],[28.020966,45.45037],[28.020815,45.450391],[28.020457,45.450443],[28.019689,45.45053],[28.01959,45.450539]]}},{"type":"Feature","properties":{"variantId":"tb:9:v1:tur","lineId":"bus-9","mode":"bus","colour":null,"direction":"tur"},"geometry":{"type":"LineString","coordinates":[[28.011733,45.4274052],[28.0116393,45.4270364],[28.0117962,45.4270045],[28.0115805,45.4265258],[28.0115607,45.4264016],[28.0109656,45.4263565],[28.0103476,45.4263107],[28.010076,45.4262988],[28.0098741,45.42629],[28.0097174,45.4262831],[28.009648,45.4262873],[28.0095805,45.4262754],[28.0095285,45.4262524],[28.0094882,45.4262199],[28.0094631,45.4261805],[28.0094553,45.4261377],[28.0094655,45.4260933],[28.009504,45.4260464],[28.0095657,45.4260111],[28.0096416,45.4259945],[28.0097209,45.4259989],[28.0097866,45.4260209],[28.0098287,45.4260489],[28.0098582,45.4260839],[28.009873,45.4261232],[28.0099649,45.4261921],[28.0100408,45.4262315],[28.0100967,45.4262516],[28.010139,45.4262645],[28.0103476,45.4263107],[28.0109656,45.4263565],[28.0115607,45.4264016],[28.0117573,45.4264176],[28.0118787,45.4264275],[28.0122254,45.4264585],[28.0124203,45.4264759],[28.0133631,45.4265601],[28.0137277,45.4265927],[28.0138137,45.4266003],[28.0143447,45.4266478],[28.0164505,45.4268359],[28.0164963,45.4268399],[28.0169993,45.4268849],[28.0171988,45.4269027],[28.0172907,45.4269109],[28.0183196,45.4270041],[28.0185306,45.4270232],[28.0188755,45.4270544],[28.0189282,45.4270589],[28.0189738,45.4270633],[28.0192016,45.4270834],[28.0201134,45.4271638],[28.0208733,45.4272308],[28.0213563,45.4272733],[28.0214022,45.4272774],[28.0219961,45.4273298],[28.0220242,45.4273322],[28.0221976,45.4273191],[28.022266,45.4273139],[28.0222955,45.4272976],[28.0223296,45.4272867],[28.0223664,45.4272818],[28.022407,45.427283],[28.0224586,45.4272975],[28.0224901,45.4273151],[28.0225141,45.4273377],[28.0227438,45.4273876],[28.0227686,45.4273892],[28.0232773,45.4274228],[28.0235084,45.4274105],[28.0236139,45.4273873],[28.0237176,45.4273497],[28.0237763,45.4273221],[28.0238719,45.427277],[28.0238972,45.4272339],[28.0239835,45.42714],[28.0240601,45.4270901],[28.0241633,45.4270413],[28.0242475,45.4270193],[28.0242786,45.4270115],[28.0244688,45.4270036],[28.0246429,45.4270354],[28.0247979,45.4271143],[28.0249128,45.4272083],[28.0251697,45.4273556],[28.0252666,45.4273963],[28.0253815,45.4274399],[28.0255359,45.4274789],[28.0265762,45.427571],[28.0270357,45.4276129],[28.0281,45.4277056],[28.0284674,45.4277393],[28.0289472,45.4277833],[28.0290263,45.4277903],[28.0292984,45.4278151],[28.0309613,45.4279684],[28.0311825,45.4279929],[28.0314927,45.4280175],[28.0353141,45.428346],[28.0369098,45.4284868],[28.0371949,45.4285161],[28.0373748,45.4285362],[28.0375461,45.4285541],[28.0379401,45.4285847],[28.0387086,45.4286585],[28.0390974,45.4287007],[28.0395987,45.4287704],[28.0403058,45.4288752],[28.0407123,45.4289354],[28.0408781,45.4289649],[28.041473,45.4290717],[28.0419267,45.4291697],[28.0423923,45.4292973],[28.0427346,45.4294003],[28.0430547,45.4295029],[28.0446786,45.4300455],[28.045163,45.4302013],[28.045369,45.4302772],[28.0455034,45.4303254],[28.0456426,45.4303869],[28.045786,45.430453],[28.0461448,45.4306111],[28.0464341,45.4307468],[28.0470013,45.4310488],[28.0471024,45.4311055],[28.0485385,45.4319507],[28.0488505,45.4321384],[28.0491374,45.4322998],[28.0493834,45.4324275],[28.0496332,45.4325422],[28.0496728,45.4325573],[28.050355,45.4328297],[28.0505735,45.4329164],[28.0509539,45.4330895],[28.0510428,45.4331135],[28.0515737,45.4332764],[28.0517046,45.4333186],[28.0519065,45.4333888],[28.0520717,45.4334422],[28.0521405,45.4334666],[28.0522457,45.4335039],[28.0528546,45.4337197],[28.05298,45.4337432],[28.0531315,45.4337629],[28.0532992,45.4337787],[28.0535555,45.4337882],[28.0537122,45.433791],[28.054031,45.4337868],[28.054156,45.4337728],[28.0542928,45.4337528],[28.0547899,45.4336859],[28.0550249,45.4336549],[28.0552469,45.4336346],[28.0552935,45.4339162],[28.0554862,45.4348177],[28.0555068,45.4349136],[28.0556288,45.4354438],[28.0556428,45.4355025],[28.0556746,45.4356414],[28.0557002,45.435734],[28.0557398,45.4358679],[28.0557792,45.436008],[28.0558151,45.4361357],[28.0558802,45.4363702],[28.055898,45.4364352],[28.0559714,45.4366743],[28.0561252,45.4371576],[28.0561866,45.4373285],[28.0562985,45.4379644],[28.0564099,45.4386215],[28.0564401,45.4388363],[28.056465,45.4389825],[28.0564876,45.4392663],[28.0564907,45.4393779],[28.0564904,45.4394816],[28.0564778,45.439695],[28.0564527,45.4398626],[28.0563606,45.4404423],[28.0563443,45.4406122],[28.0563391,45.440654],[28.0563105,45.4408424],[28.0563045,45.4408712],[28.0562381,45.4411617],[28.0561851,45.4413293],[28.05618,45.4413462],[28.0560128,45.4419776],[28.0559376,45.4422393],[28.0559106,45.4423518],[28.0558887,45.4424574],[28.0558668,45.4425479],[28.0558374,45.4426604],[28.0557493,45.4429909],[28.0556772,45.4432343],[28.0555763,45.4435656],[28.0555863,45.4437221],[28.0556185,45.4437965],[28.0556555,45.4438469],[28.0556999,45.4438912],[28.0558173,45.4439855],[28.0562745,45.4440212],[28.0564263,45.4440338],[28.0565561,45.4440384],[28.0565693,45.4440383],[28.0566055,45.4439375],[28.0566465,45.4438643],[28.0568619,45.4434863],[28.0569539,45.443345],[28.0569708,45.4433191],[28.0570483,45.4433101],[28.0571056,45.4433035],[28.0572359,45.4432972],[28.0576747,45.4432806],[28.0580341,45.4432792],[28.0585998,45.4432744],[28.058675,45.4432747],[28.058803,45.4432753],[28.0589448,45.4432782],[28.0589761,45.4432818],[28.0590137,45.4432835],[28.0591047,45.4432924],[28.0592058,45.4433201],[28.0594012,45.4433995],[28.0594791,45.4434395],[28.0595758,45.4434891],[28.0600424,45.443723],[28.0601442,45.4437909],[28.0601995,45.4438971],[28.0600702,45.4441228],[28.0599454,45.4444958]]}},{"type":"Feature","properties":{"variantId":"tb:9:v1:retur","lineId":"bus-9","mode":"bus","colour":null,"direction":"retur"},"geometry":{"type":"LineString","coordinates":[[28.0599454,45.4444958],[28.0598515,45.4447739],[28.0598051,45.4449114],[28.0594279,45.4448644],[28.0594267,45.4447669],[28.0593846,45.4445952],[28.0591895,45.4440542],[28.0591093,45.4437564],[28.0590963,45.4436302],[28.0590398,45.4435449],[28.0590094,45.4434105],[28.0589913,45.4433538],[28.0589829,45.4433333],[28.0589675,45.443311],[28.0589448,45.4432782],[28.058803,45.4432753],[28.058675,45.4432747],[28.0585998,45.4432744],[28.0580341,45.4432792],[28.0576747,45.4432806],[28.0572359,45.4432972],[28.0571056,45.4433035],[28.0570483,45.4433101],[28.0569708,45.4433191],[28.0569539,45.443345],[28.0568619,45.4434863],[28.0566465,45.4438643],[28.0566055,45.4439375],[28.0565693,45.4440383],[28.0565561,45.4440384],[28.0564263,45.4440338],[28.0562745,45.4440212],[28.0558173,45.4439855],[28.0555948,45.4439608],[28.0554319,45.4439477],[28.0553356,45.4439373],[28.0547904,45.4438924],[28.0537344,45.4438112],[28.0534193,45.4437911],[28.0517121,45.443665],[28.0517448,45.4436291],[28.0517827,45.4435842],[28.0518372,45.4433727],[28.0518508,45.4432496],[28.0519301,45.4425374],[28.0519661,45.4422083],[28.0520549,45.4415636],[28.0520954,45.4412573],[28.0521028,45.4412247],[28.0521788,45.4406771],[28.0522551,45.4400556],[28.0522662,45.4399629],[28.0523035,45.4396767],[28.0524005,45.4390989],[28.0524472,45.4386824],[28.0524742,45.4384883],[28.0525917,45.4377348],[28.0526169,45.4375426],[28.0526765,45.4371666],[28.0526956,45.437015],[28.0527021,45.4369557],[28.052718,45.4368213],[28.0527331,45.4367016],[28.0527711,45.4365963],[28.0528602,45.4364403],[28.0529711,45.4362483],[28.0532152,45.4358079],[28.0532477,45.4357532],[28.0532906,45.4356809],[28.0535318,45.4352536],[28.0537802,45.4349288],[28.0538952,45.4347905],[28.0540168,45.4346277],[28.0540719,45.4345188],[28.0540931,45.4344258],[28.0540735,45.434208],[28.0540469,45.433939],[28.054031,45.4337868],[28.0537122,45.433791],[28.0535555,45.4337882],[28.0532992,45.4337787],[28.0531315,45.4337629],[28.05298,45.4337432],[28.0528546,45.4337197],[28.0522457,45.4335039],[28.0521405,45.4334666],[28.0520717,45.4334422],[28.0519065,45.4333888],[28.0517046,45.4333186],[28.0515737,45.4332764],[28.0510428,45.4331135],[28.0509539,45.4330895],[28.0504333,45.4329623],[28.0499882,45.4328328],[28.0497071,45.4327461],[28.0495043,45.4326778],[28.0492296,45.4325516],[28.0489297,45.4323911],[28.0487028,45.4322634],[28.046959,45.431241],[28.0468549,45.431181],[28.0466191,45.4310552],[28.0460566,45.4307701],[28.0457344,45.4306242],[28.0455296,45.4305258],[28.0453867,45.4304682],[28.0452642,45.4304206],[28.0450672,45.4303537],[28.042542,45.4295292],[28.0418858,45.4293443],[28.0414337,45.4292359],[28.0408585,45.4291201],[28.040666,45.4290824],[28.040194,45.4290024],[28.0395616,45.4289108],[28.0390819,45.4288478],[28.0378907,45.4287231],[28.0374912,45.4287005],[28.0373007,45.4286808],[28.0371541,45.4286656],[28.0367909,45.4286388],[28.036079,45.4285811],[28.0355587,45.4285357],[28.0339778,45.4283962],[28.0334407,45.4283499],[28.0321926,45.4282355],[28.0314701,45.4281701],[28.0311512,45.4281446],[28.0300074,45.4280561],[28.0292653,45.4279835],[28.029107,45.4279659],[28.0289961,45.4279556],[28.0280326,45.4278711],[28.0277376,45.4278477],[28.0262545,45.4277265],[28.0255128,45.4276595],[28.02534,45.4276489],[28.0252295,45.4276536],[28.025107,45.427661],[28.025009,45.4276703],[28.0248155,45.427685],[28.0247507,45.4277245],[28.0246269,45.4277721],[28.0244687,45.4277992],[28.0243061,45.4277938],[28.0241522,45.4277563],[28.0240746,45.4277222],[28.0237331,45.4275784],[28.0236229,45.4275364],[28.0234649,45.4274752],[28.0232773,45.4274228],[28.0227686,45.4273892],[28.0227438,45.4273876],[28.022571,45.427437],[28.0225055,45.4274558],[28.0224613,45.4274852],[28.0224238,45.4274974],[28.0223831,45.4275022],[28.022342,45.4274995],[28.0223033,45.4274894],[28.0222697,45.4274726],[28.0222293,45.4274294],[28.0220242,45.4273322],[28.0219961,45.4273298],[28.0214022,45.4272774],[28.0213563,45.4272733],[28.0208733,45.4272308],[28.0201134,45.4271638],[28.0192016,45.4270834],[28.0189738,45.4270633],[28.0189282,45.4270589],[28.0188755,45.4270544],[28.0185306,45.4270232],[28.0183196,45.4270041],[28.0172907,45.4269109],[28.0171988,45.4269027],[28.0169993,45.4268849],[28.0164963,45.4268399],[28.0164505,45.4268359],[28.0143447,45.4266478],[28.0138137,45.4266003],[28.0137277,45.4265927],[28.0133631,45.4265601],[28.0124203,45.4264759],[28.0122254,45.4264585],[28.0118787,45.4264275],[28.0117573,45.4264176],[28.0115607,45.4264016],[28.0115805,45.4265258],[28.0117962,45.4270045],[28.0120577,45.4275633],[28.0117856,45.4276138],[28.0117368,45.4274198],[28.011733,45.4274052]]}},{"type":"Feature","properties":{"variantId":"tb:10:v1:tur","lineId":"bus-10","mode":"bus","colour":null,"direction":"tur"},"geometry":{"type":"LineString","coordinates":[[28.0124538,45.4132838],[28.0122066,45.4133563],[28.0121777,45.41334],[28.0118517,45.4131644],[28.0117496,45.4130977],[28.0119253,45.4129453],[28.0120913,45.4128248],[28.0121461,45.4127948],[28.0123702,45.4127035],[28.0130071,45.412441],[28.0136871,45.4121529],[28.0138996,45.412058],[28.0139358,45.4120389],[28.0139681,45.4120218],[28.0141022,45.4119304],[28.0142559,45.4117844],[28.0143017,45.4117446],[28.0143586,45.4117127],[28.0145411,45.4115091],[28.0146323,45.4113934],[28.0147025,45.4112732],[28.0148069,45.4109834],[28.0148246,45.410889],[28.0148261,45.4108756],[28.0148379,45.4108185],[28.0148645,45.4106736],[28.014886,45.4105739],[28.014914,45.4104419],[28.0149217,45.4103819],[28.0149162,45.4103679],[28.0149163,45.4102471],[28.0149069,45.4100068],[28.0149076,45.4096643],[28.014882,45.4096448],[28.0148529,45.4096079],[28.0148401,45.4095668],[28.0148449,45.4095248],[28.0148667,45.4094855],[28.0149037,45.4094524],[28.0149352,45.4094351],[28.014971,45.4094224],[28.0150331,45.4094129],[28.0150964,45.4094171],[28.0151548,45.4094347],[28.0152028,45.409464],[28.0152323,45.4094968],[28.0154647,45.4095448],[28.0157587,45.4096064],[28.0159717,45.4096529],[28.0161537,45.4096604],[28.0167549,45.409706],[28.0168982,45.4097256],[28.0170314,45.4097626],[28.0172543,45.4098332],[28.0176048,45.4099948],[28.017652,45.4100227],[28.0178184,45.4101025],[28.0180923,45.4102423],[28.0183854,45.4103951],[28.0189668,45.4106953],[28.0186643,45.4109911],[28.0185353,45.4111172],[28.0184738,45.4111774],[28.0182437,45.4114023],[28.0181224,45.411521],[28.0181009,45.411541],[28.0177066,45.4119275],[28.0173001,45.4123251],[28.017047,45.4125726],[28.0168714,45.4127443],[28.0168036,45.4128086],[28.0165938,45.4130151],[28.016456,45.4131498],[28.0168132,45.4133361],[28.017325,45.4136064],[28.0174235,45.4136635],[28.0175785,45.4137474],[28.0176457,45.4137824],[28.0183326,45.4141496],[28.0184304,45.4142014],[28.0189855,45.4144793],[28.0190515,45.4145136],[28.0194399,45.4147074],[28.0196624,45.4148186],[28.0196846,45.4148295],[28.0198537,45.4149127],[28.0201316,45.4150523],[28.0207064,45.4153322],[28.0207249,45.4153412],[28.0209293,45.415448],[28.0212488,45.4156113],[28.0217086,45.4158427],[28.0218163,45.4158978],[28.0223283,45.4161688],[28.0225902,45.4163014],[28.0228171,45.4164189],[28.0228862,45.4164553],[28.0229671,45.4164955],[28.0232921,45.4166693],[28.0233595,45.4167398],[28.0233964,45.4168538],[28.0233824,45.4169495],[28.023276,45.4172316],[28.0231182,45.4175644],[28.0230832,45.4176336],[28.0229691,45.4178203],[28.022872,45.4179532],[28.0227723,45.4180748],[28.0226311,45.4182244],[28.0225572,45.4183022],[28.022358,45.4184949],[28.0221623,45.4186697],[28.0217277,45.4190927],[28.0216697,45.4191491],[28.021332,45.4194949],[28.021168,45.4196544],[28.0211498,45.4196721],[28.0208643,45.4199454],[28.0206367,45.4201621],[28.0203707,45.4204144],[28.0203739,45.420475],[28.0203774,45.4205418],[28.0203944,45.4206331],[28.0204084,45.4206617],[28.0204448,45.4207364],[28.0204881,45.4208134],[28.0205747,45.4209097],[28.0206381,45.420939],[28.0208291,45.4210445],[28.0210199,45.4211561],[28.0211811,45.4212626],[28.0213151,45.4213658],[28.0215152,45.4215835],[28.0217156,45.4218477],[28.0218219,45.4220312],[28.021913,45.4222617],[28.02202,45.4226125],[28.0224223,45.4239201],[28.0226133,45.4245552],[28.0227487,45.4249819],[28.0228233,45.425215],[28.0228788,45.4253705],[28.0229621,45.4256059],[28.0230234,45.4257567],[28.023159,45.4259949],[28.0232936,45.4261716],[28.0233293,45.4262245],[28.0234554,45.4263888],[28.0235871,45.4265445],[28.0238328,45.4268488],[28.0239297,45.4268938],[28.0239998,45.4269213],[28.0240943,45.4269582],[28.0242475,45.4270193],[28.0242786,45.4270115],[28.0244688,45.4270036],[28.0246429,45.4270354],[28.0247979,45.4271143],[28.0249128,45.4272083],[28.0251697,45.4273556],[28.0252666,45.4273963],[28.0253815,45.4274399],[28.0255359,45.4274789],[28.0265762,45.427571],[28.0270357,45.4276129],[28.0281,45.4277056],[28.0284674,45.4277393],[28.0289472,45.4277833],[28.0290263,45.4277903],[28.0292984,45.4278151],[28.0309613,45.4279684],[28.0311825,45.4279929],[28.0311971,45.4278845],[28.0312163,45.4277822],[28.0312511,45.4275645],[28.0312585,45.4275317],[28.0313022,45.427348],[28.0313568,45.427144],[28.0314078,45.4270617],[28.031513,45.4269465],[28.0317358,45.4268118],[28.031811,45.4267713],[28.0320116,45.4266757],[28.0320714,45.426643],[28.0321741,45.4265883],[28.0324112,45.4264594],[28.0325033,45.4263989],[28.0325957,45.4263252],[28.032635,45.4262725],[28.032691,45.4261621],[28.0328066,45.4259308],[28.03294,45.4255061],[28.0329687,45.4254255],[28.0330247,45.4252686],[28.0333085,45.424292],[28.0334887,45.4236564],[28.0336661,45.4230823],[28.0337843,45.4228905],[28.033721,45.4227112],[28.0337622,45.4226708],[28.0339073,45.4225248],[28.0339812,45.422451],[28.0341746,45.4225037],[28.0343553,45.4223944],[28.0344109,45.4223709],[28.0344707,45.4223456],[28.0346581,45.4222883],[28.0351229,45.4222433],[28.0354649,45.4223064],[28.0356779,45.4223816],[28.0358684,45.422451],[28.0361773,45.4226257],[28.0364434,45.4228124],[28.0365474,45.42293],[28.0368959,45.423272],[28.0371861,45.4235037],[28.0373041,45.4235979],[28.0374173,45.4236733],[28.0376073,45.4237997],[28.0379111,45.4239811],[28.0382242,45.4241474],[28.0386064,45.4243426],[28.0387514,45.424456],[28.0388638,45.4245655],[28.0389971,45.4247288],[28.0390788,45.4249373],[28.0390796,45.4249779],[28.0391693,45.4251491],[28.0392068,45.4251582],[28.0392435,45.425184],[28.039265,45.4252196],[28.0392598,45.4252461],[28.0392505,45.4252793],[28.0392346,45.4252948],[28.0392001,45.4253139],[28.0391609,45.4253232],[28.0388824,45.4255148],[28.0388652,45.4255375],[28.0385609,45.4258373],[28.038505,45.4259033],[28.0382612,45.4262179],[28.0382035,45.4263049],[28.0379891,45.4266182],[28.0378307,45.4269291],[28.0377749,45.4270746],[28.0377395,45.4272521],[28.0377175,45.4273546],[28.037712,45.4273802],[28.0376345,45.4277882],[28.0375717,45.428094],[28.0376404,45.4282918],[28.0376913,45.4283746],[28.037745,45.4284311],[28.0377511,45.4284364],[28.0378062,45.4284841],[28.0379401,45.4285847],[28.0387086,45.4286585],[28.0390974,45.4287007],[28.0395987,45.4287704],[28.0403058,45.4288752],[28.0407123,45.4289354],[28.0408781,45.4289649],[28.041473,45.4290717],[28.0419267,45.4291697],[28.0423923,45.4292973],[28.0427346,45.4294003],[28.0430547,45.4295029],[28.0446786,45.4300455],[28.045163,45.4302013],[28.045369,45.4302772],[28.0455034,45.4303254],[28.0456426,45.4303869],[28.045786,45.430453],[28.0461448,45.4306111],[28.0464341,45.4307468],[28.0470013,45.4310488],[28.0471024,45.4311055],[28.0485385,45.4319507],[28.0488505,45.4321384],[28.0491374,45.4322998],[28.0493834,45.4324275],[28.0496332,45.4325422],[28.0496728,45.4325573],[28.050355,45.4328297],[28.0505735,45.4329164],[28.0509539,45.4330895],[28.0510428,45.4331135],[28.0515737,45.4332764],[28.0517046,45.4333186],[28.0519065,45.4333888],[28.0520717,45.4334422],[28.0521405,45.4334666],[28.0522457,45.4335039],[28.0528546,45.4337197],[28.05298,45.4337432],[28.0531315,45.4337629],[28.0532992,45.4337787],[28.0535555,45.4337882],[28.0537122,45.433791],[28.054031,45.4337868],[28.054156,45.4337728],[28.0542928,45.4337528],[28.0547899,45.4336859],[28.0550249,45.4336549],[28.0552469,45.4336346],[28.0553137,45.433504],[28.0553792,45.433221],[28.0553905,45.4331379],[28.0554081,45.4330196],[28.0554157,45.432963],[28.0554345,45.4328428],[28.0554754,45.4325319],[28.0554932,45.432477],[28.0556042,45.432418],[28.0559272,45.4323305],[28.0561407,45.4322775],[28.0561658,45.4322721],[28.0562613,45.4322517],[28.056519,45.4321902],[28.0566585,45.4321571],[28.0570672,45.4320602],[28.05743,45.4319743],[28.0576193,45.4319294],[28.0578149,45.431883],[28.0578906,45.4318581],[28.0579658,45.4318196],[28.0579592,45.4317392],[28.0579426,45.4316129],[28.0579113,45.4314713],[28.0578946,45.4313491],[28.0578977,45.4312432],[28.0579595,45.4311507],[28.0580483,45.4310484],[28.0582529,45.4308373],[28.0585831,45.4304775],[28.0587555,45.4303099],[28.0590353,45.4304304],[28.0593037,45.4305546],[28.0595922,45.4307001],[28.0598556,45.4308306],[28.0602537,45.4310346],[28.0604007,45.4311099],[28.0607186,45.4312689],[28.061239,45.4315107],[28.0614923,45.4316443],[28.0617643,45.4317843],[28.0617752,45.4317907],[28.0618479,45.4318276],[28.062102,45.4319578],[28.0622875,45.4320567],[28.0622967,45.4320617],[28.062457,45.4321566],[28.0630484,45.4325013],[28.063751,45.4329001],[28.0638931,45.4329807],[28.0646036,45.4333826],[28.0654061,45.4338312],[28.0656725,45.4339848],[28.0657741,45.4340392],[28.0660575,45.4342061],[28.066148,45.4342567],[28.0663801,45.4343918],[28.067324,45.4349316],[28.0676828,45.4351368],[28.0680041,45.4353205],[28.0680641,45.435355],[28.06866,45.4356881],[28.0687155,45.4357189],[28.0692082,45.4359994],[28.0693775,45.4360951],[28.0692059,45.436228],[28.0691017,45.4363087],[28.0687032,45.4365614],[28.0679587,45.4370478],[28.067945,45.4370567],[28.0678929,45.4370883],[28.0677418,45.4371806],[28.0675645,45.4372919],[28.0667259,45.4378134],[28.0644376,45.4392702],[28.0640938,45.439496],[28.064107,45.439502],[28.0652434,45.4400171],[28.0659238,45.4403638],[28.0661102,45.4404565],[28.0663843,45.4405947],[28.0666298,45.4407338],[28.0666824,45.4407578],[28.0666977,45.4407658],[28.0667471,45.440791],[28.0668197,45.4408282],[28.0669005,45.4408632],[28.0669983,45.4409044],[28.0671406,45.4409561],[28.0687454,45.4415219],[28.069557,45.4418391],[28.0699366,45.4420112],[28.0699939,45.4420359],[28.070461,45.4422583],[28.0710696,45.4425131],[28.0723444,45.4430937],[28.0726632,45.4432591],[28.0733421,45.4436786],[28.0735125,45.4437847],[28.0736625,45.4438904],[28.0737881,45.4439838],[28.0739053,45.4440768],[28.0740282,45.4441758],[28.0742064,45.4443462],[28.074327,45.4444504],[28.0744476,45.4445359],[28.0745837,45.4446171],[28.0747166,45.4446825],[28.0748597,45.4447444],[28.0754537,45.4450322],[28.0757705,45.445187],[28.0760825,45.4453401],[28.0764658,45.4455127],[28.0768705,45.4456986],[28.077085,45.4457962],[28.0772778,45.4458786],[28.0774781,45.4459613],[28.0776297,45.4460197],[28.0777643,45.4460663],[28.0778757,45.4460964],[28.0779825,45.4461175],[28.0780865,45.446134],[28.0781941,45.4461431],[28.0783117,45.4461447],[28.0784797,45.4461429],[28.078898,45.446125],[28.0791061,45.4461138],[28.0792854,45.4461001],[28.0794486,45.4460799],[28.0796255,45.4460502],[28.0797645,45.4460093],[28.0798938,45.445952],[28.0800385,45.4458739],[28.0801967,45.445774],[28.0803041,45.4456926],[28.0804287,45.4455831],[28.080601,45.4454305],[28.080902,45.4451199],[28.0814999,45.4445512],[28.0815832,45.4444654],[28.0819279,45.4441104],[28.0820498,45.4439848],[28.0821195,45.4439377],[28.0821973,45.4439076],[28.0822763,45.4438938],[28.0823582,45.443885],[28.0824458,45.4438856],[28.0824894,45.4438882],[28.0828202,45.4439577],[28.0829531,45.4439928]]}},{"type":"Feature","properties":{"variantId":"tb:10:v1:retur","lineId":"bus-10","mode":"bus","colour":null,"direction":"retur"},"geometry":{"type":"LineString","coordinates":[[28.0829531,45.4439928],[28.0828202,45.4439577],[28.0824894,45.4438882],[28.0824458,45.4438856],[28.0823582,45.443885],[28.0822763,45.4438938],[28.0821973,45.4439076],[28.0821195,45.4439377],[28.0820498,45.4439848],[28.0819279,45.4441104],[28.0815832,45.4444654],[28.0814999,45.4445512],[28.080902,45.4451199],[28.080601,45.4454305],[28.0804287,45.4455831],[28.0803041,45.4456926],[28.0801967,45.445774],[28.0800385,45.4458739],[28.0798938,45.445952],[28.0797645,45.4460093],[28.0796255,45.4460502],[28.0794486,45.4460799],[28.0792854,45.4461001],[28.0791061,45.4461138],[28.078898,45.446125],[28.0784797,45.4461429],[28.0783117,45.4461447],[28.0781941,45.4461431],[28.0780865,45.446134],[28.0779825,45.4461175],[28.0778757,45.4460964],[28.0777643,45.4460663],[28.0776297,45.4460197],[28.0774781,45.4459613],[28.0772778,45.4458786],[28.077085,45.4457962],[28.0768705,45.4456986],[28.0764658,45.4455127],[28.0760825,45.4453401],[28.0757705,45.445187],[28.0754537,45.4450322],[28.0748597,45.4447444],[28.0747166,45.4446825],[28.0745837,45.4446171],[28.0744476,45.4445359],[28.074327,45.4444504],[28.0742064,45.4443462],[28.0740282,45.4441758],[28.0739053,45.4440768],[28.0737881,45.4439838],[28.0736625,45.4438904],[28.0735125,45.4437847],[28.0733421,45.4436786],[28.0726632,45.4432591],[28.0723444,45.4430937],[28.0710696,45.4425131],[28.070461,45.4422583],[28.0699939,45.4420359],[28.0699366,45.4420112],[28.069557,45.4418391],[28.0687454,45.4415219],[28.0671406,45.4409561],[28.0669983,45.4409044],[28.0669005,45.4408632],[28.0668197,45.4408282],[28.0667471,45.440791],[28.0666977,45.4407658],[28.0666824,45.4407578],[28.0666298,45.4407338],[28.0663843,45.4405947],[28.0661102,45.4404565],[28.0659238,45.4403638],[28.0652434,45.4400171],[28.064107,45.439502],[28.0640938,45.439496],[28.0644376,45.4392702],[28.0667259,45.4378134],[28.0675645,45.4372919],[28.0677418,45.4371806],[28.0678929,45.4370883],[28.067945,45.4370567],[28.0679587,45.4370478],[28.0687032,45.4365614],[28.0691017,45.4363087],[28.0692059,45.436228],[28.0693775,45.4360951],[28.0692082,45.4359994],[28.0687155,45.4357189],[28.06866,45.4356881],[28.0680641,45.435355],[28.0680041,45.4353205],[28.0676828,45.4351368],[28.067324,45.4349316],[28.0663801,45.4343918],[28.066148,45.4342567],[28.0660575,45.4342061],[28.0657741,45.4340392],[28.0656725,45.4339848],[28.0654061,45.4338312],[28.0646036,45.4333826],[28.0638931,45.4329807],[28.063751,45.4329001],[28.0630484,45.4325013],[28.062457,45.4321566],[28.0622967,45.4320617],[28.0622875,45.4320567],[28.062102,45.4319578],[28.0618479,45.4318276],[28.0617752,45.4317907],[28.0617643,45.4317843],[28.0614923,45.4316443],[28.061239,45.4315107],[28.0607186,45.4312689],[28.0604007,45.4311099],[28.0602537,45.4310346],[28.0598556,45.4308306],[28.0595922,45.4307001],[28.0593037,45.4305546],[28.0590353,45.4304304],[28.0587555,45.4303099],[28.0585831,45.4304775],[28.0582529,45.4308373],[28.0580483,45.4310484],[28.0579595,45.4311507],[28.0578977,45.4312432],[28.0578946,45.4313491],[28.0579113,45.4314713],[28.0579426,45.4316129],[28.0579592,45.4317392],[28.0579658,45.4318196],[28.0578906,45.4318581],[28.0578149,45.431883],[28.0576193,45.4319294],[28.05743,45.4319743],[28.0570672,45.4320602],[28.0566585,45.4321571],[28.056519,45.4321902],[28.0562613,45.4322517],[28.0561658,45.4322721],[28.0561407,45.4322775],[28.0559272,45.4323305],[28.0556042,45.432418],[28.0554932,45.432477],[28.0554754,45.4325319],[28.0554345,45.4328428],[28.0554157,45.432963],[28.0554081,45.4330196],[28.0553905,45.4331379],[28.0553792,45.433221],[28.0553137,45.433504],[28.0552469,45.4336346],[28.0552935,45.4339162],[28.0554862,45.4348177],[28.0555068,45.4349136],[28.0553474,45.434933],[28.0550842,45.4349641],[28.0548837,45.4349786],[28.0546193,45.4349395],[28.0544335,45.4348828],[28.0543104,45.434825],[28.0542156,45.4347623],[28.0541025,45.434698],[28.0540168,45.4346277],[28.0540719,45.4345188],[28.0540931,45.4344258],[28.0540735,45.434208],[28.0540469,45.433939],[28.054031,45.4337868],[28.0537122,45.433791],[28.0535555,45.4337882],[28.0532992,45.4337787],[28.0531315,45.4337629],[28.05298,45.4337432],[28.0528546,45.4337197],[28.0522457,45.4335039],[28.0521405,45.4334666],[28.0520717,45.4334422],[28.0519065,45.4333888],[28.0517046,45.4333186],[28.0515737,45.4332764],[28.0510428,45.4331135],[28.0509539,45.4330895],[28.0504333,45.4329623],[28.0499882,45.4328328],[28.0497071,45.4327461],[28.0495043,45.4326778],[28.0492296,45.4325516],[28.0489297,45.4323911],[28.0487028,45.4322634],[28.046959,45.431241],[28.0468549,45.431181],[28.0466191,45.4310552],[28.0460566,45.4307701],[28.0457344,45.4306242],[28.0455296,45.4305258],[28.0453867,45.4304682],[28.0452642,45.4304206],[28.0450672,45.4303537],[28.042542,45.4295292],[28.0418858,45.4293443],[28.0414337,45.4292359],[28.0408585,45.4291201],[28.040666,45.4290824],[28.040194,45.4290024],[28.0395616,45.4289108],[28.0390819,45.4288478],[28.0378907,45.4287231],[28.0374912,45.4287005],[28.0373007,45.4286808],[28.0373748,45.4285362],[28.0374085,45.4284607],[28.0375717,45.428094],[28.0376345,45.4277882],[28.037712,45.4273802],[28.0377175,45.4273546],[28.0377395,45.4272521],[28.0377749,45.4270746],[28.0378307,45.4269291],[28.0379891,45.4266182],[28.0382035,45.4263049],[28.0382612,45.4262179],[28.038505,45.4259033],[28.0385609,45.4258373],[28.0388652,45.4255375],[28.0388824,45.4255148],[28.0390158,45.4252506],[28.0390202,45.4252082],[28.0390551,45.42517],[28.0390796,45.4249779],[28.0390788,45.4249373],[28.0389971,45.4247288],[28.0388638,45.4245655],[28.0387514,45.424456],[28.0386064,45.4243426],[28.0382242,45.4241474],[28.0379111,45.4239811],[28.0376073,45.4237997],[28.0374173,45.4236733],[28.0373041,45.4235979],[28.0371861,45.4235037],[28.0368959,45.423272],[28.0365474,45.42293],[28.0364434,45.4228124],[28.0361773,45.4226257],[28.0358684,45.422451],[28.0356779,45.4223816],[28.0354649,45.4223064],[28.0351229,45.4222433],[28.0346581,45.4222883],[28.0344707,45.4223456],[28.0344109,45.4223709],[28.0343553,45.4223944],[28.0341746,45.4225037],[28.0341009,45.4225486],[28.0340353,45.422588],[28.0338475,45.4228043],[28.0337843,45.4228905],[28.0336661,45.4230823],[28.0334887,45.4236564],[28.0333085,45.424292],[28.0330247,45.4252686],[28.0329687,45.4254255],[28.03294,45.4255061],[28.0328066,45.4259308],[28.032691,45.4261621],[28.032635,45.4262725],[28.0325957,45.4263252],[28.0325033,45.4263989],[28.0324112,45.4264594],[28.0321741,45.4265883],[28.0320714,45.426643],[28.0320116,45.4266757],[28.031811,45.4267713],[28.0317358,45.4268118],[28.031513,45.4269465],[28.0314078,45.4270617],[28.0313568,45.427144],[28.0313022,45.427348],[28.0312585,45.4275317],[28.0312511,45.4275645],[28.0312163,45.4277822],[28.0311971,45.4278845],[28.0311825,45.4279929],[28.0311512,45.4281446],[28.0300074,45.4280561],[28.0292653,45.4279835],[28.029107,45.4279659],[28.0289961,45.4279556],[28.0280326,45.4278711],[28.0277376,45.4278477],[28.0262545,45.4277265],[28.0255128,45.4276595],[28.02534,45.4276489],[28.0252295,45.4276536],[28.025107,45.427661],[28.025009,45.4276703],[28.0248155,45.427685],[28.0247507,45.4277245],[28.0246269,45.4277721],[28.0244687,45.4277992],[28.0243061,45.4277938],[28.0241522,45.4277563],[28.0240746,45.4277222],[28.0239596,45.4276393],[28.0239092,45.4275809],[28.0238703,45.4275112],[28.0238532,45.4274352],[28.0238509,45.4273606],[28.0238719,45.427277],[28.0238972,45.4272339],[28.023921,45.4271163],[28.0239091,45.4270032],[28.0238738,45.4269237],[28.0238328,45.4268488],[28.0235871,45.4265445],[28.0234554,45.4263888],[28.0233293,45.4262245],[28.0232936,45.4261716],[28.023159,45.4259949],[28.0230234,45.4257567],[28.0229621,45.4256059],[28.0228788,45.4253705],[28.0228233,45.425215],[28.0227487,45.4249819],[28.0226133,45.4245552],[28.0224223,45.4239201],[28.02202,45.4226125],[28.021913,45.4222617],[28.0218219,45.4220312],[28.0217156,45.4218477],[28.0215152,45.4215835],[28.0213151,45.4213658],[28.0211811,45.4212626],[28.0210199,45.4211561],[28.0208291,45.4210445],[28.0206381,45.420939],[28.0205747,45.4209097],[28.0202519,45.4207505],[28.0202392,45.4207439],[28.0201554,45.4206995],[28.0201084,45.4206763],[28.0202074,45.4205763],[28.0203707,45.4204144],[28.0206367,45.4201621],[28.0208643,45.4199454],[28.0211498,45.4196721],[28.021168,45.4196544],[28.021332,45.4194949],[28.0216697,45.4191491],[28.0217277,45.4190927],[28.0221623,45.4186697],[28.022358,45.4184949],[28.0225572,45.4183022],[28.0226311,45.4182244],[28.0227723,45.4180748],[28.022872,45.4179532],[28.0229691,45.4178203],[28.0230832,45.4176336],[28.0231182,45.4175644],[28.023276,45.4172316],[28.0233824,45.4169495],[28.0233964,45.4168538],[28.0233595,45.4167398],[28.0232921,45.4166693],[28.0229671,45.4164955],[28.0228862,45.4164553],[28.0228171,45.4164189],[28.0225902,45.4163014],[28.0223283,45.4161688],[28.0218163,45.4158978],[28.0217086,45.4158427],[28.0212488,45.4156113],[28.0209293,45.415448],[28.0207249,45.4153412],[28.0207064,45.4153322],[28.0201316,45.4150523],[28.0198537,45.4149127],[28.0196846,45.4148295],[28.0196624,45.4148186],[28.0194399,45.4147074],[28.0190515,45.4145136],[28.0189855,45.4144793],[28.0184304,45.4142014],[28.0183326,45.4141496],[28.0176457,45.4137824],[28.0175785,45.4137474],[28.0174235,45.4136635],[28.017325,45.4136064],[28.0168132,45.4133361],[28.016456,45.4131498],[28.0164025,45.4131357],[28.016368,45.4131273],[28.0162879,45.4131078],[28.0162512,45.4130967],[28.015328,45.4126272],[28.0149506,45.4124353],[28.0147953,45.4123576],[28.0146661,45.4122839],[28.014579,45.4122266],[28.0145151,45.4121843],[28.0144523,45.4121461],[28.0143986,45.412127],[28.0143341,45.4120997],[28.014197,45.4121122],[28.0140927,45.4121375],[28.0139941,45.4121668],[28.0137922,45.4122368],[28.0124529,45.4127937],[28.0122112,45.4128941],[28.0125227,45.4130732],[28.012625,45.413132],[28.0127309,45.4131992],[28.0124538,45.4132838]]}},{"type":"Feature","properties":{"variantId":"tb:11:v1:tur","lineId":"bus-11","mode":"bus","colour":null,"direction":"tur"},"geometry":{"type":"LineString","coordinates":[[28.0195903,45.4505391],[28.0193909,45.4505596],[28.0193573,45.4507344],[28.0193283,45.4508221],[28.0192852,45.4509757],[28.0192616,45.4511121],[28.0192601,45.4513724],[28.0192419,45.4519309],[28.0192378,45.4520551],[28.0192206,45.4521377],[28.0191415,45.4522477],[28.0189266,45.4524914],[28.018808,45.4526259],[28.018717,45.452751],[28.0186574,45.4528701],[28.0186234,45.4531338],[28.0185958,45.4534054],[28.0185913,45.4534859],[28.0185357,45.4540351],[28.0185041,45.4542957],[28.0184896,45.4544631],[28.0184788,45.4545886],[28.0184824,45.4547097],[28.0184963,45.4547626],[28.0185723,45.4548693],[28.0186192,45.4549221],[28.0187,45.455014],[28.0188276,45.4552096],[28.0188718,45.4553111],[28.0188701,45.4555499],[28.0188279,45.4559236],[28.0188136,45.4560308],[28.018759,45.456598],[28.0187515,45.4566535],[28.0187436,45.4567632],[28.0187029,45.4571927],[28.0187178,45.4573659],[28.018717,45.4576087],[28.0200211,45.4579603],[28.0205975,45.458125],[28.0211203,45.458261],[28.021428,45.4583247],[28.0216825,45.4583531],[28.0218083,45.4583551],[28.0219147,45.4583546],[28.0220035,45.4583339],[28.0220708,45.4583017],[28.0221484,45.4582475],[28.0222246,45.4581715],[28.0222946,45.458082],[28.0223466,45.4579852],[28.0226951,45.4573928],[28.0227595,45.4572785],[28.0228882,45.4570535],[28.0231128,45.4566688],[28.0232806,45.4563745],[28.0235026,45.4559492],[28.0239753,45.4550837],[28.0240726,45.4549393],[28.0240557,45.4548942],[28.0240601,45.4548477],[28.0240852,45.4548045],[28.0240688,45.4547115],[28.0240608,45.4546176],[28.0240142,45.4543413],[28.0239611,45.4540363],[28.0239025,45.4536363],[28.0238384,45.4531508],[28.0237589,45.4526122],[28.0236137,45.4516327],[28.0235623,45.4512538],[28.0235066,45.4509314],[28.0234874,45.4507983],[28.0234511,45.4505314],[28.0234043,45.4503507],[28.023357,45.4503255],[28.0232958,45.4502697],[28.0232667,45.450206],[28.0232692,45.450139],[28.0233031,45.4500764],[28.0233646,45.4500252],[28.0234319,45.4499954],[28.0235083,45.4499799],[28.0235879,45.4499798],[28.0236644,45.4499952],[28.0238096,45.4499781],[28.024491,45.4498432],[28.0246082,45.4498085],[28.0247823,45.4497381],[28.0249255,45.449636],[28.0250293,45.4495163],[28.0251374,45.4493414],[28.0252204,45.4491312],[28.0252204,45.4489265],[28.0251814,45.4487391],[28.0250918,45.4485304],[28.0248582,45.4481279],[28.0246866,45.4478304],[28.0244574,45.4474303],[28.0242335,45.4470393],[28.023851,45.446372],[28.0235018,45.4457628],[28.0234395,45.4456543],[28.0230598,45.4449919],[28.0229802,45.4448772],[28.0229335,45.4448032],[28.0228704,45.4446978],[28.0227045,45.44439],[28.0225301,45.4440756],[28.0223389,45.4437457],[28.0221948,45.4434971],[28.0219414,45.44306],[28.0218595,45.4429187],[28.0215787,45.4424447],[28.0212901,45.4419424],[28.0211535,45.4417119],[28.0209228,45.4413108],[28.020639,45.4408009],[28.0205725,45.4406888],[28.0204953,45.440578],[28.0204004,45.4405012],[28.0203346,45.4404033],[28.02031,45.4402966],[28.0203187,45.440232],[28.0203216,45.44021],[28.0203605,45.4401275],[28.020453,45.4400296],[28.0205833,45.4399557],[28.0207017,45.4399196],[28.0208289,45.439904],[28.0209577,45.4399095],[28.021023,45.4398802],[28.0210701,45.4398499],[28.021106,45.4398135],[28.0211486,45.439765],[28.0212495,45.4396384],[28.0214079,45.4394355],[28.0215909,45.4392156],[28.0217626,45.4389964],[28.0219327,45.4387815],[28.0220764,45.4386013],[28.0221991,45.4384465],[28.0224603,45.4381134],[28.022673,45.4378448],[28.0232666,45.4371065],[28.0234531,45.4368642],[28.0236953,45.4365365],[28.0237671,45.4364384],[28.0238034,45.4363893],[28.0238702,45.4362985],[28.0240804,45.4360441],[28.0242348,45.4358724],[28.0246654,45.4353249],[28.0248626,45.4350691],[28.0249927,45.4348615],[28.0251117,45.4346592],[28.0252277,45.4343429],[28.0252823,45.4340755],[28.0253043,45.4339679],[28.0253162,45.4338464],[28.0253342,45.4336725],[28.0253437,45.4335426],[28.0253502,45.4333621],[28.0253426,45.4332284],[28.0253117,45.432996],[28.0251806,45.4322829],[28.0250386,45.4315721],[28.0249864,45.4313006],[28.0249199,45.4309428],[28.0248817,45.4307592],[28.024872,45.4307128],[28.0248586,45.430627],[28.0248022,45.4302518],[28.0247755,45.4300813],[28.0247394,45.4298502],[28.0246946,45.4295748],[28.0244132,45.4281977],[28.024402,45.4281332],[28.0243906,45.4280827],[28.0243589,45.4280024],[28.0243123,45.4279289],[28.0242368,45.4278475],[28.0241522,45.4277563],[28.0240746,45.4277222],[28.0239596,45.4276393],[28.0239092,45.4275809],[28.0238703,45.4275112],[28.0238532,45.4274352],[28.0238509,45.4273606],[28.0238719,45.427277],[28.0238972,45.4272339],[28.0239835,45.42714],[28.0240601,45.4270901],[28.0241633,45.4270413],[28.0242475,45.4270193],[28.0242786,45.4270115],[28.0244688,45.4270036],[28.0246429,45.4270354],[28.0247979,45.4271143],[28.0249128,45.4272083],[28.0251697,45.4273556],[28.0252666,45.4273963],[28.0253815,45.4274399],[28.0255359,45.4274789],[28.0265762,45.427571],[28.0270357,45.4276129],[28.0281,45.4277056],[28.0284674,45.4277393],[28.0289472,45.4277833],[28.0290263,45.4277903],[28.0292984,45.4278151],[28.0309613,45.4279684],[28.0311825,45.4279929],[28.0314927,45.4280175],[28.0353141,45.428346],[28.0369098,45.4284868],[28.0371949,45.4285161],[28.0373748,45.4285362],[28.0375461,45.4285541],[28.0379401,45.4285847],[28.0387086,45.4286585],[28.0390974,45.4287007],[28.0395987,45.4287704],[28.0403058,45.4288752],[28.0407123,45.4289354],[28.0408781,45.4289649],[28.041473,45.4290717],[28.0419267,45.4291697],[28.0423923,45.4292973],[28.0427346,45.4294003],[28.0430547,45.4295029],[28.0446786,45.4300455],[28.045163,45.4302013],[28.045369,45.4302772],[28.0455034,45.4303254],[28.0456426,45.4303869],[28.045786,45.430453],[28.0461448,45.4306111],[28.0464341,45.4307468],[28.0470013,45.4310488],[28.0471024,45.4311055],[28.0485385,45.4319507],[28.0488505,45.4321384],[28.0491374,45.4322998],[28.0493834,45.4324275],[28.0496332,45.4325422],[28.0496728,45.4325573],[28.050355,45.4328297],[28.0505735,45.4329164],[28.0509539,45.4330895],[28.0510428,45.4331135],[28.0515737,45.4332764],[28.0517046,45.4333186],[28.0519065,45.4333888],[28.0520717,45.4334422],[28.0521405,45.4334666],[28.0522457,45.4335039],[28.0528546,45.4337197],[28.05298,45.4337432],[28.0531315,45.4337629],[28.0532992,45.4337787],[28.0535555,45.4337882],[28.0537122,45.433791],[28.054031,45.4337868],[28.054156,45.4337728],[28.0542928,45.4337528],[28.0547899,45.4336859],[28.0550249,45.4336549],[28.0552469,45.4336346],[28.0552935,45.4339162],[28.0554862,45.4348177],[28.0555068,45.4349136],[28.0556288,45.4354438],[28.0556428,45.4355025],[28.0556746,45.4356414],[28.0557002,45.435734],[28.0557398,45.4358679],[28.0557792,45.436008],[28.0558151,45.4361357],[28.0558802,45.4363702],[28.055898,45.4364352],[28.0559714,45.4366743],[28.0561252,45.4371576],[28.0561866,45.4373285],[28.0562985,45.4379644],[28.0564099,45.4386215],[28.0564401,45.4388363],[28.056465,45.4389825],[28.0564876,45.4392663],[28.0564907,45.4393779],[28.0564904,45.4394816],[28.0564778,45.439695],[28.0564527,45.4398626],[28.0563606,45.4404423],[28.0563443,45.4406122],[28.0563391,45.440654],[28.0563105,45.4408424],[28.0563045,45.4408712],[28.0562381,45.4411617],[28.0561851,45.4413293],[28.05618,45.4413462],[28.0560128,45.4419776],[28.0559376,45.4422393],[28.0559106,45.4423518],[28.0558887,45.4424574],[28.0558668,45.4425479],[28.0558374,45.4426604],[28.0557493,45.4429909],[28.0556772,45.4432343],[28.0555763,45.4435656],[28.0554642,45.4438609],[28.0554319,45.4439477],[28.0553356,45.4439373],[28.0547904,45.4438924],[28.0537344,45.4438112],[28.0534193,45.4437911],[28.0517121,45.443665],[28.0517448,45.4436291],[28.0517827,45.4435842],[28.0518372,45.4433727],[28.0518508,45.4432496],[28.0519301,45.4425374],[28.0519661,45.4422083],[28.0520549,45.4415636],[28.0520954,45.4412573],[28.0521028,45.4412247],[28.0521788,45.4406771],[28.0522551,45.4400556],[28.0522662,45.4399629],[28.0513061,45.4398518],[28.0495996,45.4396398],[28.0494707,45.4396095],[28.0491721,45.4395336],[28.0491019,45.439516],[28.0489891,45.4394886],[28.0489749,45.4394847],[28.0490158,45.4394085],[28.0490471,45.4393493],[28.0491795,45.4390984],[28.0492247,45.4390123],[28.0495895,45.4382887],[28.0495414,45.4382599],[28.0495039,45.4382307],[28.0494635,45.4382089],[28.0494022,45.4381908],[28.0492853,45.4381761],[28.0491951,45.4381626],[28.0491263,45.4380689],[28.049119,45.4379992],[28.0491695,45.4379352],[28.0492121,45.4378942],[28.0494009,45.4378641],[28.0495468,45.4378702],[28.0496239,45.4378901],[28.0496546,45.437898],[28.0497742,45.4379286]]}},{"type":"Feature","properties":{"variantId":"tb:11:v1:retur","lineId":"bus-11","mode":"bus","colour":null,"direction":"retur"},"geometry":{"type":"LineString","coordinates":[[28.0491951,45.4381626],[28.0491263,45.4380689],[28.049119,45.4379992],[28.0491695,45.4379352],[28.0492121,45.4378942],[28.0494009,45.4378641],[28.0495468,45.4378702],[28.0496239,45.4378901],[28.0496546,45.437898],[28.0497742,45.4379286],[28.0497094,45.4380587],[28.0496207,45.4382369],[28.0495895,45.4382887],[28.0492247,45.4390123],[28.0491795,45.4390984],[28.0490471,45.4393493],[28.0490158,45.4394085],[28.0489749,45.4394847],[28.0489891,45.4394886],[28.0491019,45.439516],[28.0491721,45.4395336],[28.0494707,45.4396095],[28.0495996,45.4396398],[28.0513061,45.4398518],[28.0522662,45.4399629],[28.0523035,45.4396767],[28.0524005,45.4390989],[28.0524472,45.4386824],[28.0524742,45.4384883],[28.0525917,45.4377348],[28.0526169,45.4375426],[28.0526765,45.4371666],[28.0526956,45.437015],[28.0527021,45.4369557],[28.052718,45.4368213],[28.0527331,45.4367016],[28.0527711,45.4365963],[28.0528602,45.4364403],[28.0529711,45.4362483],[28.0532152,45.4358079],[28.0532477,45.4357532],[28.0532906,45.4356809],[28.0535318,45.4352536],[28.0537802,45.4349288],[28.0538952,45.4347905],[28.0540168,45.4346277],[28.0540719,45.4345188],[28.0540931,45.4344258],[28.0540735,45.434208],[28.0540469,45.433939],[28.054031,45.4337868],[28.0537122,45.433791],[28.0535555,45.4337882],[28.0532992,45.4337787],[28.0531315,45.4337629],[28.05298,45.4337432],[28.0528546,45.4337197],[28.0522457,45.4335039],[28.0521405,45.4334666],[28.0520717,45.4334422],[28.0519065,45.4333888],[28.0517046,45.4333186],[28.0515737,45.4332764],[28.0510428,45.4331135],[28.0509539,45.4330895],[28.0504333,45.4329623],[28.0499882,45.4328328],[28.0497071,45.4327461],[28.0495043,45.4326778],[28.0492296,45.4325516],[28.0489297,45.4323911],[28.0487028,45.4322634],[28.046959,45.431241],[28.0468549,45.431181],[28.0466191,45.4310552],[28.0460566,45.4307701],[28.0457344,45.4306242],[28.0455296,45.4305258],[28.0453867,45.4304682],[28.0452642,45.4304206],[28.0450672,45.4303537],[28.042542,45.4295292],[28.0418858,45.4293443],[28.0414337,45.4292359],[28.0408585,45.4291201],[28.040666,45.4290824],[28.040194,45.4290024],[28.0395616,45.4289108],[28.0390819,45.4288478],[28.0378907,45.4287231],[28.0374912,45.4287005],[28.0373007,45.4286808],[28.0371541,45.4286656],[28.0367909,45.4286388],[28.036079,45.4285811],[28.0355587,45.4285357],[28.0339778,45.4283962],[28.0334407,45.4283499],[28.0321926,45.4282355],[28.0314701,45.4281701],[28.0311512,45.4281446],[28.0300074,45.4280561],[28.0292653,45.4279835],[28.029107,45.4279659],[28.0289961,45.4279556],[28.0280326,45.4278711],[28.0277376,45.4278477],[28.0262545,45.4277265],[28.0255128,45.4276595],[28.02534,45.4276489],[28.0252295,45.4276536],[28.025107,45.427661],[28.025009,45.4276703],[28.0248155,45.427685],[28.0247507,45.4277245],[28.0247067,45.4278429],[28.0246764,45.4279407],[28.024658,45.4280282],[28.0246471,45.4281139],[28.0247151,45.4285177],[28.0248554,45.4292635],[28.024914,45.4295706],[28.0249905,45.4300684],[28.0250238,45.4302847],[28.025049,45.4304702],[28.0250873,45.4307038],[28.0251283,45.4309263],[28.0252689,45.4317378],[28.025476,45.4328515],[28.0255112,45.4330341],[28.0255386,45.4331706],[28.0255607,45.433317],[28.0255718,45.4333934],[28.0255794,45.4334944],[28.0255774,45.4336063],[28.0255816,45.4336735],[28.0255576,45.433837],[28.0255426,45.4339563],[28.0255149,45.4340668],[28.0254924,45.4341564],[28.0254483,45.4342905],[28.0254028,45.4344216],[28.0253049,45.4346579],[28.0251833,45.4348902],[28.0251185,45.4349963],[28.0250216,45.4351428],[28.0248178,45.4354162],[28.0245726,45.43572],[28.0244051,45.4359364],[28.0242406,45.4361798],[28.0240023,45.4364685],[28.0237798,45.4367344],[28.0236206,45.4369282],[28.0234976,45.4370787],[28.0234114,45.4371853],[28.0229171,45.4378157],[28.0228335,45.4379114],[28.0221225,45.4388175],[28.0217706,45.4392661],[28.0217112,45.4393427],[28.0215712,45.4395353],[28.0214334,45.4397209],[28.0213522,45.4398327],[28.0213189,45.4398995],[28.0213069,45.439947],[28.0213071,45.4399915],[28.0213408,45.4401022],[28.0213881,45.4401823],[28.0214081,45.44026],[28.0214029,45.4403492],[28.0213759,45.4404221],[28.021327,45.4404926],[28.0212587,45.4405547],[28.0211739,45.4406058],[28.0210761,45.4406438],[28.0209694,45.4406672],[28.0208957,45.4407651],[28.0208786,45.4408123],[28.0208797,45.4408553],[28.0208926,45.440896],[28.0209116,45.4409366],[28.0211435,45.441334],[28.0214739,45.441925],[28.021493,45.4419534],[28.0217565,45.4423909],[28.0228147,45.4442157],[28.0230556,45.4446422],[28.0231165,45.4447532],[28.0231597,45.4448272],[28.0232637,45.4449955],[28.0233377,45.4451269],[28.0234927,45.4453942],[28.0235794,45.4455438],[28.0236908,45.4457359],[28.0239467,45.4461773],[28.0240627,45.4463773],[28.0242035,45.4466202],[28.0243397,45.4468551],[28.0245472,45.447213],[28.0249761,45.4479427],[28.0250511,45.4480784],[28.0256347,45.449115],[28.0257311,45.449309],[28.02577,45.449337],[28.0258202,45.4493816],[28.0258638,45.4494439],[28.0258858,45.4495115],[28.0258849,45.4495809],[28.0258611,45.4496483],[28.0258159,45.44971],[28.0257516,45.4497627],[28.0256717,45.4498035],[28.0255596,45.4498372],[28.0254325,45.4498437],[28.0248718,45.4499534],[28.0246745,45.4499894],[28.0243178,45.4500584],[28.0239518,45.4501447],[28.0238315,45.4502003],[28.0238105,45.450256],[28.0237634,45.4503088],[28.0236953,45.4503489],[28.0235959,45.4503747],[28.0235177,45.4503763],[28.023465,45.4503705],[28.0234043,45.4503507],[28.023357,45.4503255],[28.0232958,45.4502697],[28.0231082,45.4502002],[28.0229655,45.4501686],[28.0228695,45.4501578],[28.0227622,45.450155],[28.022628,45.4501658],[28.0220199,45.4502313],[28.0215842,45.450285],[28.0210344,45.4503595],[28.0209661,45.4503695],[28.020815,45.4503905],[28.0204569,45.4504433],[28.0196891,45.4505301],[28.0195903,45.4505391]]}},{"type":"Feature","properties":{"variantId":"tb:11:v2:tur","lineId":"bus-11","mode":"bus","colour":null,"direction":"tur"},"geometry":{"type":"LineString","coordinates":[[28.0195903,45.4505391],[28.0193909,45.4505596],[28.0193573,45.4507344],[28.0193283,45.4508221],[28.0192852,45.4509757],[28.0192616,45.4511121],[28.0192601,45.4513724],[28.0192419,45.4519309],[28.0192378,45.4520551],[28.0192206,45.4521377],[28.0191415,45.4522477],[28.0189266,45.4524914],[28.018808,45.4526259],[28.018717,45.452751],[28.0186574,45.4528701],[28.0186234,45.4531338],[28.0185958,45.4534054],[28.0185913,45.4534859],[28.0185357,45.4540351],[28.0185041,45.4542957],[28.0184896,45.4544631],[28.0184788,45.4545886],[28.0184824,45.4547097],[28.0184963,45.4547626],[28.0185723,45.4548693],[28.0186192,45.4549221],[28.0187,45.455014],[28.0188276,45.4552096],[28.0188718,45.4553111],[28.0188701,45.4555499],[28.0188279,45.4559236],[28.0188136,45.4560308],[28.018759,45.456598],[28.0187515,45.4566535],[28.0187436,45.4567632],[28.0187029,45.4571927],[28.0187178,45.4573659],[28.018717,45.4576087],[28.0200211,45.4579603],[28.0205975,45.458125],[28.0211203,45.458261],[28.021428,45.4583247],[28.0216825,45.4583531],[28.0218083,45.4583551],[28.0219147,45.4583546],[28.0220035,45.4583339],[28.0220708,45.4583017],[28.0221484,45.4582475],[28.0222246,45.4581715],[28.0222946,45.458082],[28.0223466,45.4579852],[28.0226951,45.4573928],[28.0227595,45.4572785],[28.0228882,45.4570535],[28.0231128,45.4566688],[28.0232806,45.4563745],[28.0235026,45.4559492],[28.0239753,45.4550837],[28.0240726,45.4549393],[28.0240557,45.4548942],[28.0240601,45.4548477],[28.0240852,45.4548045],[28.0240688,45.4547115],[28.0240608,45.4546176],[28.0240142,45.4543413],[28.0239611,45.4540363],[28.0239025,45.4536363],[28.0238384,45.4531508],[28.0237589,45.4526122],[28.0236137,45.4516327],[28.0235623,45.4512538],[28.0235066,45.4509314],[28.0234874,45.4507983],[28.0234511,45.4505314],[28.0234043,45.4503507],[28.023357,45.4503255],[28.0232958,45.4502697],[28.0232667,45.450206],[28.0232692,45.450139],[28.0233031,45.4500764],[28.0233646,45.4500252],[28.0234319,45.4499954],[28.0235083,45.4499799],[28.0235879,45.4499798],[28.0236644,45.4499952],[28.0238096,45.4499781],[28.024491,45.4498432],[28.0246082,45.4498085],[28.0247823,45.4497381],[28.0249255,45.449636],[28.0250293,45.4495163],[28.0251374,45.4493414],[28.0252204,45.4491312],[28.0252204,45.4489265],[28.0251814,45.4487391],[28.0250918,45.4485304],[28.0248582,45.4481279],[28.0246866,45.4478304],[28.0244574,45.4474303],[28.0242335,45.4470393],[28.023851,45.446372],[28.0235018,45.4457628],[28.0234395,45.4456543],[28.0230598,45.4449919],[28.0229802,45.4448772],[28.0229335,45.4448032],[28.0228704,45.4446978],[28.0227045,45.44439],[28.0225301,45.4440756],[28.0223389,45.4437457],[28.0221948,45.4434971],[28.0219414,45.44306],[28.0218595,45.4429187],[28.0215787,45.4424447],[28.0212901,45.4419424],[28.0211535,45.4417119],[28.0209228,45.4413108],[28.020639,45.4408009],[28.0205725,45.4406888],[28.0204953,45.440578],[28.0204004,45.4405012],[28.0203346,45.4404033],[28.02031,45.4402966],[28.0203187,45.440232],[28.0203216,45.44021],[28.0203605,45.4401275],[28.020453,45.4400296],[28.0205833,45.4399557],[28.0207017,45.4399196],[28.0208289,45.439904],[28.0209577,45.4399095],[28.021023,45.4398802],[28.0210701,45.4398499],[28.021106,45.4398135],[28.0211486,45.439765],[28.0212495,45.4396384],[28.0214079,45.4394355],[28.0215909,45.4392156],[28.0217626,45.4389964],[28.0219327,45.4387815],[28.0220764,45.4386013],[28.0221991,45.4384465],[28.0224603,45.4381134],[28.022673,45.4378448],[28.0232666,45.4371065],[28.0234531,45.4368642],[28.0236953,45.4365365],[28.0237671,45.4364384],[28.0238034,45.4363893],[28.0238702,45.4362985],[28.0240804,45.4360441],[28.0242348,45.4358724],[28.0246654,45.4353249],[28.0248626,45.4350691],[28.0249927,45.4348615],[28.0251117,45.4346592],[28.0252277,45.4343429],[28.0252823,45.4340755],[28.0253043,45.4339679],[28.0253162,45.4338464],[28.0253342,45.4336725],[28.0253437,45.4335426],[28.0253502,45.4333621],[28.0253426,45.4332284],[28.0253117,45.432996],[28.0251806,45.4322829],[28.0250386,45.4315721],[28.0249864,45.4313006],[28.0249199,45.4309428],[28.0248817,45.4307592],[28.024872,45.4307128],[28.0248586,45.430627],[28.0248022,45.4302518],[28.0247755,45.4300813],[28.0247394,45.4298502],[28.0246946,45.4295748],[28.0244132,45.4281977],[28.024402,45.4281332],[28.0243906,45.4280827],[28.0243589,45.4280024],[28.0243123,45.4279289],[28.0242368,45.4278475],[28.0241522,45.4277563],[28.0240746,45.4277222],[28.0239596,45.4276393],[28.0239092,45.4275809],[28.0238703,45.4275112],[28.0238532,45.4274352],[28.0238509,45.4273606],[28.0238719,45.427277],[28.0238972,45.4272339],[28.0239835,45.42714],[28.0240601,45.4270901],[28.0241633,45.4270413],[28.0242475,45.4270193],[28.0242786,45.4270115],[28.0244688,45.4270036],[28.0246429,45.4270354],[28.0247979,45.4271143],[28.0249128,45.4272083],[28.0251697,45.4273556],[28.0252666,45.4273963],[28.0253815,45.4274399],[28.0255359,45.4274789],[28.0265762,45.427571],[28.0270357,45.4276129],[28.0281,45.4277056],[28.0284674,45.4277393],[28.0289472,45.4277833],[28.0290263,45.4277903],[28.0292984,45.4278151],[28.0309613,45.4279684],[28.0311825,45.4279929],[28.0314927,45.4280175],[28.0353141,45.428346],[28.0369098,45.4284868],[28.0371949,45.4285161],[28.0373748,45.4285362],[28.0375461,45.4285541],[28.0379401,45.4285847],[28.0387086,45.4286585],[28.0390974,45.4287007],[28.0395987,45.4287704],[28.0403058,45.4288752],[28.0407123,45.4289354],[28.0408781,45.4289649],[28.041473,45.4290717],[28.0419267,45.4291697],[28.0423923,45.4292973],[28.0427346,45.4294003],[28.0430547,45.4295029],[28.0446786,45.4300455],[28.045163,45.4302013],[28.045369,45.4302772],[28.0455034,45.4303254],[28.0456426,45.4303869],[28.045786,45.430453],[28.0461448,45.4306111],[28.0464341,45.4307468],[28.0470013,45.4310488],[28.0471024,45.4311055],[28.0485385,45.4319507],[28.0488505,45.4321384],[28.0491374,45.4322998],[28.0493834,45.4324275],[28.0496332,45.4325422],[28.0496728,45.4325573],[28.050355,45.4328297],[28.0505735,45.4329164],[28.0509539,45.4330895],[28.0510428,45.4331135],[28.0515737,45.4332764],[28.0517046,45.4333186],[28.0519065,45.4333888],[28.0520717,45.4334422],[28.0521405,45.4334666],[28.0522457,45.4335039],[28.0528546,45.4337197],[28.05298,45.4337432],[28.0531315,45.4337629],[28.0532992,45.4337787],[28.0535555,45.4337882],[28.0537122,45.433791],[28.054031,45.4337868],[28.054156,45.4337728],[28.0542928,45.4337528],[28.0547899,45.4336859],[28.0550249,45.4336549],[28.0552469,45.4336346],[28.0552935,45.4339162],[28.0554862,45.4348177],[28.0555068,45.4349136],[28.0556288,45.4354438],[28.0556428,45.4355025],[28.0556746,45.4356414],[28.0557002,45.435734],[28.0557398,45.4358679],[28.0557792,45.436008],[28.0558151,45.4361357],[28.0558802,45.4363702],[28.055898,45.4364352],[28.0559714,45.4366743],[28.0561252,45.4371576],[28.0561866,45.4373285],[28.0562985,45.4379644],[28.0564099,45.4386215],[28.0564401,45.4388363],[28.056465,45.4389825],[28.0564876,45.4392663],[28.0564907,45.4393779],[28.0564904,45.4394816],[28.0564778,45.439695],[28.0564527,45.4398626],[28.0563606,45.4404423],[28.0563443,45.4406122],[28.0563391,45.440654],[28.0563105,45.4408424],[28.0563045,45.4408712],[28.0562381,45.4411617],[28.0561851,45.4413293],[28.05618,45.4413462],[28.0560128,45.4419776],[28.0559376,45.4422393],[28.0559106,45.4423518],[28.0558887,45.4424574],[28.0558668,45.4425479],[28.0558374,45.4426604],[28.0557493,45.4429909],[28.0556772,45.4432343],[28.0555763,45.4435656],[28.0554642,45.4438609],[28.0554319,45.4439477],[28.055396,45.4440415],[28.0553467,45.4441774],[28.0550735,45.4447807],[28.0549287,45.4451187],[28.0548136,45.4453938],[28.0546052,45.4459096],[28.0545992,45.4459229],[28.054593,45.4459354],[28.0543707,45.4463384],[28.0541246,45.4467371],[28.0540519,45.4468567],[28.0535495,45.4476588],[28.053285,45.4480908],[28.0532223,45.4481955],[28.0531047,45.448391],[28.0530205,45.4485373],[28.0527225,45.4490129],[28.0523689,45.4495534],[28.0521788,45.4498745],[28.0521194,45.449977],[28.0520816,45.4500393],[28.0518692,45.4503784],[28.0516449,45.450743],[28.0515411,45.4509183],[28.0513126,45.4513057],[28.0513069,45.4513154],[28.0512802,45.4514957],[28.0512605,45.4515677],[28.0512403,45.4515926],[28.0512042,45.4516314]]}},{"type":"Feature","properties":{"variantId":"tb:11:v2:retur","lineId":"bus-11","mode":"bus","colour":null,"direction":"retur"},"geometry":{"type":"LineString","coordinates":[[28.0508522,45.4514528],[28.0510639,45.4514394],[28.0511444,45.4514401],[28.0513069,45.4513154],[28.0513126,45.4513057],[28.0515411,45.4509183],[28.0516449,45.450743],[28.0518692,45.4503784],[28.0520816,45.4500393],[28.0521194,45.449977],[28.0521788,45.4498745],[28.0523689,45.4495534],[28.0527225,45.4490129],[28.0530205,45.4485373],[28.0531047,45.448391],[28.0532223,45.4481955],[28.053285,45.4480908],[28.0535495,45.4476588],[28.0540519,45.4468567],[28.0541246,45.4467371],[28.0543707,45.4463384],[28.054593,45.4459354],[28.0545992,45.4459229],[28.0546052,45.4459096],[28.0548136,45.4453938],[28.0549287,45.4451187],[28.0550735,45.4447807],[28.0553467,45.4441774],[28.055396,45.4440415],[28.0554319,45.4439477],[28.0553356,45.4439373],[28.0547904,45.4438924],[28.0537344,45.4438112],[28.0534193,45.4437911],[28.0517121,45.443665],[28.0517448,45.4436291],[28.0517827,45.4435842],[28.0518372,45.4433727],[28.0518508,45.4432496],[28.0519301,45.4425374],[28.0519661,45.4422083],[28.0520549,45.4415636],[28.0520954,45.4412573],[28.0521028,45.4412247],[28.0521788,45.4406771],[28.0522551,45.4400556],[28.0522662,45.4399629],[28.0523035,45.4396767],[28.0524005,45.4390989],[28.0524472,45.4386824],[28.0524742,45.4384883],[28.0525917,45.4377348],[28.0526169,45.4375426],[28.0526765,45.4371666],[28.0526956,45.437015],[28.0527021,45.4369557],[28.052718,45.4368213],[28.0527331,45.4367016],[28.0527711,45.4365963],[28.0528602,45.4364403],[28.0529711,45.4362483],[28.0532152,45.4358079],[28.0532477,45.4357532],[28.0532906,45.4356809],[28.0535318,45.4352536],[28.0537802,45.4349288],[28.0538952,45.4347905],[28.0540168,45.4346277],[28.0540719,45.4345188],[28.0540931,45.4344258],[28.0540735,45.434208],[28.0540469,45.433939],[28.054031,45.4337868],[28.0537122,45.433791],[28.0535555,45.4337882],[28.0532992,45.4337787],[28.0531315,45.4337629],[28.05298,45.4337432],[28.0528546,45.4337197],[28.0522457,45.4335039],[28.0521405,45.4334666],[28.0520717,45.4334422],[28.0519065,45.4333888],[28.0517046,45.4333186],[28.0515737,45.4332764],[28.0510428,45.4331135],[28.0509539,45.4330895],[28.0504333,45.4329623],[28.0499882,45.4328328],[28.0497071,45.4327461],[28.0495043,45.4326778],[28.0492296,45.4325516],[28.0489297,45.4323911],[28.0487028,45.4322634],[28.046959,45.431241],[28.0468549,45.431181],[28.0466191,45.4310552],[28.0460566,45.4307701],[28.0457344,45.4306242],[28.0455296,45.4305258],[28.0453867,45.4304682],[28.0452642,45.4304206],[28.0450672,45.4303537],[28.042542,45.4295292],[28.0418858,45.4293443],[28.0414337,45.4292359],[28.0408585,45.4291201],[28.040666,45.4290824],[28.040194,45.4290024],[28.0395616,45.4289108],[28.0390819,45.4288478],[28.0378907,45.4287231],[28.0374912,45.4287005],[28.0373007,45.4286808],[28.0371541,45.4286656],[28.0367909,45.4286388],[28.036079,45.4285811],[28.0355587,45.4285357],[28.0339778,45.4283962],[28.0334407,45.4283499],[28.0321926,45.4282355],[28.0314701,45.4281701],[28.0311512,45.4281446],[28.0300074,45.4280561],[28.0292653,45.4279835],[28.029107,45.4279659],[28.0289961,45.4279556],[28.0280326,45.4278711],[28.0277376,45.4278477],[28.0262545,45.4277265],[28.0255128,45.4276595],[28.02534,45.4276489],[28.0252295,45.4276536],[28.025107,45.427661],[28.025009,45.4276703],[28.0248155,45.427685],[28.0247507,45.4277245],[28.0247067,45.4278429],[28.0246764,45.4279407],[28.024658,45.4280282],[28.0246471,45.4281139],[28.0247151,45.4285177],[28.0248554,45.4292635],[28.024914,45.4295706],[28.0249905,45.4300684],[28.0250238,45.4302847],[28.025049,45.4304702],[28.0250873,45.4307038],[28.0251283,45.4309263],[28.0252689,45.4317378],[28.025476,45.4328515],[28.0255112,45.4330341],[28.0255386,45.4331706],[28.0255607,45.433317],[28.0255718,45.4333934],[28.0255794,45.4334944],[28.0255774,45.4336063],[28.0255816,45.4336735],[28.0255576,45.433837],[28.0255426,45.4339563],[28.0255149,45.4340668],[28.0254924,45.4341564],[28.0254483,45.4342905],[28.0254028,45.4344216],[28.0253049,45.4346579],[28.0251833,45.4348902],[28.0251185,45.4349963],[28.0250216,45.4351428],[28.0248178,45.4354162],[28.0245726,45.43572],[28.0244051,45.4359364],[28.0242406,45.4361798],[28.0240023,45.4364685],[28.0237798,45.4367344],[28.0236206,45.4369282],[28.0234976,45.4370787],[28.0234114,45.4371853],[28.0229171,45.4378157],[28.0228335,45.4379114],[28.0221225,45.4388175],[28.0217706,45.4392661],[28.0217112,45.4393427],[28.0215712,45.4395353],[28.0214334,45.4397209],[28.0213522,45.4398327],[28.0213189,45.4398995],[28.0213069,45.439947],[28.0213071,45.4399915],[28.0213408,45.4401022],[28.0213881,45.4401823],[28.0214081,45.44026],[28.0214029,45.4403492],[28.0213759,45.4404221],[28.021327,45.4404926],[28.0212587,45.4405547],[28.0211739,45.4406058],[28.0210761,45.4406438],[28.0209694,45.4406672],[28.0208957,45.4407651],[28.0208786,45.4408123],[28.0208797,45.4408553],[28.0208926,45.440896],[28.0209116,45.4409366],[28.0211435,45.441334],[28.0214739,45.441925],[28.021493,45.4419534],[28.0217565,45.4423909],[28.0228147,45.4442157],[28.0230556,45.4446422],[28.0231165,45.4447532],[28.0231597,45.4448272],[28.0232637,45.4449955],[28.0233377,45.4451269],[28.0234927,45.4453942],[28.0235794,45.4455438],[28.0236908,45.4457359],[28.0239467,45.4461773],[28.0240627,45.4463773],[28.0242035,45.4466202],[28.0243397,45.4468551],[28.0245472,45.447213],[28.0249761,45.4479427],[28.0250511,45.4480784],[28.0256347,45.449115],[28.0257311,45.449309],[28.02577,45.449337],[28.0258202,45.4493816],[28.0258638,45.4494439],[28.0258858,45.4495115],[28.0258849,45.4495809],[28.0258611,45.4496483],[28.0258159,45.44971],[28.0257516,45.4497627],[28.0256717,45.4498035],[28.0255596,45.4498372],[28.0254325,45.4498437],[28.0248718,45.4499534],[28.0246745,45.4499894],[28.0243178,45.4500584],[28.0239518,45.4501447],[28.0238315,45.4502003],[28.0238105,45.450256],[28.0237634,45.4503088],[28.0236953,45.4503489],[28.0235959,45.4503747],[28.0235177,45.4503763],[28.023465,45.4503705],[28.0234043,45.4503507],[28.023357,45.4503255],[28.0232958,45.4502697],[28.0231082,45.4502002],[28.0229655,45.4501686],[28.0228695,45.4501578],[28.0227622,45.450155],[28.022628,45.4501658],[28.0220199,45.4502313],[28.0215842,45.450285],[28.0210344,45.4503595],[28.0209661,45.4503695],[28.020815,45.4503905],[28.0204569,45.4504433],[28.0196891,45.4505301],[28.0195903,45.4505391]]}},{"type":"Feature","properties":{"variantId":"tb:13:v1:tur","lineId":"bus-13","mode":"bus","colour":null,"direction":"tur"},"geometry":{"type":"LineString","coordinates":[[28.0491695,45.4379352],[28.0492121,45.4378942],[28.0494009,45.4378641],[28.0495468,45.4378702],[28.0496239,45.4378901],[28.0496546,45.437898],[28.0497742,45.4379286],[28.0497094,45.4380587],[28.0496207,45.4382369],[28.0495895,45.4382887],[28.0492247,45.4390123],[28.0491795,45.4390984],[28.0490471,45.4393493],[28.0490158,45.4394085],[28.0489749,45.4394847],[28.0489374,45.4395524],[28.0489129,45.4395976],[28.0487627,45.4398741],[28.0485474,45.4403066],[28.0484891,45.4404236],[28.0482822,45.4408285],[28.0482181,45.4409538],[28.04795,45.4414785],[28.0478969,45.4415824],[28.0478371,45.4416993],[28.0475461,45.4422665],[28.0473907,45.4425963],[28.0472904,45.4427979],[28.0472186,45.4429423],[28.0471623,45.4430485],[28.0470569,45.4432513],[28.0470048,45.4433561],[28.046908,45.4435375],[28.046878,45.4435898],[28.0468488,45.443645],[28.0468398,45.4436613],[28.0468405,45.4436636],[28.0468497,45.4436993],[28.0468689,45.4437622],[28.0469055,45.4438482],[28.0469622,45.4439218],[28.0470829,45.4440268],[28.047096,45.4440389],[28.0472504,45.444078],[28.0482033,45.4443112],[28.0485384,45.444395],[28.0486415,45.4444219],[28.049495,45.4446387],[28.0503918,45.4448717],[28.0509441,45.4450085],[28.0522149,45.4453235],[28.0530435,45.4455317],[28.0532852,45.4455925],[28.0536499,45.4456842],[28.0545992,45.4459229],[28.0551093,45.4460563],[28.0559413,45.4462629],[28.0560078,45.4462801],[28.0560201,45.4462833],[28.0564652,45.4463982],[28.0568993,45.4465082],[28.0570335,45.4465422],[28.0577841,45.4467322],[28.0620926,45.4478176],[28.0625469,45.4479013],[28.0630135,45.4479802],[28.0633344,45.4480145],[28.0636231,45.4480354],[28.0643685,45.4480715],[28.0650714,45.4480686],[28.0651817,45.4480682],[28.0656138,45.4480652],[28.0665997,45.4480376],[28.0672828,45.4480185],[28.0673394,45.4480171],[28.0677823,45.4480046],[28.0680462,45.4479982],[28.0709791,45.4479354],[28.0721348,45.4479092],[28.072572,45.4478994],[28.0730535,45.4478886],[28.0730609,45.4478885],[28.07308,45.4478881],[28.0733729,45.4478815],[28.0735066,45.4478785],[28.0739459,45.4478734],[28.0747503,45.4478506],[28.0753582,45.4478344],[28.0769534,45.4478051],[28.0789248,45.4477655],[28.0802622,45.4477309],[28.0832541,45.4476641],[28.0833097,45.4476625],[28.0833287,45.447662],[28.0837434,45.4476503],[28.0874319,45.4475694],[28.0889306,45.4475316],[28.0901028,45.4475079],[28.0901256,45.4475075],[28.0901501,45.4475068],[28.0906669,45.4474932],[28.093109,45.4474371],[28.0939252,45.4474152],[28.0942115,45.4474038],[28.0945807,45.4473874],[28.0945873,45.4473871],[28.096517,45.4473011],[28.0972461,45.4472876],[28.0975038,45.447299],[28.0978489,45.4473353],[28.0987081,45.4474464],[28.0993904,45.4475495],[28.0994357,45.4475563],[28.1007349,45.4477525],[28.1010293,45.4478133],[28.1012042,45.4478353],[28.1013392,45.4478365],[28.1013887,45.4478139],[28.1014437,45.4477991],[28.101502,45.4477927],[28.1015608,45.4477949],[28.1016178,45.4478057],[28.1016702,45.4478246],[28.1017159,45.4478507],[28.1017528,45.447883],[28.1017793,45.4479199],[28.1017943,45.4479599],[28.1017974,45.4479951],[28.1017915,45.4480301],[28.1017769,45.4480638],[28.1018758,45.448172],[28.1019223,45.4482094],[28.101984,45.4482376],[28.102172,45.4482846],[28.1032158,45.4481702],[28.1035117,45.4481507],[28.1038506,45.4481577],[28.1052576,45.4483205],[28.1057069,45.448381],[28.106066,45.4484366],[28.1067291,45.4485477],[28.1078453,45.4487491],[28.1084341,45.4488575],[28.1086154,45.4488893],[28.1088136,45.4489234],[28.1091013,45.4489655],[28.1093707,45.4489991],[28.1096816,45.4490341],[28.110304,45.4490948],[28.1105523,45.449117],[28.1107742,45.4491335],[28.1109973,45.4491441],[28.1112728,45.4491546],[28.1116866,45.4491653],[28.1119287,45.4491741],[28.1123441,45.4491891],[28.1129026,45.4492322],[28.1149777,45.449477],[28.1170378,45.4497295],[28.1207128,45.4501746],[28.1235829,45.4505224],[28.1236268,45.4505276],[28.1237337,45.4505402]]}},{"type":"Feature","properties":{"variantId":"tb:13:v1:retur","lineId":"bus-13","mode":"bus","colour":null,"direction":"retur"},"geometry":{"type":"LineString","coordinates":[[28.1237337,45.4505402],[28.1236268,45.4505276],[28.1235829,45.4505224],[28.1207128,45.4501746],[28.1170378,45.4497295],[28.1149777,45.449477],[28.1129026,45.4492322],[28.1123441,45.4491891],[28.1119287,45.4491741],[28.1116866,45.4491653],[28.1112728,45.4491546],[28.1109973,45.4491441],[28.1107742,45.4491335],[28.1105523,45.449117],[28.110304,45.4490948],[28.1096816,45.4490341],[28.1093707,45.4489991],[28.1091013,45.4489655],[28.1088136,45.4489234],[28.1086154,45.4488893],[28.1084341,45.4488575],[28.1078453,45.4487491],[28.1067291,45.4485477],[28.106066,45.4484366],[28.1057069,45.448381],[28.1052576,45.4483205],[28.1038506,45.4481577],[28.1035117,45.4481507],[28.1032158,45.4481702],[28.102172,45.4482846],[28.1020001,45.4483011],[28.1018411,45.448274],[28.1017152,45.4482271],[28.1015893,45.4481801],[28.1015315,45.4481866],[28.1014731,45.4481845],[28.1014165,45.448174],[28.1013643,45.4481556],[28.1013185,45.4481298],[28.1012813,45.4480979],[28.1012544,45.4480613],[28.1012389,45.4480216],[28.1012364,45.448008],[28.1011122,45.4479252],[28.1009929,45.4478575],[28.1007349,45.4477525],[28.0994357,45.4475563],[28.0993904,45.4475495],[28.0987081,45.4474464],[28.0978489,45.4473353],[28.0975038,45.447299],[28.0972461,45.4472876],[28.096517,45.4473011],[28.0945873,45.4473871],[28.0945807,45.4473874],[28.0942115,45.4474038],[28.0939252,45.4474152],[28.093109,45.4474371],[28.0906669,45.4474932],[28.0901501,45.4475068],[28.0901256,45.4475075],[28.0901028,45.4475079],[28.0889306,45.4475316],[28.0874319,45.4475694],[28.0837434,45.4476503],[28.0833287,45.447662],[28.0833097,45.4476625],[28.0832541,45.4476641],[28.0802622,45.4477309],[28.0789248,45.4477655],[28.0769534,45.4478051],[28.0753582,45.4478344],[28.0747503,45.4478506],[28.0739459,45.4478734],[28.0735066,45.4478785],[28.0733729,45.4478815],[28.07308,45.4478881],[28.0730609,45.4478885],[28.0730535,45.4478886],[28.072572,45.4478994],[28.0721348,45.4479092],[28.0709791,45.4479354],[28.0680462,45.4479982],[28.0677823,45.4480046],[28.0673394,45.4480171],[28.0672828,45.4480185],[28.0665997,45.4480376],[28.0656138,45.4480652],[28.0651817,45.4480682],[28.0650714,45.4480686],[28.0643685,45.4480715],[28.0636231,45.4480354],[28.0633344,45.4480145],[28.0630135,45.4479802],[28.0625469,45.4479013],[28.0620926,45.4478176],[28.0577841,45.4467322],[28.0570335,45.4465422],[28.0568993,45.4465082],[28.0564652,45.4463982],[28.0560201,45.4462833],[28.0560078,45.4462801],[28.0559413,45.4462629],[28.0551093,45.4460563],[28.0545992,45.4459229],[28.0536499,45.4456842],[28.0532852,45.4455925],[28.0530435,45.4455317],[28.0522149,45.4453235],[28.0509441,45.4450085],[28.0503918,45.4448717],[28.049495,45.4446387],[28.0486415,45.4444219],[28.0485384,45.444395],[28.0482033,45.4443112],[28.0472504,45.444078],[28.047096,45.4440389],[28.0470225,45.4440194],[28.046861,45.4439788],[28.0466885,45.4439352],[28.0466932,45.4439264],[28.0468398,45.4436613],[28.0468488,45.443645],[28.046878,45.4435898],[28.046908,45.4435375],[28.0470048,45.4433561],[28.0470569,45.4432513],[28.0471623,45.4430485],[28.0472186,45.4429423],[28.0472904,45.4427979],[28.0473907,45.4425963],[28.0475461,45.4422665],[28.0478371,45.4416993],[28.0478969,45.4415824],[28.04795,45.4414785],[28.0482181,45.4409538],[28.0482822,45.4408285],[28.0484891,45.4404236],[28.0485474,45.4403066],[28.0487627,45.4398741],[28.0489129,45.4395976],[28.0489374,45.4395524],[28.0489749,45.4394847],[28.0490158,45.4394085],[28.0490471,45.4393493],[28.0491795,45.4390984],[28.0492247,45.4390123],[28.0495895,45.4382887],[28.0495414,45.4382599],[28.0495039,45.4382307],[28.0494635,45.4382089],[28.0494022,45.4381908],[28.0492853,45.4381761],[28.0491951,45.4381626],[28.0491263,45.4380689],[28.049119,45.4379992],[28.0491695,45.4379352]]}},{"type":"Feature","properties":{"variantId":"tb:15:v1:tur","lineId":"bus-15","mode":"bus","colour":null,"direction":"tur"},"geometry":{"type":"LineString","coordinates":[[28.0491951,45.4381626],[28.0491263,45.4380689],[28.049119,45.4379992],[28.0491695,45.4379352],[28.0492121,45.4378942],[28.0494009,45.4378641],[28.0495468,45.4378702],[28.0496239,45.4378901],[28.0496546,45.437898],[28.0497742,45.4379286],[28.0498309,45.4378172],[28.0499007,45.4376696],[28.0501198,45.4372196],[28.05017,45.4371054],[28.0502747,45.4368674],[28.0503133,45.4367452],[28.0503672,45.4365622],[28.050384,45.4364858],[28.05049,45.4360744],[28.0505294,45.4359311],[28.0505463,45.4358573],[28.0505858,45.4356847],[28.0506332,45.4354403],[28.0506587,45.435358],[28.0506971,45.4352969],[28.0509986,45.43489],[28.0513509,45.4344422],[28.0514364,45.434282],[28.0515325,45.4340787],[28.0517951,45.4335275],[28.051834,45.4334679],[28.0518519,45.4334484],[28.0519065,45.4333888],[28.0517046,45.4333186],[28.0515737,45.4332764],[28.0510428,45.4331135],[28.0509539,45.4330895],[28.0504333,45.4329623],[28.0499882,45.4328328],[28.0497071,45.4327461],[28.0495043,45.4326778],[28.0496332,45.4325422],[28.0496728,45.4325573],[28.050355,45.4328297],[28.0505735,45.4329164],[28.0509539,45.4330895],[28.0510428,45.4331135],[28.0515737,45.4332764],[28.0517046,45.4333186],[28.0519065,45.4333888],[28.0520717,45.4334422],[28.0521405,45.4334666],[28.0522457,45.4335039],[28.0528546,45.4337197],[28.05298,45.4337432],[28.0531315,45.4337629],[28.0532992,45.4337787],[28.0535555,45.4337882],[28.0537122,45.433791],[28.054031,45.4337868],[28.054156,45.4337728],[28.0542928,45.4337528],[28.0547899,45.4336859],[28.0550249,45.4336549],[28.0552469,45.4336346],[28.0553137,45.433504],[28.0553792,45.433221],[28.0553905,45.4331379],[28.0554081,45.4330196],[28.0554157,45.432963],[28.0554345,45.4328428],[28.0554754,45.4325319],[28.0554932,45.432477],[28.0556042,45.432418],[28.0559272,45.4323305],[28.0561407,45.4322775],[28.0561658,45.4322721],[28.0562613,45.4322517],[28.056519,45.4321902],[28.0566585,45.4321571],[28.0570672,45.4320602],[28.05743,45.4319743],[28.0576193,45.4319294],[28.0578149,45.431883],[28.0578906,45.4318581],[28.0579658,45.4318196],[28.0579592,45.4317392],[28.0579426,45.4316129],[28.0579113,45.4314713],[28.0578946,45.4313491],[28.0578977,45.4312432],[28.0579595,45.4311507],[28.0580483,45.4310484],[28.0582529,45.4308373],[28.0585831,45.4304775],[28.0587555,45.4303099],[28.0590353,45.4304304],[28.0593037,45.4305546],[28.0595922,45.4307001],[28.0598556,45.4308306],[28.0602537,45.4310346],[28.0604007,45.4311099],[28.0607186,45.4312689],[28.061239,45.4315107],[28.0614923,45.4316443],[28.0617643,45.4317843],[28.0617752,45.4317907],[28.0617139,45.4318426],[28.0613069,45.4321875],[28.0610848,45.4324341],[28.0608711,45.4326821],[28.0607919,45.4328319],[28.0607862,45.432843],[28.0607312,45.4329507],[28.0606825,45.4330612],[28.0606546,45.4331414],[28.0605921,45.4333826],[28.0605841,45.4334981],[28.0605548,45.4335652],[28.0605126,45.4336043],[28.0604365,45.4336242],[28.0599079,45.4337053],[28.0599422,45.43388],[28.0600949,45.4343899],[28.0603096,45.4351289],[28.0603235,45.4354461],[28.0603148,45.4355335],[28.0603127,45.4355607],[28.0602313,45.4359921],[28.0601143,45.4367685],[28.0600575,45.4371188],[28.0599329,45.437864],[28.0598295,45.4384761],[28.0597776,45.4387481],[28.0600264,45.4387694],[28.0613298,45.4389217],[28.0620683,45.4390162],[28.0622616,45.4390426],[28.0622987,45.4390469],[28.0624757,45.4390679],[28.0627619,45.4391049],[28.0629506,45.439136],[28.0631361,45.4391811],[28.0633259,45.4392404],[28.063607,45.4393375],[28.063883,45.4394316],[28.0640705,45.4394907],[28.0640938,45.439496],[28.0609426,45.4414766],[28.0608289,45.441544],[28.0599236,45.442104],[28.0593544,45.4424462],[28.0591158,45.4425928],[28.0590685,45.4426218],[28.0590623,45.4426557],[28.0590163,45.442908],[28.058964,45.4431964],[28.0589448,45.4432782],[28.0589761,45.4432818],[28.0590137,45.4432835],[28.0591047,45.4432924],[28.0592058,45.4433201],[28.0594012,45.4433995],[28.0594791,45.4434395],[28.0595758,45.4434891],[28.0600424,45.443723],[28.0601442,45.4437909],[28.0601995,45.4438971],[28.0600702,45.4441228],[28.0599454,45.4444958]]}},{"type":"Feature","properties":{"variantId":"tb:15:v1:retur","lineId":"bus-15","mode":"bus","colour":null,"direction":"retur"},"geometry":{"type":"LineString","coordinates":[[28.0599454,45.4444958],[28.0598515,45.4447739],[28.0598051,45.4449114],[28.0594279,45.4448644],[28.0594267,45.4447669],[28.0593846,45.4445952],[28.0591895,45.4440542],[28.0591093,45.4437564],[28.0590963,45.4436302],[28.0590398,45.4435449],[28.0590094,45.4434105],[28.0589913,45.4433538],[28.0589829,45.4433333],[28.0589675,45.443311],[28.0589448,45.4432782],[28.058803,45.4432753],[28.058675,45.4432747],[28.0585998,45.4432744],[28.0580341,45.4432792],[28.058053,45.4432672],[28.0581478,45.4432069],[28.0590685,45.4426218],[28.0591158,45.4425928],[28.0593544,45.4424462],[28.0599236,45.442104],[28.0608289,45.441544],[28.0609426,45.4414766],[28.0640938,45.439496],[28.0640705,45.4394907],[28.063883,45.4394316],[28.063607,45.4393375],[28.0633259,45.4392404],[28.0631361,45.4391811],[28.0629506,45.439136],[28.0627619,45.4391049],[28.0624757,45.4390679],[28.0622987,45.4390469],[28.0622616,45.4390426],[28.0620683,45.4390162],[28.0613298,45.4389217],[28.0600264,45.4387694],[28.0597776,45.4387481],[28.0598295,45.4384761],[28.0599329,45.437864],[28.0600575,45.4371188],[28.0601143,45.4367685],[28.0602313,45.4359921],[28.0603127,45.4355607],[28.0603148,45.4355335],[28.0603235,45.4354461],[28.0603096,45.4351289],[28.0600949,45.4343899],[28.0599422,45.43388],[28.0599079,45.4337053],[28.0604365,45.4336242],[28.0605126,45.4336043],[28.0605548,45.4335652],[28.0605841,45.4334981],[28.0605921,45.4333826],[28.0606546,45.4331414],[28.0606825,45.4330612],[28.0607312,45.4329507],[28.0607862,45.432843],[28.0607919,45.4328319],[28.0608711,45.4326821],[28.0610848,45.4324341],[28.0613069,45.4321875],[28.0617139,45.4318426],[28.0617752,45.4317907],[28.0617643,45.4317843],[28.0614923,45.4316443],[28.061239,45.4315107],[28.0607186,45.4312689],[28.0604007,45.4311099],[28.0602537,45.4310346],[28.0598556,45.4308306],[28.0595922,45.4307001],[28.0593037,45.4305546],[28.0590353,45.4304304],[28.0587555,45.4303099],[28.0585831,45.4304775],[28.0582529,45.4308373],[28.0580483,45.4310484],[28.0579595,45.4311507],[28.0578977,45.4312432],[28.0578946,45.4313491],[28.0579113,45.4314713],[28.0579426,45.4316129],[28.0579592,45.4317392],[28.0579658,45.4318196],[28.0578906,45.4318581],[28.0578149,45.431883],[28.0576193,45.4319294],[28.05743,45.4319743],[28.0570672,45.4320602],[28.0566585,45.4321571],[28.056519,45.4321902],[28.0562613,45.4322517],[28.0561658,45.4322721],[28.0561407,45.4322775],[28.0559272,45.4323305],[28.0556042,45.432418],[28.0554932,45.432477],[28.0554754,45.4325319],[28.0554345,45.4328428],[28.0554157,45.432963],[28.0554081,45.4330196],[28.0553905,45.4331379],[28.0553792,45.433221],[28.0553137,45.433504],[28.0552469,45.4336346],[28.0552935,45.4339162],[28.0554862,45.4348177],[28.0555068,45.4349136],[28.0556288,45.4354438],[28.0556428,45.4355025],[28.0556746,45.4356414],[28.0557002,45.435734],[28.0557398,45.4358679],[28.0557792,45.436008],[28.0558151,45.4361357],[28.0558802,45.4363702],[28.055898,45.4364352],[28.0559714,45.4366743],[28.0561252,45.4371576],[28.0561866,45.4373285],[28.0562985,45.4379644],[28.0564099,45.4386215],[28.0564401,45.4388363],[28.056465,45.4389825],[28.0564876,45.4392663],[28.0564907,45.4393779],[28.0564904,45.4394816],[28.0564778,45.439695],[28.0564527,45.4398626],[28.0563606,45.4404423],[28.0561399,45.4404206],[28.0556991,45.4403685],[28.0556453,45.4403621],[28.054851,45.4402702],[28.0545867,45.4402368],[28.0543574,45.4402097],[28.0542697,45.4401993],[28.0540559,45.4401747],[28.0539469,45.4401612],[28.053135,45.4400634],[28.0528758,45.4400327],[28.0522662,45.4399629],[28.0513061,45.4398518],[28.0495996,45.4396398],[28.0494707,45.4396095],[28.0491721,45.4395336],[28.0491019,45.439516],[28.0489891,45.4394886],[28.0489749,45.4394847],[28.0490158,45.4394085],[28.0490471,45.4393493],[28.0491795,45.4390984],[28.0492247,45.4390123],[28.0495895,45.4382887],[28.0495414,45.4382599],[28.0495039,45.4382307],[28.0494635,45.4382089],[28.0494022,45.4381908],[28.0492853,45.4381761],[28.0491951,45.4381626],[28.0491263,45.4380689],[28.049119,45.4379992],[28.0491695,45.4379352],[28.0492121,45.4378942],[28.0494009,45.4378641],[28.0495468,45.4378702],[28.0496239,45.4378901],[28.0496546,45.437898],[28.0497742,45.4379286]]}},{"type":"Feature","properties":{"variantId":"tb:20:v1:tur","lineId":"bus-20","mode":"bus","colour":null,"direction":"tur"},"geometry":{"type":"LineString","coordinates":[[28.0173551,45.4327035],[28.0174625,45.4326706],[28.0183768,45.4323818],[28.0184791,45.4323495],[28.0185583,45.4323222],[28.0186818,45.4322739],[28.0187294,45.4322462],[28.0188436,45.4321388],[28.0194037,45.4315666],[28.0194837,45.4314875],[28.0200775,45.4309002],[28.0201539,45.4308246],[28.0201805,45.4307983],[28.0203716,45.430872],[28.0205667,45.4309429],[28.0207808,45.4310101],[28.021038,45.4310795],[28.0212743,45.4311043],[28.0215036,45.4311193],[28.0216995,45.431125],[28.021905,45.431115],[28.0220771,45.431092],[28.0228481,45.4309353],[28.023062,45.430894],[28.0231806,45.4308711],[28.0237662,45.4307662],[28.0240598,45.4307152],[28.0244269,45.4306579],[28.0245053,45.4306496],[28.0245594,45.4306461],[28.0248586,45.430627],[28.0248022,45.4302518],[28.0247755,45.4300813],[28.0247394,45.4298502],[28.0246946,45.4295748],[28.0244132,45.4281977],[28.024402,45.4281332],[28.0243906,45.4280827],[28.0243589,45.4280024],[28.0243123,45.4279289],[28.0242368,45.4278475],[28.0241522,45.4277563],[28.0240746,45.4277222],[28.0239596,45.4276393],[28.0239092,45.4275809],[28.0238703,45.4275112],[28.0238532,45.4274352],[28.0238509,45.4273606],[28.0238719,45.427277],[28.0238972,45.4272339],[28.0239835,45.42714],[28.0240601,45.4270901],[28.0241633,45.4270413],[28.0242475,45.4270193],[28.0242786,45.4270115],[28.0244688,45.4270036],[28.0246429,45.4270354],[28.0247979,45.4271143],[28.0249128,45.4272083],[28.0251697,45.4273556],[28.0252666,45.4273963],[28.0253815,45.4274399],[28.0255359,45.4274789],[28.0265762,45.427571],[28.0270357,45.4276129],[28.0281,45.4277056],[28.0284674,45.4277393],[28.0289472,45.4277833],[28.0290263,45.4277903],[28.0292984,45.4278151],[28.0309613,45.4279684],[28.0311825,45.4279929],[28.0311971,45.4278845],[28.0312163,45.4277822],[28.0312511,45.4275645],[28.0312585,45.4275317],[28.0313022,45.427348],[28.0313568,45.427144],[28.0314078,45.4270617],[28.031513,45.4269465],[28.0317358,45.4268118],[28.031811,45.4267713],[28.0320116,45.4266757],[28.0320714,45.426643],[28.0321741,45.4265883],[28.0324112,45.4264594],[28.0325033,45.4263989],[28.0325957,45.4263252],[28.032635,45.4262725],[28.032691,45.4261621],[28.0328066,45.4259308],[28.03294,45.4255061],[28.0329687,45.4254255],[28.0330247,45.4252686],[28.0333085,45.424292],[28.0334887,45.4236564],[28.0336661,45.4230823],[28.0337843,45.4228905],[28.033721,45.4227112],[28.0337622,45.4226708],[28.0339073,45.4225248],[28.0339812,45.422451],[28.0341746,45.4225037],[28.0343553,45.4223944],[28.0344109,45.4223709],[28.0344707,45.4223456],[28.0346581,45.4222883],[28.0351229,45.4222433],[28.0354649,45.4223064],[28.0356779,45.4223816],[28.0358684,45.422451],[28.0361773,45.4226257],[28.0364434,45.4228124],[28.0365474,45.42293],[28.0368959,45.423272],[28.0371861,45.4235037],[28.0373041,45.4235979],[28.0374173,45.4236733],[28.0376073,45.4237997],[28.0379111,45.4239811],[28.0382242,45.4241474],[28.0386064,45.4243426],[28.0387514,45.424456],[28.0388638,45.4245655],[28.0389971,45.4247288],[28.0390788,45.4249373],[28.0390796,45.4249779],[28.0391693,45.4251491],[28.0392068,45.4251582],[28.0392435,45.425184],[28.039265,45.4252196],[28.0392598,45.4252461],[28.0392505,45.4252793],[28.0392346,45.4252948],[28.0392001,45.4253139],[28.0391609,45.4253232],[28.0388824,45.4255148],[28.0388652,45.4255375],[28.0385609,45.4258373],[28.038505,45.4259033],[28.0382612,45.4262179],[28.0382035,45.4263049],[28.0379891,45.4266182],[28.0378307,45.4269291],[28.0377749,45.4270746],[28.0377395,45.4272521],[28.0377175,45.4273546],[28.037712,45.4273802],[28.0376345,45.4277882],[28.0375717,45.428094],[28.0376404,45.4282918],[28.0376913,45.4283746],[28.037745,45.4284311],[28.0377511,45.4284364],[28.0378062,45.4284841],[28.0379401,45.4285847],[28.0387086,45.4286585],[28.0390974,45.4287007],[28.0395987,45.4287704],[28.0403058,45.4288752],[28.0407123,45.4289354],[28.0408781,45.4289649],[28.041473,45.4290717],[28.0419267,45.4291697],[28.0423923,45.4292973],[28.0427346,45.4294003],[28.0430547,45.4295029],[28.0446786,45.4300455],[28.045163,45.4302013],[28.045369,45.4302772],[28.0455034,45.4303254],[28.0456426,45.4303869],[28.045786,45.430453],[28.0461448,45.4306111],[28.0464341,45.4307468],[28.0470013,45.4310488],[28.0471024,45.4311055],[28.0485385,45.4319507],[28.0488505,45.4321384],[28.0491374,45.4322998],[28.0493834,45.4324275],[28.0496332,45.4325422],[28.0496728,45.4325573],[28.050355,45.4328297],[28.0505735,45.4329164],[28.0509539,45.4330895],[28.0510428,45.4331135],[28.0515737,45.4332764],[28.0517046,45.4333186],[28.0519065,45.4333888],[28.0518519,45.4334484],[28.051834,45.4334679],[28.0517951,45.4335275],[28.0515325,45.4340787],[28.0514364,45.434282],[28.0513509,45.4344422],[28.0509986,45.43489],[28.0506971,45.4352969],[28.0506587,45.435358],[28.0506332,45.4354403],[28.0505858,45.4356847],[28.0505463,45.4358573],[28.0505294,45.4359311],[28.05049,45.4360744],[28.050384,45.4364858],[28.0503672,45.4365622],[28.0503133,45.4367452],[28.0502747,45.4368674],[28.05017,45.4371054],[28.0501198,45.4372196],[28.0499007,45.4376696],[28.0498309,45.4378172],[28.0497742,45.4379286],[28.0497094,45.4380587],[28.0496207,45.4382369],[28.0495895,45.4382887],[28.0495414,45.4382599],[28.0495039,45.4382307],[28.0494635,45.4382089],[28.0494022,45.4381908],[28.0492853,45.4381761],[28.0491951,45.4381626],[28.0491263,45.4380689],[28.049119,45.4379992],[28.0491695,45.4379352],[28.0492121,45.4378942],[28.0494009,45.4378641],[28.0495468,45.4378702],[28.0496239,45.4378901],[28.0496546,45.437898],[28.0497742,45.4379286],[28.0497094,45.4380587],[28.0496207,45.4382369],[28.0495895,45.4382887],[28.0492247,45.4390123],[28.0491795,45.4390984],[28.0490471,45.4393493],[28.0490158,45.4394085],[28.0489749,45.4394847],[28.0489374,45.4395524],[28.0489129,45.4395976],[28.0487627,45.4398741],[28.0485474,45.4403066],[28.0484891,45.4404236],[28.0482822,45.4408285],[28.0482181,45.4409538],[28.04795,45.4414785],[28.0478969,45.4415824],[28.0478371,45.4416993],[28.0475461,45.4422665],[28.0473907,45.4425963],[28.0472904,45.4427979],[28.0472186,45.4429423],[28.0471623,45.4430485],[28.0470569,45.4432513],[28.0470048,45.4433561],[28.046908,45.4435375],[28.046878,45.4435898],[28.0468488,45.443645],[28.0468398,45.4436613],[28.0468405,45.4436636],[28.0468497,45.4436993],[28.0468689,45.4437622],[28.0469055,45.4438482],[28.0469622,45.4439218],[28.0470829,45.4440268],[28.047096,45.4440389],[28.0472504,45.444078],[28.0482033,45.4443112],[28.0485384,45.444395],[28.0486415,45.4444219],[28.049495,45.4446387],[28.0503918,45.4448717],[28.0509441,45.4450085],[28.0522149,45.4453235],[28.0530435,45.4455317],[28.0532852,45.4455925],[28.0536499,45.4456842],[28.0545992,45.4459229],[28.0551093,45.4460563],[28.0559413,45.4462629],[28.0560078,45.4462801],[28.0560198,45.4462738],[28.0560356,45.4462655],[28.056205,45.4461768],[28.0563652,45.4460795],[28.0564435,45.4460319],[28.0564809,45.4460036],[28.0564991,45.4454983],[28.0565065,45.4453442],[28.0565138,45.4451925],[28.0565251,45.4449587],[28.0565406,45.4446361],[28.056556,45.4442776],[28.0565585,45.4442143],[28.0565693,45.4440383],[28.0566055,45.4439375],[28.0566465,45.4438643],[28.0568619,45.4434863],[28.0569539,45.443345],[28.0569708,45.4433191],[28.0570483,45.4433101],[28.0571056,45.4433035],[28.0572359,45.4432972],[28.0576747,45.4432806],[28.0580341,45.4432792],[28.0585998,45.4432744],[28.058675,45.4432747],[28.058803,45.4432753],[28.0589448,45.4432782],[28.0589761,45.4432818],[28.0590137,45.4432835],[28.0591047,45.4432924],[28.0592058,45.4433201],[28.0594012,45.4433995],[28.0594791,45.4434395],[28.0595758,45.4434891],[28.0600424,45.443723],[28.0601442,45.4437909],[28.0601995,45.4438971],[28.0600702,45.4441228],[28.0599454,45.4444958],[28.0598515,45.4447739],[28.0598051,45.4449114],[28.0594279,45.4448644]]}},{"type":"Feature","properties":{"variantId":"tb:20:v1:retur","lineId":"bus-20","mode":"bus","colour":null,"direction":"retur"},"geometry":{"type":"LineString","coordinates":[[28.0599454,45.4444958],[28.0598515,45.4447739],[28.0598051,45.4449114],[28.0594279,45.4448644],[28.0594267,45.4447669],[28.0593846,45.4445952],[28.0591895,45.4440542],[28.0591093,45.4437564],[28.0590963,45.4436302],[28.0590398,45.4435449],[28.0590094,45.4434105],[28.0589913,45.4433538],[28.0589829,45.4433333],[28.0589675,45.443311],[28.0589448,45.4432782],[28.058803,45.4432753],[28.058675,45.4432747],[28.0585998,45.4432744],[28.0580341,45.4432792],[28.0576747,45.4432806],[28.0572359,45.4432972],[28.0571056,45.4433035],[28.0570483,45.4433101],[28.0569708,45.4433191],[28.0569539,45.443345],[28.0568619,45.4434863],[28.0566465,45.4438643],[28.0566055,45.4439375],[28.0565693,45.4440383],[28.0565585,45.4442143],[28.056556,45.4442776],[28.0565406,45.4446361],[28.0565251,45.4449587],[28.0565138,45.4451925],[28.0565065,45.4453442],[28.0564991,45.4454983],[28.0564809,45.4460036],[28.0564717,45.4461623],[28.0564655,45.4463862],[28.0564652,45.4463982],[28.0560201,45.4462833],[28.0560078,45.4462801],[28.0559413,45.4462629],[28.0551093,45.4460563],[28.0545992,45.4459229],[28.0536499,45.4456842],[28.0532852,45.4455925],[28.0530435,45.4455317],[28.0522149,45.4453235],[28.0509441,45.4450085],[28.0503918,45.4448717],[28.049495,45.4446387],[28.0486415,45.4444219],[28.0485384,45.444395],[28.0482033,45.4443112],[28.0472504,45.444078],[28.047096,45.4440389],[28.0470225,45.4440194],[28.046861,45.4439788],[28.0466885,45.4439352],[28.0466932,45.4439264],[28.0468398,45.4436613],[28.0468488,45.443645],[28.046878,45.4435898],[28.046908,45.4435375],[28.0470048,45.4433561],[28.0470569,45.4432513],[28.0471623,45.4430485],[28.0472186,45.4429423],[28.0472904,45.4427979],[28.0473907,45.4425963],[28.0475461,45.4422665],[28.0478371,45.4416993],[28.0478969,45.4415824],[28.04795,45.4414785],[28.0482181,45.4409538],[28.0482822,45.4408285],[28.0484891,45.4404236],[28.0485474,45.4403066],[28.0487627,45.4398741],[28.0489129,45.4395976],[28.0489374,45.4395524],[28.0489749,45.4394847],[28.0490158,45.4394085],[28.0490471,45.4393493],[28.0491795,45.4390984],[28.0492247,45.4390123],[28.0495895,45.4382887],[28.0496207,45.4382369],[28.0497094,45.4380587],[28.0497742,45.4379286],[28.0498309,45.4378172],[28.0499007,45.4376696],[28.0501198,45.4372196],[28.05017,45.4371054],[28.0502747,45.4368674],[28.0503133,45.4367452],[28.0503672,45.4365622],[28.050384,45.4364858],[28.05049,45.4360744],[28.0505294,45.4359311],[28.0505463,45.4358573],[28.0505858,45.4356847],[28.0506332,45.4354403],[28.0506587,45.435358],[28.0506971,45.4352969],[28.0509986,45.43489],[28.0513509,45.4344422],[28.0514364,45.434282],[28.0515325,45.4340787],[28.0517951,45.4335275],[28.051834,45.4334679],[28.0518519,45.4334484],[28.0519065,45.4333888],[28.0517046,45.4333186],[28.0515737,45.4332764],[28.0510428,45.4331135],[28.0509539,45.4330895],[28.0504333,45.4329623],[28.0499882,45.4328328],[28.0497071,45.4327461],[28.0495043,45.4326778],[28.0492296,45.4325516],[28.0489297,45.4323911],[28.0487028,45.4322634],[28.046959,45.431241],[28.0468549,45.431181],[28.0466191,45.4310552],[28.0460566,45.4307701],[28.0457344,45.4306242],[28.0455296,45.4305258],[28.0453867,45.4304682],[28.0452642,45.4304206],[28.0450672,45.4303537],[28.042542,45.4295292],[28.0418858,45.4293443],[28.0414337,45.4292359],[28.0408585,45.4291201],[28.040666,45.4290824],[28.040194,45.4290024],[28.0395616,45.4289108],[28.0390819,45.4288478],[28.0378907,45.4287231],[28.0374912,45.4287005],[28.0373007,45.4286808],[28.0373748,45.4285362],[28.0374085,45.4284607],[28.0375717,45.428094],[28.0376345,45.4277882],[28.037712,45.4273802],[28.0377175,45.4273546],[28.0377395,45.4272521],[28.0377749,45.4270746],[28.0378307,45.4269291],[28.0379891,45.4266182],[28.0382035,45.4263049],[28.0382612,45.4262179],[28.038505,45.4259033],[28.0385609,45.4258373],[28.0388652,45.4255375],[28.0388824,45.4255148],[28.0390158,45.4252506],[28.0390202,45.4252082],[28.0390551,45.42517],[28.0390796,45.4249779],[28.0390788,45.4249373],[28.0389971,45.4247288],[28.0388638,45.4245655],[28.0387514,45.424456],[28.0386064,45.4243426],[28.0382242,45.4241474],[28.0379111,45.4239811],[28.0376073,45.4237997],[28.0374173,45.4236733],[28.0373041,45.4235979],[28.0371861,45.4235037],[28.0368959,45.423272],[28.0365474,45.42293],[28.0364434,45.4228124],[28.0361773,45.4226257],[28.0358684,45.422451],[28.0356779,45.4223816],[28.0354649,45.4223064],[28.0351229,45.4222433],[28.0346581,45.4222883],[28.0344707,45.4223456],[28.0344109,45.4223709],[28.0343553,45.4223944],[28.0341746,45.4225037],[28.0341009,45.4225486],[28.0340353,45.422588],[28.0338475,45.4228043],[28.0337843,45.4228905],[28.0336661,45.4230823],[28.0334887,45.4236564],[28.0333085,45.424292],[28.0330247,45.4252686],[28.0329687,45.4254255],[28.03294,45.4255061],[28.0328066,45.4259308],[28.032691,45.4261621],[28.032635,45.4262725],[28.0325957,45.4263252],[28.0325033,45.4263989],[28.0324112,45.4264594],[28.0321741,45.4265883],[28.0320714,45.426643],[28.0320116,45.4266757],[28.031811,45.4267713],[28.0317358,45.4268118],[28.031513,45.4269465],[28.0314078,45.4270617],[28.0313568,45.427144],[28.0313022,45.427348],[28.0312585,45.4275317],[28.0312511,45.4275645],[28.0312163,45.4277822],[28.0311971,45.4278845],[28.0311825,45.4279929],[28.0311512,45.4281446],[28.0300074,45.4280561],[28.0292653,45.4279835],[28.029107,45.4279659],[28.0289961,45.4279556],[28.0280326,45.4278711],[28.0277376,45.4278477],[28.0262545,45.4277265],[28.0255128,45.4276595],[28.02534,45.4276489],[28.0252295,45.4276536],[28.025107,45.427661],[28.025009,45.4276703],[28.0248155,45.427685],[28.0247507,45.4277245],[28.0247067,45.4278429],[28.0246764,45.4279407],[28.024658,45.4280282],[28.0246471,45.4281139],[28.0247151,45.4285177],[28.0248554,45.4292635],[28.024914,45.4295706],[28.0249905,45.4300684],[28.0250238,45.4302847],[28.025049,45.4304702],[28.0250873,45.4307038],[28.0251283,45.4309263],[28.0252689,45.4317378],[28.025476,45.4328515],[28.0255112,45.4330341],[28.0255386,45.4331706],[28.0255607,45.433317],[28.0255718,45.4333934],[28.0255794,45.4334944],[28.0255774,45.4336063],[28.0255816,45.4336735],[28.0255576,45.433837],[28.0255426,45.4339563],[28.0254591,45.4339603],[28.0253966,45.4339634],[28.0253043,45.4339679],[28.0252011,45.4339729],[28.0248865,45.4339881],[28.0247242,45.4340022],[28.0240995,45.4340579],[28.0239264,45.4340768],[28.0232564,45.4341363],[28.0232014,45.4341433],[28.0230044,45.4341658],[28.0228871,45.4341838],[28.0227646,45.4342092],[28.0227648,45.4342433],[28.0227527,45.4342763],[28.022729,45.4343061],[28.0226953,45.4343307],[28.0226539,45.4343484],[28.022625,45.4343556],[28.022567,45.4343598],[28.0225099,45.4343515],[28.0224591,45.4343313],[28.0224194,45.4343013],[28.0223946,45.4342643],[28.02233,45.4342773],[28.0222843,45.4342865],[28.0221903,45.4343062],[28.0219554,45.4343547],[28.0219193,45.434361],[28.0216759,45.4344086],[28.0211189,45.4345126],[28.0201985,45.4347607],[28.0199388,45.4348289],[28.019661,45.4349069],[28.0187665,45.4351776],[28.0186107,45.4352257],[28.0184113,45.4349341],[28.0182345,45.4346962],[28.0180464,45.4344365],[28.017921,45.4342276],[28.0177619,45.4339744],[28.0172098,45.4331539],[28.0170069,45.4328024],[28.0171992,45.4327472],[28.0173551,45.4327035]]}},{"type":"Feature","properties":{"variantId":"tb:23:v1:tur","lineId":"bus-23","mode":"bus","colour":null,"direction":"tur"},"geometry":{"type":"LineString","coordinates":[[28.02008,45.4039223],[28.0200663,45.4039153],[28.0200506,45.4039082],[28.019826,45.4038184],[28.0195098,45.4037477],[28.0191786,45.4036736],[28.018904,45.4036288],[28.0185593,45.4035497],[28.018229,45.4034718],[28.0179489,45.4034144],[28.0176348,45.4033602],[28.0174155,45.4033285],[28.0161992,45.4031601],[28.0160403,45.403795],[28.0160288,45.4038432],[28.0160073,45.4039374],[28.0159873,45.4040254],[28.0160008,45.4042959],[28.0160135,45.4043317],[28.0160091,45.4043684],[28.0159881,45.4044023],[28.0159439,45.404434],[28.0158858,45.4044514],[28.0158226,45.4044518],[28.015764,45.404435],[28.0157192,45.4044037],[28.0156146,45.4044038],[28.0154963,45.4044081],[28.0154069,45.4044342],[28.0153238,45.4044858],[28.0152603,45.4045854],[28.0152137,45.4047358],[28.0152162,45.4049144],[28.0152304,45.4059258],[28.0152189,45.4072598],[28.0152168,45.4078547],[28.0152402,45.4085078],[28.0152473,45.4087188],[28.0152366,45.4089795],[28.0152355,45.4090887],[28.0152028,45.409464],[28.0152323,45.4094968],[28.0152499,45.4095415],[28.0152463,45.4095879],[28.015222,45.4096311],[28.0151794,45.4096666],[28.0151482,45.4096821],[28.0150667,45.4099172],[28.0150077,45.4101062],[28.0149645,45.4102448],[28.0149352,45.4103709],[28.0149217,45.4103819],[28.014914,45.4104419],[28.014886,45.4105739],[28.0148645,45.4106736],[28.0148379,45.4108185],[28.0148261,45.4108756],[28.0148246,45.410889],[28.0148069,45.4109834],[28.0148067,45.4110722],[28.0147975,45.4112494],[28.0147883,45.4114932],[28.0148063,45.4116308],[28.0148423,45.4118092],[28.0148687,45.4118634],[28.0148741,45.4119174],[28.0148655,45.4119494],[28.0148516,45.4120006],[28.0147898,45.4120701],[28.0146979,45.4121207],[28.0146424,45.4121335],[28.0145869,45.4121462],[28.0144996,45.4121461],[28.0144523,45.4121461],[28.0143986,45.412127],[28.0143341,45.4120997],[28.014197,45.4121122],[28.0140927,45.4121375],[28.0139941,45.4121668],[28.0137922,45.4122368],[28.0124529,45.4127937],[28.0122112,45.4128941],[28.0120478,45.4130013],[28.0118517,45.4131644],[28.0117213,45.4132872],[28.0112873,45.4136957],[28.0109104,45.4140778],[28.0103277,45.4146566],[28.0097581,45.4152224],[28.0096507,45.4153291],[28.0099175,45.4154656],[28.0099805,45.4154978],[28.0101576,45.4155884],[28.0104936,45.4157603],[28.0120151,45.4165387],[28.0124168,45.4167442],[28.0125033,45.4167902],[28.0129777,45.4170326],[28.01303,45.4170579],[28.0131058,45.4170967],[28.0132059,45.4171499],[28.0132823,45.417187],[28.01548,45.4183113],[28.0156357,45.4183909],[28.015768,45.4184586],[28.0169293,45.4190524],[28.0170418,45.4191103],[28.0172984,45.4192415],[28.0174432,45.4193156],[28.0175811,45.4193861],[28.0176894,45.4194413],[28.0181059,45.4196546],[28.0182724,45.4197398],[28.0188561,45.4200384],[28.0198069,45.4205312],[28.0199753,45.4206118],[28.0200503,45.4206481],[28.0201084,45.4206763],[28.0201554,45.4206995],[28.0202392,45.4207439],[28.0202519,45.4207505],[28.0205747,45.4209097],[28.0206381,45.420939],[28.0208291,45.4210445],[28.0210199,45.4211561],[28.0211811,45.4212626],[28.0213151,45.4213658],[28.0215152,45.4215835],[28.0217156,45.4218477],[28.0218219,45.4220312],[28.021913,45.4222617],[28.02202,45.4226125],[28.0224223,45.4239201],[28.0226133,45.4245552],[28.0227487,45.4249819],[28.0228233,45.425215],[28.0228788,45.4253705],[28.0229621,45.4256059],[28.0230234,45.4257567],[28.023159,45.4259949],[28.0232936,45.4261716],[28.0233293,45.4262245],[28.0234554,45.4263888],[28.0235871,45.4265445],[28.0238328,45.4268488],[28.0239297,45.4268938],[28.0239998,45.4269213],[28.0240943,45.4269582],[28.0242475,45.4270193],[28.0242786,45.4270115],[28.0244688,45.4270036],[28.0246429,45.4270354],[28.0247979,45.4271143],[28.0249128,45.4272083],[28.0251697,45.4273556],[28.0252666,45.4273963],[28.0253815,45.4274399],[28.0255359,45.4274789],[28.0265762,45.427571],[28.0270357,45.4276129],[28.0281,45.4277056],[28.0284674,45.4277393],[28.0289472,45.4277833],[28.0290263,45.4277903],[28.0292984,45.4278151],[28.0309613,45.4279684],[28.0311825,45.4279929],[28.0314927,45.4280175],[28.0353141,45.428346],[28.0369098,45.4284868],[28.0371949,45.4285161],[28.0373748,45.4285362],[28.0373007,45.4286808],[28.0372518,45.4287793],[28.0371607,45.4289787],[28.0370236,45.4293363],[28.0370131,45.429421],[28.0369935,45.4296405],[28.0369803,45.4297988],[28.0369523,45.4301287],[28.0367976,45.43174],[28.036654,45.4333989],[28.0366461,45.4336538],[28.0366157,45.4339908],[28.0365872,45.4343506],[28.0365836,45.4343947],[28.0365685,45.4345692],[28.036491,45.4354871],[28.0364019,45.4364642],[28.0362964,45.4376215],[28.0362402,45.4381822],[28.0362166,45.438496],[28.0361877,45.4388737],[28.0361441,45.4392511],[28.0361298,45.4394249],[28.0360313,45.4403196],[28.0360146,45.4404963],[28.0360021,45.4406281],[28.0359719,45.4409469],[28.0359566,45.44109],[28.0359441,45.4412076],[28.0359433,45.4412151],[28.0359424,45.4412231],[28.035934,45.4412972],[28.0359148,45.4414671],[28.0358162,45.4423648],[28.0358035,45.4424922],[28.0357887,45.4426324],[28.0357812,45.4427278],[28.0357713,45.442826],[28.0357494,45.4430253],[28.0357054,45.4433889],[28.0355958,45.4445282],[28.0354618,45.446066],[28.0354245,45.4464392],[28.0354053,45.4466307],[28.035337,45.4473142],[28.035335,45.447361],[28.0353258,45.4474547],[28.035292,45.4477151],[28.0352035,45.4484451],[28.0351851,45.4486461],[28.0351794,45.4487045],[28.0351773,45.4487467],[28.0351304,45.4491889],[28.0350614,45.4498021],[28.0349851,45.4504282],[28.0348586,45.4517421],[28.0348376,45.4519511],[28.0348188,45.4520941],[28.0348026,45.4521862],[28.0347763,45.4522997],[28.0347596,45.4523618],[28.0347662,45.4525017],[28.0347786,45.4525807],[28.0347963,45.4526635],[28.0348188,45.452688],[28.0348315,45.4527093],[28.0348389,45.4527309],[28.0348398,45.4527573],[28.0348335,45.4527784],[28.0348233,45.452801],[28.0348064,45.4528187],[28.0347886,45.4528338],[28.0347671,45.4528457],[28.0347453,45.4528556],[28.034716,45.4528637],[28.0346859,45.452868],[28.0346549,45.452869],[28.0346243,45.4528664],[28.0345926,45.4528594],[28.0345535,45.4528413],[28.0345279,45.4528201],[28.0345092,45.4527982],[28.0344985,45.4527802],[28.034308,45.4527614],[28.0338515,45.4527422],[28.0336882,45.4527338],[28.0333397,45.4527186],[28.0332809,45.4527162],[28.0332151,45.4527148],[28.0331636,45.4527269],[28.0330844,45.4527685],[28.0330455,45.4528111],[28.0330329,45.4528583],[28.033017,45.4530434],[28.0330128,45.4530923],[28.033004,45.453194],[28.0330002,45.4532376],[28.0329803,45.453336],[28.0329474,45.4534994],[28.0329436,45.4535182],[28.0322949,45.4534848],[28.0318752,45.4534628],[28.0318927,45.4533276],[28.0319072,45.4531741],[28.0319203,45.4530361],[28.031936,45.4528904],[28.0319494,45.452728],[28.0319597,45.4526139]]}},{"type":"Feature","properties":{"variantId":"tb:23:v1:retur","lineId":"bus-23","mode":"bus","colour":null,"direction":"retur"},"geometry":{"type":"LineString","coordinates":[[28.0319597,45.4526139],[28.0319633,45.4525803],[28.0319733,45.4524436],[28.0319908,45.4522895],[28.0320042,45.452148],[28.0320185,45.4519964],[28.0320281,45.4518754],[28.0320444,45.4517223],[28.0320604,45.4516516],[28.0320716,45.4516279],[28.0321059,45.451612],[28.0324399,45.4516284],[28.0325478,45.4516337],[28.0327839,45.4516391],[28.032885,45.4516577],[28.0329785,45.4516991],[28.0330598,45.4517645],[28.0330864,45.4518056],[28.0335045,45.4518155],[28.0339276,45.4518248],[28.0346765,45.4518523],[28.034747,45.4518225],[28.0348006,45.4517905],[28.0348586,45.4517421],[28.0349851,45.4504282],[28.0350614,45.4498021],[28.0351304,45.4491889],[28.0351773,45.4487467],[28.0351794,45.4487045],[28.0351851,45.4486461],[28.0352035,45.4484451],[28.035292,45.4477151],[28.0353258,45.4474547],[28.035335,45.447361],[28.035337,45.4473142],[28.0354053,45.4466307],[28.0354245,45.4464392],[28.0354618,45.446066],[28.0355958,45.4445282],[28.0357054,45.4433889],[28.0357494,45.4430253],[28.0357713,45.442826],[28.0357812,45.4427278],[28.0357887,45.4426324],[28.0358035,45.4424922],[28.0358162,45.4423648],[28.0359148,45.4414671],[28.035934,45.4412972],[28.0359424,45.4412231],[28.0359433,45.4412151],[28.0359441,45.4412076],[28.0359566,45.44109],[28.0359719,45.4409469],[28.0360021,45.4406281],[28.0360146,45.4404963],[28.0360313,45.4403196],[28.0361298,45.4394249],[28.0361441,45.4392511],[28.0361877,45.4388737],[28.0362166,45.438496],[28.0362402,45.4381822],[28.0362964,45.4376215],[28.0364019,45.4364642],[28.036491,45.4354871],[28.0365685,45.4345692],[28.0365836,45.4343947],[28.0365872,45.4343506],[28.0366157,45.4339908],[28.0366461,45.4336538],[28.036654,45.4333989],[28.0367976,45.43174],[28.0369523,45.4301287],[28.0369803,45.4297988],[28.0369935,45.4296405],[28.0370131,45.429421],[28.0370236,45.4293363],[28.0370178,45.4291895],[28.0370023,45.4290377],[28.0369776,45.4288974],[28.0369514,45.4288048],[28.0369093,45.4287429],[28.0367909,45.4286388],[28.036079,45.4285811],[28.0355587,45.4285357],[28.0339778,45.4283962],[28.0334407,45.4283499],[28.0321926,45.4282355],[28.0314701,45.4281701],[28.0311512,45.4281446],[28.0300074,45.4280561],[28.0292653,45.4279835],[28.029107,45.4279659],[28.0289961,45.4279556],[28.0280326,45.4278711],[28.0277376,45.4278477],[28.0262545,45.4277265],[28.0255128,45.4276595],[28.02534,45.4276489],[28.0252295,45.4276536],[28.025107,45.427661],[28.025009,45.4276703],[28.0248155,45.427685],[28.0247507,45.4277245],[28.0246269,45.4277721],[28.0244687,45.4277992],[28.0243061,45.4277938],[28.0241522,45.4277563],[28.0240746,45.4277222],[28.0239596,45.4276393],[28.0239092,45.4275809],[28.0238703,45.4275112],[28.0238532,45.4274352],[28.0238509,45.4273606],[28.0238719,45.427277],[28.0238972,45.4272339],[28.023921,45.4271163],[28.0239091,45.4270032],[28.0238738,45.4269237],[28.0238328,45.4268488],[28.0235871,45.4265445],[28.0234554,45.4263888],[28.0233293,45.4262245],[28.0232936,45.4261716],[28.023159,45.4259949],[28.0230234,45.4257567],[28.0229621,45.4256059],[28.0228788,45.4253705],[28.0228233,45.425215],[28.0227487,45.4249819],[28.0226133,45.4245552],[28.0224223,45.4239201],[28.02202,45.4226125],[28.021913,45.4222617],[28.0218219,45.4220312],[28.0217156,45.4218477],[28.0215152,45.4215835],[28.0213151,45.4213658],[28.0211811,45.4212626],[28.0210199,45.4211561],[28.0208291,45.4210445],[28.0206381,45.420939],[28.0205747,45.4209097],[28.0202519,45.4207505],[28.0202392,45.4207439],[28.0201554,45.4206995],[28.0201084,45.4206763],[28.0200503,45.4206481],[28.0199753,45.4206118],[28.0198069,45.4205312],[28.0188561,45.4200384],[28.0182724,45.4197398],[28.0181059,45.4196546],[28.0176894,45.4194413],[28.0175811,45.4193861],[28.0174432,45.4193156],[28.0172984,45.4192415],[28.0170418,45.4191103],[28.0169293,45.4190524],[28.015768,45.4184586],[28.0156357,45.4183909],[28.01548,45.4183113],[28.0132823,45.417187],[28.0132059,45.4171499],[28.0131058,45.4170967],[28.01303,45.4170579],[28.0129777,45.4170326],[28.0125033,45.4167902],[28.0124168,45.4167442],[28.0120151,45.4165387],[28.0104936,45.4157603],[28.0101576,45.4155884],[28.0099805,45.4154978],[28.0099175,45.4154656],[28.0096507,45.4153291],[28.0095165,45.415261],[28.009626,45.4151509],[28.0098593,45.4149166],[28.0101604,45.4146141],[28.010788,45.4140151],[28.0113246,45.4135022],[28.0116031,45.4132315],[28.0117496,45.4130977],[28.0119253,45.4129453],[28.0120913,45.4128248],[28.0121461,45.4127948],[28.0123702,45.4127035],[28.0130071,45.412441],[28.0136871,45.4121529],[28.0138996,45.412058],[28.0139358,45.4120389],[28.0139681,45.4120218],[28.0141022,45.4119304],[28.0142559,45.4117844],[28.0143017,45.4117446],[28.0143586,45.4117127],[28.0145411,45.4115091],[28.0146323,45.4113934],[28.0147025,45.4112732],[28.0148069,45.4109834],[28.0148246,45.410889],[28.0148261,45.4108756],[28.0148379,45.4108185],[28.0148645,45.4106736],[28.014886,45.4105739],[28.014914,45.4104419],[28.0149217,45.4103819],[28.0149162,45.4103679],[28.0149163,45.4102471],[28.0149069,45.4100068],[28.0149076,45.4096643],[28.014882,45.4096448],[28.0148529,45.4096079],[28.0148401,45.4095668],[28.0148449,45.4095248],[28.0148667,45.4094855],[28.0149037,45.4094524],[28.0149352,45.4094351],[28.014971,45.4094224],[28.0149956,45.4092768],[28.0150107,45.4091474],[28.0150173,45.4090616],[28.0150465,45.408685],[28.0150494,45.4085623],[28.0150494,45.408179],[28.0150426,45.4078512],[28.0150366,45.407761],[28.0150297,45.405936],[28.0150861,45.4046295],[28.0148807,45.404406],[28.0148673,45.4043457],[28.0145838,45.4037036],[28.014445,45.4033139],[28.014407,45.403186],[28.0143897,45.4030986],[28.0143995,45.4030302],[28.0144288,45.4029635],[28.0144565,45.4029172],[28.0145125,45.4028624],[28.0145807,45.4028163],[28.0146725,45.4027785],[28.0147812,45.4027498],[28.0148973,45.4027314],[28.0150414,45.4027255],[28.0154065,45.4027349],[28.0155699,45.4027438],[28.0156931,45.4027568],[28.015789,45.4027726],[28.0158754,45.4027917],[28.0159418,45.4028113],[28.0160009,45.4028356],[28.0160476,45.4028671],[28.0160874,45.4029046],[28.016124,45.4029482],[28.0161545,45.403001],[28.0161814,45.4030564],[28.0161963,45.403104],[28.0161992,45.4031601],[28.0160403,45.403795],[28.0160288,45.4038432],[28.0160073,45.4039374],[28.0159873,45.4040254],[28.0160008,45.4042959],[28.0160135,45.4043317],[28.0160091,45.4043684],[28.0159881,45.4044023],[28.0161255,45.4044496],[28.0168011,45.4046692],[28.0171059,45.4047666],[28.0176475,45.4049397],[28.017765,45.4050144],[28.017808,45.4050722],[28.0178224,45.4051772],[28.0178482,45.4054148],[28.0179644,45.4054066],[28.0180102,45.4053888],[28.0185231,45.4050339],[28.0185983,45.405027],[28.0187093,45.4050365],[28.0188268,45.4051095],[28.018952,45.4051872],[28.0190818,45.4052678],[28.0185084,45.4056892],[28.0179355,45.4061109],[28.0178617,45.4059888],[28.0178608,45.4058472],[28.0178595,45.405788],[28.0178561,45.4056247],[28.0178553,45.4055888],[28.0178482,45.4054148],[28.0178224,45.4051772],[28.017808,45.4050722],[28.017765,45.4050144],[28.0176475,45.4049397],[28.0180088,45.4049205],[28.0185558,45.4048844],[28.018706,45.4048893],[28.018846,45.4049182],[28.0193629,45.405217],[28.0200783,45.4056235],[28.0212114,45.4063882],[28.0212777,45.4063915],[28.0212875,45.4063876],[28.0213462,45.4063644],[28.0221845,45.4055763],[28.022619,45.4051596],[28.0221997,45.4049292],[28.0211918,45.4043624],[28.0209811,45.4045033],[28.02008,45.4039223],[28.0200663,45.4039153]]}},{"type":"Feature","properties":{"variantId":"tb:24:v1:tur","lineId":"bus-24","mode":"bus","colour":null,"direction":"tur"},"geometry":{"type":"LineString","coordinates":[[28.0319597,45.4526139],[28.0319633,45.4525803],[28.0319733,45.4524436],[28.0319908,45.4522895],[28.0320042,45.452148],[28.0320185,45.4519964],[28.0320281,45.4518754],[28.0320444,45.4517223],[28.0320604,45.4516516],[28.0320716,45.4516279],[28.0321059,45.451612],[28.0324399,45.4516284],[28.0325478,45.4516337],[28.0327839,45.4516391],[28.032885,45.4516577],[28.0329785,45.4516991],[28.0330598,45.4517645],[28.0330864,45.4518056],[28.0335045,45.4518155],[28.0339276,45.4518248],[28.0338576,45.4518838],[28.0338258,45.451952],[28.0338148,45.4520843],[28.0338005,45.4522308],[28.0337902,45.4523848],[28.0337791,45.4525298],[28.0337676,45.4526729],[28.0341333,45.4526827],[28.0343135,45.4526905],[28.0344045,45.4526945],[28.0345018,45.452709],[28.0345159,45.4526857],[28.0345345,45.452668],[28.0345654,45.452649],[28.0346042,45.4526348],[28.0346538,45.4526266],[28.0346881,45.4526265],[28.034717,45.4526308],[28.0347382,45.4526359],[28.0347692,45.4526499],[28.0347963,45.4526635],[28.0348188,45.452688],[28.0348315,45.4527093],[28.0348389,45.4527309],[28.0348398,45.4527573],[28.0348335,45.4527784],[28.0348233,45.452801],[28.0347739,45.4529039],[28.0347562,45.4529529],[28.0347333,45.4530223],[28.0347044,45.4531107],[28.0346998,45.4532309],[28.0346958,45.4533023],[28.0346858,45.453483],[28.0346599,45.4539481],[28.0346451,45.4541061],[28.0346219,45.4543531],[28.0345802,45.4548423],[28.0345163,45.4552983],[28.0345007,45.4554149],[28.034483,45.4554828],[28.0345287,45.4555082],[28.0345586,45.4555431],[28.034569,45.4555833],[28.0345585,45.4556234],[28.0345284,45.4556583],[28.0345023,45.4556769],[28.0344808,45.4556863],[28.0344547,45.4556916],[28.0344144,45.4556965],[28.0343663,45.4556929],[28.0343218,45.4556795],[28.034285,45.4556575],[28.0342738,45.4556448],[28.0341482,45.4556181],[28.0340002,45.4556022],[28.0336852,45.4555891],[28.0333584,45.45557],[28.0326827,45.4555311],[28.0321747,45.4555032],[28.0314689,45.4554622],[28.0298877,45.4553544],[28.0297178,45.4553432],[28.0295142,45.4553282],[28.0293108,45.4553196],[28.0292024,45.4553139],[28.0289649,45.4552993],[28.0287107,45.4552802],[28.0281455,45.4552377],[28.0279509,45.4552251],[28.0277988,45.4552151],[28.0275987,45.4551998],[28.0271179,45.4551662],[28.0269344,45.4551554],[28.0267629,45.4551465],[28.0262646,45.4551185],[28.0259265,45.4550975],[28.0254686,45.4550745],[28.0251963,45.4550596],[28.0249193,45.4550455],[28.0245738,45.4550311],[28.024447,45.4550159],[28.0243754,45.4550019],[28.0243299,45.4550176],[28.0242803,45.4550251],[28.0242164,45.4550221],[28.0241568,45.4550056],[28.0241073,45.4549771],[28.0240726,45.4549393],[28.0240557,45.4548942],[28.0240601,45.4548477],[28.0240852,45.4548045],[28.0240688,45.4547115],[28.0240608,45.4546176],[28.0240142,45.4543413],[28.0239611,45.4540363],[28.0239025,45.4536363],[28.0238384,45.4531508],[28.0237589,45.4526122],[28.0236137,45.4516327],[28.0235623,45.4512538],[28.0235066,45.4509314],[28.0234874,45.4507983],[28.0234511,45.4505314],[28.0234043,45.4503507],[28.023357,45.4503255],[28.0232958,45.4502697],[28.0232667,45.450206],[28.0232692,45.450139],[28.0233031,45.4500764],[28.0233646,45.4500252],[28.0234319,45.4499954],[28.0235083,45.4499799],[28.0235879,45.4499798],[28.0236644,45.4499952],[28.0238096,45.4499781],[28.024491,45.4498432],[28.0246082,45.4498085],[28.0247823,45.4497381],[28.0249255,45.449636],[28.0250293,45.4495163],[28.0251374,45.4493414],[28.0252204,45.4491312],[28.0252204,45.4489265],[28.0251814,45.4487391],[28.0250918,45.4485304],[28.0248582,45.4481279],[28.0249127,45.4481131],[28.024964,45.4481003],[28.0250511,45.4480784],[28.02512,45.4480649],[28.0251885,45.4480525],[28.0253482,45.4480426],[28.0255162,45.4480391],[28.0256049,45.4480412],[28.026113,45.4480625],[28.0266056,45.448083],[28.0266656,45.4480855],[28.0271082,45.4481025],[28.027743,45.448129],[28.02884,45.4481746],[28.0295546,45.4482062],[28.0296249,45.4474557],[28.0296458,45.4472518],[28.0296627,45.4470385],[28.0296135,45.4470434],[28.029564,45.4470396],[28.0295175,45.4470272],[28.0294768,45.4470072],[28.0294445,45.4469806],[28.0294226,45.4469493],[28.029412,45.4469082],[28.0294192,45.4468669],[28.0294436,45.4468288],[28.0294829,45.4467976],[28.0295336,45.4467759],[28.0294142,45.4465854],[28.0293936,45.4465512],[28.0293659,45.4465104],[28.0292458,45.4463372],[28.0291379,45.4461693],[28.0290337,45.4460061],[28.0287808,45.4455969],[28.0286305,45.4453671],[28.0285575,45.4452524],[28.0285167,45.4451855],[28.0283465,45.4450329],[28.0282948,45.445017],[28.0282515,45.4449915],[28.0282204,45.4449585],[28.0282017,45.4449062],[28.028213,45.4448528],[28.0282524,45.4448065],[28.0283356,45.4447682],[28.0284348,45.4447632],[28.0285249,45.4447928],[28.0285314,45.4447013],[28.028531,45.4446498],[28.0285355,45.4445405],[28.0285535,45.444119],[28.0285625,45.4438409],[28.0285699,45.4436216],[28.0285997,45.4430102],[28.0286036,45.4429239],[28.0286139,45.4426703],[28.0286271,45.4422033],[28.02863,45.4421569],[28.0286327,45.4420289],[28.0286316,45.4417096],[28.0286296,45.4416725],[28.0286215,45.4415992],[28.028612,45.4415327],[28.0286014,45.4414615],[28.0285356,45.4411548],[28.0285239,45.4411004],[28.0284628,45.4409371],[28.0284075,45.4408544],[28.0283521,45.4407953],[28.0282525,45.4406889],[28.0281967,45.4406249],[28.0281763,45.4405875],[28.0281656,45.4405679],[28.0281612,45.440479],[28.0281832,45.4404065],[28.0282153,45.4402514],[28.0282159,45.4401948],[28.0282125,45.4401465],[28.028199,45.440079],[28.0281517,45.4399251],[28.0281378,45.4398995],[28.0281248,45.4398682],[28.0281003,45.4398198],[28.0280743,45.4397456],[28.0280504,45.439667],[28.0279144,45.4392056],[28.0278919,45.4391211],[28.0278173,45.4388425],[28.0277967,45.4387724],[28.0276738,45.4383655],[28.0276367,45.4382177],[28.0276127,45.4381092],[28.0275327,45.4377492],[28.0274752,45.4375103],[28.0274517,45.4374267],[28.0274429,45.4373925],[28.0274192,45.4372838],[28.0273596,45.4370183],[28.0272022,45.4359445],[28.0271839,45.4357725],[28.0271006,45.4351581],[28.0270662,45.434731],[28.0270486,45.4345211],[28.0270422,45.4342301],[28.0270364,45.4339139],[28.0274309,45.4338988],[28.0277594,45.4338865],[28.0281251,45.4338715],[28.0284862,45.4338535],[28.0288683,45.4338349],[28.0293796,45.4338119],[28.0295327,45.4337997],[28.0296515,45.4337885],[28.0298233,45.4337548],[28.0299548,45.4337208],[28.0301039,45.4336719],[28.0302062,45.4336295],[28.0302813,45.4335756],[28.0305038,45.433382],[28.0306875,45.4332347],[28.0308203,45.4331338],[28.0309321,45.4330649],[28.0310453,45.4330086],[28.0311813,45.4329536],[28.0313423,45.4329072],[28.0314945,45.4328743],[28.0317215,45.4328459],[28.0319668,45.4328278],[28.0322199,45.4328158],[28.0323542,45.432816],[28.0324745,45.4328235],[28.0326303,45.432838],[28.0327721,45.4328709],[28.0328972,45.4329051],[28.0330206,45.4329554],[28.0331233,45.4330111],[28.0332226,45.4330743],[28.0334566,45.4332501],[28.0335658,45.4333328],[28.0336997,45.4334245],[28.0339372,45.4336024],[28.0340353,45.4336463],[28.0341264,45.4336754],[28.0342355,45.4337009],[28.0343586,45.4337141],[28.0346683,45.4337067],[28.0348039,45.4337041],[28.034949,45.4337023],[28.0361085,45.4336682],[28.0362535,45.4336637],[28.0363774,45.4336176],[28.0364532,45.4335836],[28.0365124,45.433546],[28.0365893,45.4334861],[28.036654,45.4333989],[28.0367976,45.43174],[28.0369523,45.4301287],[28.0369803,45.4297988],[28.0369935,45.4296405],[28.0370131,45.429421],[28.0370236,45.4293363],[28.0371607,45.4289787],[28.0372518,45.4287793],[28.0373007,45.4286808],[28.0373748,45.4285362],[28.0375461,45.4285541],[28.0379401,45.4285847],[28.0387086,45.4286585],[28.0390974,45.4287007],[28.0395987,45.4287704],[28.0403058,45.4288752],[28.0407123,45.4289354],[28.0408781,45.4289649],[28.041473,45.4290717],[28.0419267,45.4291697],[28.0423923,45.4292973],[28.0427346,45.4294003],[28.0430547,45.4295029],[28.0446786,45.4300455],[28.045163,45.4302013],[28.045369,45.4302772],[28.0455034,45.4303254],[28.0456426,45.4303869],[28.045786,45.430453],[28.0461448,45.4306111],[28.0464341,45.4307468],[28.0470013,45.4310488],[28.0471024,45.4311055],[28.0485385,45.4319507],[28.0488505,45.4321384],[28.0491374,45.4322998],[28.0493834,45.4324275],[28.0496332,45.4325422],[28.0496728,45.4325573],[28.050355,45.4328297],[28.0505735,45.4329164],[28.0509539,45.4330895],[28.0510428,45.4331135],[28.0515737,45.4332764],[28.0517046,45.4333186],[28.0519065,45.4333888],[28.0520717,45.4334422],[28.0521405,45.4334666],[28.0522457,45.4335039],[28.0528546,45.4337197],[28.05298,45.4337432],[28.0531315,45.4337629],[28.0532992,45.4337787],[28.0535555,45.4337882],[28.0537122,45.433791],[28.054031,45.4337868],[28.054156,45.4337728],[28.0542928,45.4337528],[28.0547899,45.4336859],[28.0550249,45.4336549],[28.0552469,45.4336346],[28.0553137,45.433504],[28.0553792,45.433221],[28.0553905,45.4331379],[28.0554081,45.4330196],[28.0554157,45.432963],[28.0554345,45.4328428],[28.0554754,45.4325319],[28.0554932,45.432477],[28.0556042,45.432418],[28.0559272,45.4323305],[28.0561407,45.4322775],[28.0561658,45.4322721],[28.0562613,45.4322517],[28.056519,45.4321902],[28.0566585,45.4321571],[28.0570672,45.4320602],[28.05743,45.4319743],[28.0576193,45.4319294],[28.0578149,45.431883],[28.0578906,45.4318581],[28.0579658,45.4318196],[28.0579592,45.4317392],[28.0579426,45.4316129],[28.0579113,45.4314713],[28.0578946,45.4313491],[28.0578977,45.4312432],[28.0579595,45.4311507],[28.0580483,45.4310484],[28.0582529,45.4308373],[28.0585831,45.4304775],[28.0587555,45.4303099],[28.0590353,45.4304304],[28.0593037,45.4305546],[28.0595922,45.4307001],[28.0598556,45.4308306],[28.0602537,45.4310346],[28.0604007,45.4311099],[28.0607186,45.4312689],[28.061239,45.4315107],[28.0614923,45.4316443],[28.0617643,45.4317843],[28.0617752,45.4317907],[28.0618479,45.4318276],[28.062102,45.4319578],[28.0622875,45.4320567],[28.0622967,45.4320617],[28.062457,45.4321566],[28.0630484,45.4325013],[28.063751,45.4329001],[28.0638931,45.4329807],[28.0646036,45.4333826],[28.0654061,45.4338312],[28.0656725,45.4339848],[28.0657741,45.4340392],[28.0660575,45.4342061],[28.066148,45.4342567],[28.0663801,45.4343918],[28.067324,45.4349316],[28.0676828,45.4351368],[28.0680041,45.4353205],[28.0680641,45.435355],[28.06866,45.4356881],[28.0687155,45.4357189],[28.0692082,45.4359994],[28.0693775,45.4360951],[28.0692059,45.436228],[28.0691017,45.4363087],[28.0687032,45.4365614],[28.0679587,45.4370478],[28.067945,45.4370567],[28.0678929,45.4370883],[28.0677418,45.4371806],[28.0675645,45.4372919],[28.0667259,45.4378134],[28.0644376,45.4392702],[28.0640938,45.439496],[28.064107,45.439502],[28.0652434,45.4400171],[28.0659238,45.4403638],[28.0661102,45.4404565],[28.0663843,45.4405947],[28.0666298,45.4407338],[28.0666824,45.4407578],[28.0666977,45.4407658],[28.0667471,45.440791],[28.0668197,45.4408282],[28.0669005,45.4408632],[28.0669983,45.4409044],[28.0671406,45.4409561],[28.0687454,45.4415219],[28.069557,45.4418391],[28.0699366,45.4420112],[28.0699939,45.4420359],[28.070461,45.4422583],[28.0710696,45.4425131],[28.0723444,45.4430937],[28.0726632,45.4432591],[28.0733421,45.4436786],[28.0735125,45.4437847],[28.0736625,45.4438904],[28.0737881,45.4439838],[28.0739053,45.4440768],[28.0740282,45.4441758],[28.0742064,45.4443462],[28.074327,45.4444504],[28.0744476,45.4445359],[28.0745837,45.4446171],[28.0747166,45.4446825],[28.0748597,45.4447444],[28.0754537,45.4450322],[28.0757705,45.445187],[28.0760825,45.4453401],[28.0764658,45.4455127],[28.0768705,45.4456986],[28.077085,45.4457962],[28.0772778,45.4458786],[28.0774781,45.4459613],[28.0776297,45.4460197],[28.0777643,45.4460663],[28.0778757,45.4460964],[28.0779825,45.4461175],[28.0780865,45.446134],[28.0781941,45.4461431],[28.0783117,45.4461447],[28.0784797,45.4461429],[28.078898,45.446125],[28.0791061,45.4461138],[28.0792854,45.4461001],[28.0794486,45.4460799],[28.0796255,45.4460502],[28.0797645,45.4460093],[28.0798938,45.445952],[28.0800385,45.4458739],[28.0801967,45.445774],[28.0803041,45.4456926],[28.0804287,45.4455831],[28.080601,45.4454305],[28.080902,45.4451199],[28.0814999,45.4445512],[28.0815832,45.4444654],[28.0819279,45.4441104],[28.0820498,45.4439848],[28.0821195,45.4439377],[28.0821973,45.4439076],[28.0822763,45.4438938],[28.0823582,45.443885],[28.0824458,45.4438856],[28.0824894,45.4438882],[28.0828202,45.4439577],[28.0829531,45.4439928]]}},{"type":"Feature","properties":{"variantId":"tb:24:v1:retur","lineId":"bus-24","mode":"bus","colour":null,"direction":"retur"},"geometry":{"type":"LineString","coordinates":[[28.0829531,45.4439928],[28.0828202,45.4439577],[28.0824894,45.4438882],[28.0824458,45.4438856],[28.0823582,45.443885],[28.0822763,45.4438938],[28.0821973,45.4439076],[28.0821195,45.4439377],[28.0820498,45.4439848],[28.0819279,45.4441104],[28.0815832,45.4444654],[28.0814999,45.4445512],[28.080902,45.4451199],[28.080601,45.4454305],[28.0804287,45.4455831],[28.0803041,45.4456926],[28.0801967,45.445774],[28.0800385,45.4458739],[28.0798938,45.445952],[28.0797645,45.4460093],[28.0796255,45.4460502],[28.0794486,45.4460799],[28.0792854,45.4461001],[28.0791061,45.4461138],[28.078898,45.446125],[28.0784797,45.4461429],[28.0783117,45.4461447],[28.0781941,45.4461431],[28.0780865,45.446134],[28.0779825,45.4461175],[28.0778757,45.4460964],[28.0777643,45.4460663],[28.0776297,45.4460197],[28.0774781,45.4459613],[28.0772778,45.4458786],[28.077085,45.4457962],[28.0768705,45.4456986],[28.0764658,45.4455127],[28.0760825,45.4453401],[28.0757705,45.445187],[28.0754537,45.4450322],[28.0748597,45.4447444],[28.0747166,45.4446825],[28.0745837,45.4446171],[28.0744476,45.4445359],[28.074327,45.4444504],[28.0742064,45.4443462],[28.0740282,45.4441758],[28.0739053,45.4440768],[28.0737881,45.4439838],[28.0736625,45.4438904],[28.0735125,45.4437847],[28.0733421,45.4436786],[28.0726632,45.4432591],[28.0723444,45.4430937],[28.0710696,45.4425131],[28.070461,45.4422583],[28.0699939,45.4420359],[28.0699366,45.4420112],[28.069557,45.4418391],[28.0687454,45.4415219],[28.0671406,45.4409561],[28.0669983,45.4409044],[28.0669005,45.4408632],[28.0668197,45.4408282],[28.0667471,45.440791],[28.0666977,45.4407658],[28.0666824,45.4407578],[28.0666298,45.4407338],[28.0663843,45.4405947],[28.0661102,45.4404565],[28.0659238,45.4403638],[28.0652434,45.4400171],[28.064107,45.439502],[28.0640938,45.439496],[28.0644376,45.4392702],[28.0667259,45.4378134],[28.0675645,45.4372919],[28.0677418,45.4371806],[28.0678929,45.4370883],[28.067945,45.4370567],[28.0679587,45.4370478],[28.0687032,45.4365614],[28.0691017,45.4363087],[28.0692059,45.436228],[28.0693775,45.4360951],[28.0692082,45.4359994],[28.0687155,45.4357189],[28.06866,45.4356881],[28.0680641,45.435355],[28.0680041,45.4353205],[28.0676828,45.4351368],[28.067324,45.4349316],[28.0663801,45.4343918],[28.066148,45.4342567],[28.0660575,45.4342061],[28.0657741,45.4340392],[28.0656725,45.4339848],[28.0654061,45.4338312],[28.0646036,45.4333826],[28.0638931,45.4329807],[28.063751,45.4329001],[28.0630484,45.4325013],[28.062457,45.4321566],[28.0622967,45.4320617],[28.0622875,45.4320567],[28.062102,45.4319578],[28.0618479,45.4318276],[28.0617752,45.4317907],[28.0617643,45.4317843],[28.0614923,45.4316443],[28.061239,45.4315107],[28.0607186,45.4312689],[28.0604007,45.4311099],[28.0602537,45.4310346],[28.0598556,45.4308306],[28.0595922,45.4307001],[28.0593037,45.4305546],[28.0590353,45.4304304],[28.0587555,45.4303099],[28.0585831,45.4304775],[28.0582529,45.4308373],[28.0580483,45.4310484],[28.0579595,45.4311507],[28.0578977,45.4312432],[28.0578946,45.4313491],[28.0579113,45.4314713],[28.0579426,45.4316129],[28.0579592,45.4317392],[28.0579658,45.4318196],[28.0578906,45.4318581],[28.0578149,45.431883],[28.0576193,45.4319294],[28.05743,45.4319743],[28.0570672,45.4320602],[28.0566585,45.4321571],[28.056519,45.4321902],[28.0562613,45.4322517],[28.0561658,45.4322721],[28.0561407,45.4322775],[28.0559272,45.4323305],[28.0556042,45.432418],[28.0554932,45.432477],[28.0554754,45.4325319],[28.0554345,45.4328428],[28.0554157,45.432963],[28.0554081,45.4330196],[28.0553905,45.4331379],[28.0553792,45.433221],[28.0553137,45.433504],[28.0552469,45.4336346],[28.0552935,45.4339162],[28.0554862,45.4348177],[28.0555068,45.4349136],[28.0553474,45.434933],[28.0550842,45.4349641],[28.0548837,45.4349786],[28.0546193,45.4349395],[28.0544335,45.4348828],[28.0543104,45.434825],[28.0542156,45.4347623],[28.0541025,45.434698],[28.0540168,45.4346277],[28.0540719,45.4345188],[28.0540931,45.4344258],[28.0540735,45.434208],[28.0540469,45.433939],[28.054031,45.4337868],[28.0537122,45.433791],[28.0535555,45.4337882],[28.0532992,45.4337787],[28.0531315,45.4337629],[28.05298,45.4337432],[28.0528546,45.4337197],[28.0522457,45.4335039],[28.0521405,45.4334666],[28.0520717,45.4334422],[28.0519065,45.4333888],[28.0517046,45.4333186],[28.0515737,45.4332764],[28.0510428,45.4331135],[28.0509539,45.4330895],[28.0504333,45.4329623],[28.0499882,45.4328328],[28.0497071,45.4327461],[28.0495043,45.4326778],[28.0492296,45.4325516],[28.0489297,45.4323911],[28.0487028,45.4322634],[28.046959,45.431241],[28.0468549,45.431181],[28.0466191,45.4310552],[28.0460566,45.4307701],[28.0457344,45.4306242],[28.0455296,45.4305258],[28.0453867,45.4304682],[28.0452642,45.4304206],[28.0450672,45.4303537],[28.042542,45.4295292],[28.0418858,45.4293443],[28.0414337,45.4292359],[28.0408585,45.4291201],[28.040666,45.4290824],[28.040194,45.4290024],[28.0395616,45.4289108],[28.0390819,45.4288478],[28.0378907,45.4287231],[28.0377565,45.4287329],[28.0376504,45.4287595],[28.037526,45.42879],[28.0374435,45.4288233],[28.0372837,45.4288987],[28.0371607,45.4289787],[28.0370236,45.4293363],[28.0370131,45.429421],[28.0369935,45.4296405],[28.0369803,45.4297988],[28.0369523,45.4301287],[28.0367976,45.43174],[28.036654,45.4333989],[28.0366461,45.4336538],[28.0362535,45.4336637],[28.0361085,45.4336682],[28.034949,45.4337023],[28.0348039,45.4337041],[28.0346683,45.4337067],[28.0343586,45.4337141],[28.0342355,45.4337009],[28.0341264,45.4336754],[28.0340353,45.4336463],[28.0339372,45.4336024],[28.0336997,45.4334245],[28.0335658,45.4333328],[28.0334566,45.4332501],[28.0332226,45.4330743],[28.0331233,45.4330111],[28.0330206,45.4329554],[28.0328972,45.4329051],[28.0327721,45.4328709],[28.0326303,45.432838],[28.0324745,45.4328235],[28.0323542,45.432816],[28.0322199,45.4328158],[28.0319668,45.4328278],[28.0317215,45.4328459],[28.0314945,45.4328743],[28.0313423,45.4329072],[28.0311813,45.4329536],[28.0310453,45.4330086],[28.0309321,45.4330649],[28.0308203,45.4331338],[28.0306875,45.4332347],[28.0305038,45.433382],[28.0302813,45.4335756],[28.0302062,45.4336295],[28.0301039,45.4336719],[28.0299548,45.4337208],[28.0298233,45.4337548],[28.0296515,45.4337885],[28.0295327,45.4337997],[28.0293796,45.4338119],[28.0288683,45.4338349],[28.0284862,45.4338535],[28.0281251,45.4338715],[28.0277594,45.4338865],[28.0274309,45.4338988],[28.0270364,45.4339139],[28.0270422,45.4342301],[28.0270486,45.4345211],[28.0270662,45.434731],[28.0271006,45.4351581],[28.0271839,45.4357725],[28.0272022,45.4359445],[28.0273596,45.4370183],[28.0274192,45.4372838],[28.0274429,45.4373925],[28.0274517,45.4374267],[28.0274752,45.4375103],[28.0275327,45.4377492],[28.0276127,45.4381092],[28.0276367,45.4382177],[28.0276738,45.4383655],[28.0277967,45.4387724],[28.0278173,45.4388425],[28.0278919,45.4391211],[28.0279144,45.4392056],[28.0280504,45.439667],[28.0280743,45.4397456],[28.0281003,45.4398198],[28.0281248,45.4398682],[28.0281378,45.4398995],[28.0281517,45.4399251],[28.028255,45.440031],[28.0283435,45.4401106],[28.0284236,45.4401679],[28.0284964,45.44022],[28.0285876,45.4402123],[28.0286906,45.4402181],[28.0287882,45.4402454],[28.0288773,45.4402932],[28.0289465,45.4403559],[28.0289893,45.4404293],[28.0290028,45.4405081],[28.028975,45.4406091],[28.0289658,45.4406228],[28.0289229,45.4406771],[28.0288196,45.4407478],[28.0286901,45.4408322],[28.0286258,45.4408893],[28.0285826,45.4409525],[28.0285239,45.4411004],[28.0285356,45.4411548],[28.0286014,45.4414615],[28.028612,45.4415327],[28.0286215,45.4415992],[28.0286296,45.4416725],[28.0286316,45.4417096],[28.0286327,45.4420289],[28.02863,45.4421569],[28.0286271,45.4422033],[28.0286139,45.4426703],[28.0286036,45.4429239],[28.0285997,45.4430102],[28.0285699,45.4436216],[28.0285625,45.4438409],[28.0285535,45.444119],[28.0285355,45.4445405],[28.028531,45.4446498],[28.0285314,45.4447013],[28.0285249,45.4447928],[28.0285789,45.4448426],[28.0285961,45.444904],[28.028573,45.4449645],[28.0285143,45.4450116],[28.0285052,45.4451061],[28.0285167,45.4451855],[28.0285575,45.4452524],[28.0286305,45.4453671],[28.0287808,45.4455969],[28.0290337,45.4460061],[28.0291379,45.4461693],[28.0292458,45.4463372],[28.0293659,45.4465104],[28.0293936,45.4465512],[28.0294142,45.4465854],[28.0295336,45.4467759],[28.0296059,45.4467651],[28.0296787,45.4467735],[28.0297421,45.4468001],[28.0297873,45.4468412],[28.0298087,45.4469005],[28.0297918,45.4469606],[28.0297398,45.4470098],[28.0296627,45.4470385],[28.0296458,45.4472518],[28.0296249,45.4474557],[28.0295546,45.4482062],[28.02884,45.4481746],[28.027743,45.448129],[28.0271082,45.4481025],[28.0266656,45.4480855],[28.0266056,45.448083],[28.026113,45.4480625],[28.0256049,45.4480412],[28.0255162,45.4480391],[28.0253482,45.4480426],[28.0251885,45.4480525],[28.02512,45.4480649],[28.0250511,45.4480784],[28.0256347,45.449115],[28.0257311,45.449309],[28.02577,45.449337],[28.0258202,45.4493816],[28.0258638,45.4494439],[28.0258858,45.4495115],[28.0258849,45.4495809],[28.0258611,45.4496483],[28.0258159,45.44971],[28.0257516,45.4497627],[28.0256717,45.4498035],[28.0255596,45.4498372],[28.0254325,45.4498437],[28.0248718,45.4499534],[28.0246745,45.4499894],[28.0243178,45.4500584],[28.0239518,45.4501447],[28.0238315,45.4502003],[28.0238105,45.450256],[28.0237634,45.4503088],[28.0236953,45.4503489],[28.023705,45.4505589],[28.0237479,45.450998],[28.0238083,45.4514382],[28.0239364,45.4524054],[28.0240608,45.4533059],[28.0241892,45.4541383],[28.0242245,45.4542641],[28.0242633,45.4545145],[28.0242797,45.4546151],[28.0243242,45.4547417],[28.0243851,45.4547635],[28.0244206,45.4547869],[28.0244473,45.4548155],[28.0244638,45.4548476],[28.0245063,45.4548565],[28.0245892,45.4548658],[28.024753,45.4548817],[28.0253732,45.454926],[28.0258862,45.4549591],[28.0265783,45.4550037],[28.0268396,45.4550205],[28.0271918,45.4550432],[28.027795,45.455082],[28.0281627,45.4551057],[28.0286116,45.4551383],[28.0287386,45.4551458],[28.0289845,45.4551603],[28.0297421,45.4552164],[28.0298617,45.4552272],[28.030114,45.4552471],[28.0314828,45.4553468],[28.0319877,45.4553804],[28.0326923,45.4554228],[28.0327981,45.4543907],[28.0328191,45.4542645],[28.0328451,45.454109],[28.0328589,45.454026],[28.0328696,45.4539619],[28.0328745,45.4539323],[28.0328912,45.4538324],[28.0328988,45.4537867],[28.0329151,45.4536891],[28.0329224,45.4536452],[28.0329436,45.4535182],[28.0322949,45.4534848],[28.0318752,45.4534628],[28.0318927,45.4533276],[28.0319072,45.4531741],[28.0319203,45.4530361],[28.031936,45.4528904],[28.0319494,45.452728],[28.0319597,45.4526139]]}},{"type":"Feature","properties":{"variantId":"tb:25:v1:tur","lineId":"bus-25","mode":"bus","colour":null,"direction":"tur"},"geometry":{"type":"LineString","coordinates":[[28.0024537,45.4581981],[28.0024012,45.4581971],[28.0022511,45.4581936],[28.0021589,45.4577422],[28.0021558,45.4575647],[28.0022255,45.4574348],[28.0030144,45.456215],[28.0037245,45.455255],[28.0037371,45.4551663],[28.0034647,45.4545548],[28.0034489,45.4544909],[28.0034961,45.4543457],[28.0035176,45.4542297],[28.0035798,45.454137],[28.0036654,45.4540492],[28.0038238,45.4540504],[28.0039082,45.4540531],[28.0040789,45.4540571],[28.0042894,45.4540624],[28.0043918,45.4540574],[28.0045009,45.4540058],[28.0050629,45.453188],[28.0051204,45.4530471],[28.005114,45.4529087],[28.0050838,45.4527422],[28.0049867,45.4525244],[28.0048588,45.4521353],[28.0048114,45.4519178],[28.0048531,45.4518372],[28.0048813,45.45176],[28.0048941,45.4517244],[28.004932,45.4516196],[28.0051318,45.4510424],[28.0051642,45.4508607],[28.0051498,45.4506359],[28.0050923,45.4504416],[28.0049681,45.4501447],[28.004898,45.4499265],[28.0048766,45.4498262],[28.0048333,45.4495653],[28.0048166,45.4494974],[28.0047991,45.449412],[28.0047813,45.4493487],[28.0047659,45.4492908],[28.0047365,45.4491689],[28.0047432,45.449032],[28.004696,45.4489285],[28.0046117,45.4487889],[28.0044898,45.4486345],[28.0038978,45.4478695],[28.0038477,45.447642],[28.0038333,45.4474908],[28.0043646,45.447574],[28.0050119,45.4476597],[28.0059949,45.4477759],[28.0062309,45.4478059],[28.0076827,45.4479716],[28.0078488,45.4479907],[28.0081293,45.4480219],[28.0084106,45.4480668],[28.0085166,45.4480805],[28.0086277,45.4480829],[28.0087259,45.4480801],[28.0088222,45.4480688],[28.00893,45.4480474],[28.0093607,45.447933],[28.0094877,45.4479052],[28.0095867,45.4478905],[28.0097355,45.4478762],[28.0098541,45.4478741],[28.0099775,45.4478785],[28.0101956,45.4479033],[28.0105244,45.4479775],[28.0110389,45.4481338],[28.0121111,45.4485716],[28.0125201,45.4488993],[28.0130815,45.4496357],[28.0134084,45.4501222],[28.0134807,45.4502348],[28.013578,45.4502958],[28.0136612,45.4503391],[28.0137567,45.4503745],[28.0138553,45.4504065],[28.0140092,45.4504228],[28.0142084,45.4504442],[28.0143515,45.4504408],[28.0144872,45.4504137],[28.0146107,45.4503635],[28.0147367,45.4502788],[28.0148644,45.4501325],[28.014922,45.4500467],[28.0149625,45.4499533],[28.0150103,45.4498028],[28.0150023,45.4497219],[28.0149932,45.4496543],[28.0149712,45.4495758],[28.0149332,45.4495053],[28.0148694,45.4494265],[28.0145787,45.4492456],[28.0144744,45.4491807],[28.0127867,45.4481298],[28.012327,45.4478507],[28.0121387,45.4477281],[28.0119098,45.4475637],[28.0116697,45.4473562],[28.011512,45.4471958],[28.0114033,45.447068],[28.0113331,45.4469769],[28.0114301,45.4469748],[28.0115626,45.4469793],[28.0117457,45.446992],[28.0125727,45.447037],[28.0126788,45.4470392],[28.0133109,45.4470733],[28.0135159,45.4470868],[28.0136536,45.4470959],[28.0138935,45.4471117],[28.0140274,45.4471209],[28.014137,45.4471287],[28.0141821,45.4471272],[28.0142356,45.4472332],[28.0145285,45.4478165],[28.0145508,45.4478512],[28.0146493,45.4480246],[28.0147397,45.4481367],[28.0148396,45.4482151],[28.0150585,45.4482897],[28.0160511,45.4484596],[28.016415,45.4485266],[28.017276,45.4486661],[28.0176769,45.4487188],[28.0177757,45.4487308],[28.0178472,45.4487344],[28.0179005,45.4487206],[28.0179715,45.4489413],[28.0182518,45.449579],[28.0183439,45.4497816],[28.018532,45.4501246],[28.0186303,45.450227],[28.0188869,45.4504914],[28.0189333,45.450544],[28.0191813,45.4505182],[28.0194003,45.4504915],[28.0196073,45.4504677],[28.0196854,45.4504558],[28.0198341,45.4504359],[28.0207939,45.4503074],[28.0209374,45.4502882],[28.021673,45.4501912],[28.0227863,45.4500603],[28.0230312,45.4500282],[28.0233646,45.4500252],[28.0234319,45.4499954],[28.0235083,45.4499799],[28.0235879,45.4499798],[28.0236644,45.4499952],[28.0238096,45.4499781],[28.024491,45.4498432],[28.0246082,45.4498085],[28.0247823,45.4497381],[28.0249255,45.449636],[28.0250293,45.4495163],[28.0251374,45.4493414],[28.0252122,45.4492967],[28.0252992,45.4492648],[28.0254075,45.449246],[28.0255191,45.4492471],[28.0256267,45.4492678],[28.0257311,45.449309],[28.02577,45.449337],[28.0258202,45.4493816],[28.0258638,45.4494439],[28.0258858,45.4495115],[28.0258849,45.4495809],[28.0258611,45.4496483],[28.0258159,45.44971],[28.0257516,45.4497627],[28.0256717,45.4498035],[28.0255596,45.4498372],[28.0254325,45.4498437],[28.0248718,45.4499534],[28.0246745,45.4499894],[28.0243178,45.4500584],[28.0239518,45.4501447],[28.0238315,45.4502003],[28.0238105,45.450256],[28.0237634,45.4503088],[28.0236953,45.4503489],[28.023705,45.4505589],[28.0237479,45.450998],[28.0238083,45.4514382],[28.0239364,45.4524054],[28.0240608,45.4533059],[28.0241892,45.4541383],[28.0242245,45.4542641],[28.0242633,45.4545145],[28.0242797,45.4546151],[28.0243242,45.4547417],[28.0243851,45.4547635],[28.0244206,45.4547869],[28.0244473,45.4548155],[28.0244638,45.4548476],[28.0245063,45.4548565],[28.0245892,45.4548658],[28.024753,45.4548817],[28.0253732,45.454926],[28.0258862,45.4549591],[28.0265783,45.4550037],[28.0268396,45.4550205],[28.0271918,45.4550432],[28.027795,45.455082],[28.0281627,45.4551057],[28.0286116,45.4551383],[28.0287386,45.4551458],[28.0289845,45.4551603],[28.0297421,45.4552164],[28.0298617,45.4552272],[28.030114,45.4552471],[28.0314828,45.4553468],[28.0319877,45.4553804],[28.0326923,45.4554228],[28.0327981,45.4543907],[28.0328191,45.4542645],[28.0328451,45.454109],[28.0328589,45.454026],[28.0328696,45.4539619],[28.0328745,45.4539323],[28.0328912,45.4538324],[28.0328988,45.4537867],[28.0329151,45.4536891],[28.0329224,45.4536452],[28.0329436,45.4535182],[28.0322949,45.4534848],[28.0318752,45.4534628],[28.0318927,45.4533276],[28.0319072,45.4531741],[28.0319203,45.4530361],[28.031936,45.4528904],[28.0319494,45.452728],[28.0319597,45.4526139]]}},{"type":"Feature","properties":{"variantId":"tb:25:v1:retur","lineId":"bus-25","mode":"bus","colour":null,"direction":"retur"},"geometry":{"type":"LineString","coordinates":[[28.0319597,45.4526139],[28.0319633,45.4525803],[28.0319733,45.4524436],[28.0319908,45.4522895],[28.0320042,45.452148],[28.0320185,45.4519964],[28.0320281,45.4518754],[28.0320444,45.4517223],[28.0320604,45.4516516],[28.0320716,45.4516279],[28.0321059,45.451612],[28.0324399,45.4516284],[28.0325478,45.4516337],[28.0327839,45.4516391],[28.032885,45.4516577],[28.0329785,45.4516991],[28.0330598,45.4517645],[28.0330864,45.4518056],[28.0335045,45.4518155],[28.0339276,45.4518248],[28.0338576,45.4518838],[28.0338258,45.451952],[28.0338148,45.4520843],[28.0338005,45.4522308],[28.0337902,45.4523848],[28.0337791,45.4525298],[28.0337676,45.4526729],[28.0341333,45.4526827],[28.0343135,45.4526905],[28.0344045,45.4526945],[28.0345018,45.452709],[28.0345159,45.4526857],[28.0345345,45.452668],[28.0345654,45.452649],[28.0346042,45.4526348],[28.0346538,45.4526266],[28.0346881,45.4526265],[28.034717,45.4526308],[28.0347382,45.4526359],[28.0347692,45.4526499],[28.0347963,45.4526635],[28.0348188,45.452688],[28.0348315,45.4527093],[28.0348389,45.4527309],[28.0348398,45.4527573],[28.0348335,45.4527784],[28.0348233,45.452801],[28.0347739,45.4529039],[28.0347562,45.4529529],[28.0347333,45.4530223],[28.0347044,45.4531107],[28.0346998,45.4532309],[28.0346958,45.4533023],[28.0346858,45.453483],[28.0346599,45.4539481],[28.0346451,45.4541061],[28.0346219,45.4543531],[28.0345802,45.4548423],[28.0345163,45.4552983],[28.0345007,45.4554149],[28.034483,45.4554828],[28.0345287,45.4555082],[28.0345586,45.4555431],[28.034569,45.4555833],[28.0345585,45.4556234],[28.0345284,45.4556583],[28.0345023,45.4556769],[28.0344808,45.4556863],[28.0344547,45.4556916],[28.0344144,45.4556965],[28.0343663,45.4556929],[28.0343218,45.4556795],[28.034285,45.4556575],[28.0342738,45.4556448],[28.0341482,45.4556181],[28.0340002,45.4556022],[28.0336852,45.4555891],[28.0333584,45.45557],[28.0326827,45.4555311],[28.0321747,45.4555032],[28.0314689,45.4554622],[28.0298877,45.4553544],[28.0297178,45.4553432],[28.0295142,45.4553282],[28.0293108,45.4553196],[28.0292024,45.4553139],[28.0289649,45.4552993],[28.0287107,45.4552802],[28.0281455,45.4552377],[28.0279509,45.4552251],[28.0277988,45.4552151],[28.0275987,45.4551998],[28.0271179,45.4551662],[28.0269344,45.4551554],[28.0267629,45.4551465],[28.0262646,45.4551185],[28.0259265,45.4550975],[28.0254686,45.4550745],[28.0251963,45.4550596],[28.0249193,45.4550455],[28.0245738,45.4550311],[28.024447,45.4550159],[28.0243754,45.4550019],[28.0243299,45.4550176],[28.0242803,45.4550251],[28.0242164,45.4550221],[28.0241568,45.4550056],[28.0241073,45.4549771],[28.0240726,45.4549393],[28.0240557,45.4548942],[28.0240601,45.4548477],[28.0240852,45.4548045],[28.0240688,45.4547115],[28.0240608,45.4546176],[28.0240142,45.4543413],[28.0239611,45.4540363],[28.0239025,45.4536363],[28.0238384,45.4531508],[28.0237589,45.4526122],[28.0236137,45.4516327],[28.0235623,45.4512538],[28.0235066,45.4509314],[28.0234874,45.4507983],[28.0234511,45.4505314],[28.0234043,45.4503507],[28.023357,45.4503255],[28.0232958,45.4502697],[28.0231082,45.4502002],[28.0229655,45.4501686],[28.0228695,45.4501578],[28.0227622,45.450155],[28.022628,45.4501658],[28.0220199,45.4502313],[28.0215842,45.450285],[28.0210344,45.4503595],[28.0209661,45.4503695],[28.020815,45.4503905],[28.0204569,45.4504433],[28.0196891,45.4505301],[28.0195903,45.4505391],[28.0193909,45.4505596],[28.0189814,45.4506112],[28.0186823,45.4506526],[28.0186607,45.4505762],[28.0186307,45.450472],[28.018532,45.4501246],[28.0183439,45.4497816],[28.0182518,45.449579],[28.0179715,45.4489413],[28.0179005,45.4487206],[28.0178472,45.4487344],[28.0177757,45.4487308],[28.0176769,45.4487188],[28.017276,45.4486661],[28.016415,45.4485266],[28.0160511,45.4484596],[28.0150585,45.4482897],[28.0148396,45.4482151],[28.0147397,45.4481367],[28.0146493,45.4480246],[28.0145508,45.4478512],[28.0145285,45.4478165],[28.0142356,45.4472332],[28.0141821,45.4471272],[28.014137,45.4471287],[28.0140274,45.4471209],[28.0138935,45.4471117],[28.0136536,45.4470959],[28.0135159,45.4470868],[28.0133109,45.4470733],[28.0126788,45.4470392],[28.0125727,45.447037],[28.0117457,45.446992],[28.0115626,45.4469793],[28.0114301,45.4469748],[28.0113331,45.4469769],[28.0114033,45.447068],[28.011512,45.4471958],[28.0116697,45.4473562],[28.0119098,45.4475637],[28.0121387,45.4477281],[28.012327,45.4478507],[28.0127867,45.4481298],[28.0144744,45.4491807],[28.0145787,45.4492456],[28.0148694,45.4494265],[28.0151151,45.4495778],[28.0153274,45.4497091],[28.0153662,45.4497336],[28.0160548,45.4501689],[28.0163634,45.45038],[28.0164673,45.4504481],[28.0167278,45.4505411],[28.0169379,45.4506295],[28.0170909,45.4506918],[28.0171942,45.4506905],[28.0172937,45.45071],[28.0173811,45.4507487],[28.0174387,45.4507927],[28.0174798,45.4508451],[28.0175019,45.4509029],[28.0175039,45.4509627],[28.0174855,45.4510211],[28.0174067,45.4511113],[28.0172818,45.4511705],[28.0171331,45.4511882],[28.0165961,45.4514895],[28.0164838,45.451571],[28.0163951,45.4516321],[28.0162411,45.451706],[28.0160376,45.4517947],[28.0155317,45.4520016],[28.0148126,45.4523202],[28.0146432,45.4523875],[28.0146,45.4524127],[28.0144014,45.4525413],[28.0142528,45.4526553],[28.0141759,45.452617],[28.0141611,45.4525804],[28.014149,45.4525451],[28.0141537,45.4525127],[28.0141664,45.452476],[28.0142073,45.4523194],[28.0142316,45.4521759],[28.0142931,45.4519768],[28.0143234,45.4518481],[28.0143357,45.4517216],[28.0143187,45.4515855],[28.0142166,45.4513813],[28.0136417,45.4504799],[28.0134807,45.4502348],[28.0134084,45.4501222],[28.0130815,45.4496357],[28.0125201,45.4488993],[28.0121111,45.4485716],[28.0110389,45.4481338],[28.0105244,45.4479775],[28.0101956,45.4479033],[28.0099775,45.4478785],[28.0098541,45.4478741],[28.0097355,45.4478762],[28.0095867,45.4478905],[28.0094877,45.4479052],[28.0093607,45.447933],[28.00893,45.4480474],[28.0088222,45.4480688],[28.0087259,45.4480801],[28.0086277,45.4480829],[28.0085166,45.4480805],[28.0084106,45.4480668],[28.0081293,45.4480219],[28.0078488,45.4479907],[28.0076827,45.4479716],[28.0062309,45.4478059],[28.0059949,45.4477759],[28.0050119,45.4476597],[28.0043646,45.447574],[28.0038333,45.4474908],[28.0038477,45.447642],[28.0038978,45.4478695],[28.0044898,45.4486345],[28.0046117,45.4487889],[28.004696,45.4489285],[28.0047432,45.449032],[28.0047365,45.4491689],[28.0047659,45.4492908],[28.0047813,45.4493487],[28.0047991,45.449412],[28.0048166,45.4494974],[28.0048333,45.4495653],[28.0048766,45.4498262],[28.004898,45.4499265],[28.0049681,45.4501447],[28.0050923,45.4504416],[28.0051498,45.4506359],[28.0051642,45.4508607],[28.0051318,45.4510424],[28.004932,45.4516196],[28.0048941,45.4517244],[28.0048813,45.45176],[28.0048531,45.4518372],[28.0048114,45.4519178],[28.0048588,45.4521353],[28.0049867,45.4525244],[28.0050838,45.4527422],[28.005114,45.4529087],[28.0051204,45.4530471],[28.0050629,45.453188],[28.0045009,45.4540058],[28.0043918,45.4540574],[28.0042894,45.4540624],[28.0040789,45.4540571],[28.0039082,45.4540531],[28.0038238,45.4540504],[28.0036654,45.4540492],[28.0035798,45.454137],[28.0035176,45.4542297],[28.0034961,45.4543457],[28.0034489,45.4544909],[28.0034647,45.4545548],[28.0037371,45.4551663],[28.0037245,45.455255],[28.0030144,45.456215],[28.0022255,45.4574348],[28.0021558,45.4575647],[28.0021589,45.4577422],[28.0022511,45.4581936],[28.0024012,45.4581971],[28.0024537,45.4581981]]}},{"type":"Feature","properties":{"variantId":"tb:26:v1:tur","lineId":"bus-26","mode":"bus","colour":null,"direction":"tur"},"geometry":{"type":"LineString","coordinates":[[28.0195903,45.4505391],[28.0193909,45.4505596],[28.0193573,45.4507344],[28.0193283,45.4508221],[28.0192852,45.4509757],[28.0192616,45.4511121],[28.0192601,45.4513724],[28.0192419,45.4519309],[28.0192378,45.4520551],[28.0192206,45.4521377],[28.0191415,45.4522477],[28.0189266,45.4524914],[28.018808,45.4526259],[28.018717,45.452751],[28.0186574,45.4528701],[28.0186234,45.4531338],[28.0185958,45.4534054],[28.0185913,45.4534859],[28.0185357,45.4540351],[28.0185041,45.4542957],[28.0184896,45.4544631],[28.0184788,45.4545886],[28.0184824,45.4547097],[28.0184963,45.4547626],[28.0185723,45.4548693],[28.0186192,45.4549221],[28.0187,45.455014],[28.0188276,45.4552096],[28.0188718,45.4553111],[28.0188701,45.4555499],[28.0188279,45.4559236],[28.0188136,45.4560308],[28.018759,45.456598],[28.0187515,45.4566535],[28.0187436,45.4567632],[28.0187029,45.4571927],[28.0187178,45.4573659],[28.018717,45.4576087],[28.0200211,45.4579603],[28.0205975,45.458125],[28.0211203,45.458261],[28.021428,45.4583247],[28.0216825,45.4583531],[28.0218083,45.4583551],[28.0219147,45.4583546],[28.0220035,45.4583339],[28.0220708,45.4583017],[28.0221484,45.4582475],[28.0222246,45.4581715],[28.0222946,45.458082],[28.0223466,45.4579852],[28.0226951,45.4573928],[28.0227595,45.4572785],[28.0228882,45.4570535],[28.0231128,45.4566688],[28.0232806,45.4563745],[28.0235026,45.4559492],[28.0239753,45.4550837],[28.0240726,45.4549393],[28.0240557,45.4548942],[28.0240601,45.4548477],[28.0240852,45.4548045],[28.0241127,45.4547795],[28.0241472,45.4547593],[28.0242072,45.4547402],[28.0242658,45.454735],[28.0243242,45.4547417],[28.0243851,45.4547635],[28.0244206,45.4547869],[28.0244473,45.4548155],[28.0244638,45.4548476],[28.0245063,45.4548565],[28.0245892,45.4548658],[28.024753,45.4548817],[28.0253732,45.454926],[28.0258862,45.4549591],[28.0265783,45.4550037],[28.0268396,45.4550205],[28.0271918,45.4550432],[28.027795,45.455082],[28.0281627,45.4551057],[28.0286116,45.4551383],[28.0287386,45.4551458],[28.0289845,45.4551603],[28.0297421,45.4552164],[28.0298617,45.4552272],[28.030114,45.4552471],[28.0314828,45.4553468],[28.0319877,45.4553804],[28.0326923,45.4554228],[28.0333778,45.4554605],[28.0340199,45.4554878],[28.0342153,45.4554888],[28.034316,45.4554893],[28.0343693,45.4554727],[28.0344275,45.4554705],[28.034483,45.4554828],[28.0345287,45.4555082],[28.0345586,45.4555431],[28.034569,45.4555833],[28.0345585,45.4556234],[28.0345284,45.4556583],[28.0345023,45.4556769],[28.0344808,45.4556863],[28.0344547,45.4556916],[28.034474,45.4557236],[28.0344793,45.4557507],[28.0344769,45.4558058],[28.0344554,45.4560848],[28.034421,45.456466],[28.0344093,45.4565807],[28.0343842,45.4567806],[28.0343824,45.4567975],[28.0343285,45.457371],[28.0342958,45.4577496],[28.0342483,45.4582412],[28.0342357,45.4583797],[28.0341617,45.4591949],[28.0341042,45.4598265],[28.0340681,45.4601622],[28.0340626,45.4602131],[28.0340446,45.4604177],[28.0340065,45.4608661],[28.0339953,45.4610177],[28.0339874,45.4611154],[28.0339611,45.4614297],[28.0339402,45.4615983],[28.0339169,45.4618526],[28.0339048,45.461928],[28.0336539,45.4634852],[28.0334562,45.4644795],[28.0334109,45.4647047],[28.0334376,45.4647093],[28.033546,45.4647378],[28.0338072,45.4648051],[28.0342086,45.4648958],[28.0346176,45.4649569],[28.0351467,45.4650656],[28.035292,45.4651043],[28.0354183,45.4651369],[28.0355626,45.4651717],[28.0356199,45.4651536],[28.0356823,45.465149],[28.0357613,45.4650588],[28.0358892,45.4648824],[28.0360001,45.4647362],[28.0360194,45.4647012],[28.0360392,45.4646654],[28.036105,45.4645387],[28.0368919,45.4630359],[28.0369,45.4630198],[28.0370854,45.4626883],[28.0371824,45.4625118],[28.0373066,45.462548],[28.0374263,45.4625825],[28.0390068,45.463045],[28.0407901,45.4635754],[28.0417872,45.4638815],[28.0419058,45.4639146],[28.04205,45.4639345],[28.0421554,45.4639368],[28.0422835,45.4639208],[28.042413,45.4638849],[28.0435738,45.4633538],[28.0437351,45.4632792],[28.0440147,45.4631501],[28.0441386,45.4630902],[28.0442427,45.4630396],[28.0443433,45.4629851],[28.0444252,45.4629307],[28.0445144,45.4628477],[28.0445872,45.4627679],[28.0446739,45.4626344],[28.0447961,45.4623917],[28.0449791,45.4620364],[28.0451678,45.4616781],[28.0452174,45.4615826],[28.0453725,45.4612881],[28.0455925,45.4608759],[28.0458472,45.4603931],[28.0461121,45.4599068],[28.0464803,45.4592584],[28.0466603,45.4589465],[28.0467507,45.4587955],[28.0468876,45.4585672],[28.0471607,45.4581122],[28.0472101,45.4580313],[28.047449,45.4576209],[28.0476546,45.4572662],[28.0478184,45.4569967],[28.0478562,45.4569388],[28.0479496,45.4567769],[28.0480289,45.4566484],[28.048419,45.456032],[28.049099,45.4549119],[28.0493992,45.4544166],[28.0494451,45.4543405],[28.0495145,45.4542299],[28.0496525,45.4539948],[28.0497689,45.4538054],[28.0498321,45.4536958],[28.0499694,45.4534678],[28.0501379,45.4532051],[28.0502969,45.4529548],[28.0504695,45.452673],[28.050747,45.4522345],[28.0510326,45.4517758],[28.0510403,45.4517643],[28.0510361,45.4516615],[28.0510491,45.4515951],[28.0510744,45.4515209],[28.0511444,45.4514401],[28.0513069,45.4513154],[28.0513126,45.4513057],[28.0515411,45.4509183],[28.0516449,45.450743],[28.0518692,45.4503784],[28.0520816,45.4500393],[28.0521194,45.449977],[28.0521788,45.4498745],[28.0523689,45.4495534],[28.0527225,45.4490129],[28.0530205,45.4485373],[28.0531047,45.448391],[28.0532223,45.4481955],[28.053285,45.4480908],[28.0535495,45.4476588],[28.0540519,45.4468567],[28.0541246,45.4467371],[28.0543707,45.4463384],[28.054593,45.4459354],[28.0545992,45.4459229],[28.0546052,45.4459096],[28.0548136,45.4453938],[28.0549287,45.4451187],[28.0550735,45.4447807],[28.0553467,45.4441774],[28.055396,45.4440415],[28.0554319,45.4439477],[28.0555948,45.4439608],[28.0558173,45.4439855],[28.0562745,45.4440212],[28.0564263,45.4440338],[28.0565561,45.4440384],[28.0565693,45.4440383],[28.0566055,45.4439375],[28.0566465,45.4438643],[28.0568619,45.4434863],[28.0569539,45.443345],[28.0569708,45.4433191],[28.0570483,45.4433101],[28.0571056,45.4433035],[28.0572359,45.4432972],[28.0576747,45.4432806],[28.0580341,45.4432792],[28.0585998,45.4432744],[28.058675,45.4432747],[28.058803,45.4432753],[28.0589448,45.4432782],[28.0589761,45.4432818],[28.0590137,45.4432835],[28.0591047,45.4432924],[28.0592058,45.4433201],[28.0594012,45.4433995],[28.0594791,45.4434395],[28.0595758,45.4434891],[28.0600424,45.443723],[28.0601442,45.4437909],[28.0601995,45.4438971],[28.0600702,45.4441228],[28.0599454,45.4444958],[28.0598515,45.4447739],[28.0598051,45.4449114],[28.0594279,45.4448644]]}},{"type":"Feature","properties":{"variantId":"tb:26:v1:retur","lineId":"bus-26","mode":"bus","colour":null,"direction":"retur"},"geometry":{"type":"LineString","coordinates":[[28.0599454,45.4444958],[28.0598515,45.4447739],[28.0598051,45.4449114],[28.0594279,45.4448644],[28.0594267,45.4447669],[28.0593846,45.4445952],[28.0591895,45.4440542],[28.0591093,45.4437564],[28.0590963,45.4436302],[28.0590398,45.4435449],[28.0590094,45.4434105],[28.0589913,45.4433538],[28.0589829,45.4433333],[28.0589675,45.443311],[28.0589448,45.4432782],[28.058803,45.4432753],[28.058675,45.4432747],[28.0585998,45.4432744],[28.0580341,45.4432792],[28.0576747,45.4432806],[28.0572359,45.4432972],[28.0571056,45.4433035],[28.0570483,45.4433101],[28.0569708,45.4433191],[28.0569539,45.443345],[28.0568619,45.4434863],[28.0566465,45.4438643],[28.0566055,45.4439375],[28.0565693,45.4440383],[28.0565561,45.4440384],[28.0564263,45.4440338],[28.0562745,45.4440212],[28.0558173,45.4439855],[28.0556459,45.4440283],[28.0555426,45.444068],[28.0554451,45.4441175],[28.0553467,45.4441774],[28.0550735,45.4447807],[28.0549287,45.4451187],[28.0548136,45.4453938],[28.0546052,45.4459096],[28.0545992,45.4459229],[28.054593,45.4459354],[28.0543707,45.4463384],[28.0541246,45.4467371],[28.0540519,45.4468567],[28.0535495,45.4476588],[28.053285,45.4480908],[28.0532223,45.4481955],[28.0531047,45.448391],[28.0530205,45.4485373],[28.0527225,45.4490129],[28.0523689,45.4495534],[28.0521788,45.4498745],[28.0521194,45.449977],[28.0520816,45.4500393],[28.0518692,45.4503784],[28.0516449,45.450743],[28.0515411,45.4509183],[28.0513126,45.4513057],[28.0513069,45.4513154],[28.0512802,45.4514957],[28.0512605,45.4515677],[28.0512403,45.4515926],[28.0512042,45.4516314],[28.0511751,45.4516647],[28.0510403,45.4517643],[28.0510326,45.4517758],[28.050747,45.4522345],[28.0504695,45.452673],[28.0502969,45.4529548],[28.0501379,45.4532051],[28.0499694,45.4534678],[28.0498321,45.4536958],[28.0497689,45.4538054],[28.0496525,45.4539948],[28.0495145,45.4542299],[28.0494451,45.4543405],[28.0493992,45.4544166],[28.049099,45.4549119],[28.048419,45.456032],[28.0480289,45.4566484],[28.0479496,45.4567769],[28.0478562,45.4569388],[28.0478184,45.4569967],[28.0476546,45.4572662],[28.047449,45.4576209],[28.0472101,45.4580313],[28.0471607,45.4581122],[28.0468876,45.4585672],[28.0467507,45.4587955],[28.0466603,45.4589465],[28.0464803,45.4592584],[28.0461121,45.4599068],[28.0458472,45.4603931],[28.0455925,45.4608759],[28.0453725,45.4612881],[28.0452174,45.4615826],[28.0451678,45.4616781],[28.0449791,45.4620364],[28.0447961,45.4623917],[28.0446739,45.4626344],[28.0445872,45.4627679],[28.0445144,45.4628477],[28.0444252,45.4629307],[28.0443433,45.4629851],[28.0442427,45.4630396],[28.0441386,45.4630902],[28.0440147,45.4631501],[28.0437351,45.4632792],[28.0435738,45.4633538],[28.042413,45.4638849],[28.0422835,45.4639208],[28.0421554,45.4639368],[28.04205,45.4639345],[28.0419058,45.4639146],[28.0417872,45.4638815],[28.0407901,45.4635754],[28.0390068,45.463045],[28.0374263,45.4625825],[28.0373066,45.462548],[28.0371824,45.4625118],[28.0370854,45.4626883],[28.0369,45.4630198],[28.0368919,45.4630359],[28.036105,45.4645387],[28.0360392,45.4646654],[28.0362074,45.464727],[28.0363015,45.4647914],[28.0363545,45.4648487],[28.0363831,45.4649059],[28.0363945,45.4649688],[28.0363937,45.4650261],[28.0363758,45.4650921],[28.0363295,45.4651553],[28.0362592,45.465201],[28.0361808,45.4652382],[28.0360933,45.4652602],[28.0360313,45.465265],[28.0359292,45.4652631],[28.0358647,45.4652608],[28.0358657,45.4652924],[28.0358609,45.465324],[28.035843,45.4653505],[28.0358251,45.465373],[28.035794,45.465394],[28.0357649,45.4654083],[28.0357299,45.4654186],[28.0356633,45.4654247],[28.0355976,45.4654148],[28.0355406,45.4653899],[28.0355073,45.465363],[28.0354849,45.465331],[28.035475,45.465296],[28.0354782,45.4652604],[28.0353264,45.465194],[28.03526,45.4651742],[28.034911,45.4650875],[28.0345331,45.4650002],[28.0342086,45.4648958],[28.0338072,45.4648051],[28.033546,45.4647378],[28.0334376,45.4647093],[28.0334109,45.4647047],[28.0334562,45.4644795],[28.0336539,45.4634852],[28.0339048,45.461928],[28.0339169,45.4618526],[28.0339402,45.4615983],[28.0339611,45.4614297],[28.0339874,45.4611154],[28.0339953,45.4610177],[28.0340065,45.4608661],[28.0340446,45.4604177],[28.0340626,45.4602131],[28.0340681,45.4601622],[28.0341042,45.4598265],[28.0341617,45.4591949],[28.0342357,45.4583797],[28.0342483,45.4582412],[28.0342958,45.4577496],[28.0343285,45.457371],[28.0343824,45.4567975],[28.0343842,45.4567806],[28.0344093,45.4565807],[28.034421,45.456466],[28.0344554,45.4560848],[28.0344769,45.4558058],[28.0344793,45.4557507],[28.034474,45.4557236],[28.0344547,45.4556916],[28.0344144,45.4556965],[28.0343663,45.4556929],[28.0343218,45.4556795],[28.034285,45.4556575],[28.0342738,45.4556448],[28.0341482,45.4556181],[28.0340002,45.4556022],[28.0336852,45.4555891],[28.0333584,45.45557],[28.0326827,45.4555311],[28.0321747,45.4555032],[28.0314689,45.4554622],[28.0298877,45.4553544],[28.0297178,45.4553432],[28.0295142,45.4553282],[28.0293108,45.4553196],[28.0292024,45.4553139],[28.0289649,45.4552993],[28.0287107,45.4552802],[28.0281455,45.4552377],[28.0279509,45.4552251],[28.0277988,45.4552151],[28.0275987,45.4551998],[28.0271179,45.4551662],[28.0269344,45.4551554],[28.0267629,45.4551465],[28.0262646,45.4551185],[28.0259265,45.4550975],[28.0254686,45.4550745],[28.0251963,45.4550596],[28.0249193,45.4550455],[28.0245738,45.4550311],[28.024447,45.4550159],[28.0243754,45.4550019],[28.0243299,45.4550176],[28.0242803,45.4550251],[28.0242164,45.4550221],[28.0241568,45.4550056],[28.0241073,45.4549771],[28.0240726,45.4549393],[28.0240557,45.4548942],[28.0240601,45.4548477],[28.0240852,45.4548045],[28.0240688,45.4547115],[28.0240608,45.4546176],[28.0240142,45.4543413],[28.0239611,45.4540363],[28.0239025,45.4536363],[28.0238384,45.4531508],[28.0237589,45.4526122],[28.0236137,45.4516327],[28.0235623,45.4512538],[28.0235066,45.4509314],[28.0234874,45.4507983],[28.0234511,45.4505314],[28.0234043,45.4503507],[28.023357,45.4503255],[28.0232958,45.4502697],[28.0231082,45.4502002],[28.0229655,45.4501686],[28.0228695,45.4501578],[28.0227622,45.450155],[28.022628,45.4501658],[28.0220199,45.4502313],[28.0215842,45.450285],[28.0210344,45.4503595],[28.0209661,45.4503695],[28.020815,45.4503905],[28.0204569,45.4504433],[28.0196891,45.4505301],[28.0195903,45.4505391]]}},{"type":"Feature","properties":{"variantId":"tb:28:v1:tur","lineId":"bus-28","mode":"bus","colour":null,"direction":"tur"},"geometry":{"type":"LineString","coordinates":[[28.0127309,45.4131992],[28.0124538,45.4132838],[28.0122066,45.4133563],[28.0121777,45.41334],[28.0118517,45.4131644],[28.0117213,45.4132872],[28.0112873,45.4136957],[28.0109104,45.4140778],[28.0103277,45.4146566],[28.0097581,45.4152224],[28.0096507,45.4153291],[28.0095165,45.415261],[28.0089787,45.4149984],[28.0087755,45.4148974],[28.0078278,45.4144262],[28.0076474,45.4143365],[28.0073147,45.414175],[28.007285,45.4141619],[28.0069626,45.4139963],[28.0067629,45.4138974],[28.0063621,45.4136988],[28.0061558,45.4136366],[28.0060823,45.4136144],[28.0060017,45.4136285],[28.0056221,45.4138014],[28.005462,45.4138962],[28.0052809,45.4140321],[28.0052058,45.4140818],[28.0051292,45.4141362],[28.005052,45.4142391],[28.0050129,45.4143353],[28.0049875,45.4144561],[28.0049537,45.4157302],[28.0051311,45.415891],[28.0051578,45.4159011],[28.0051811,45.4159148],[28.0052,45.4159314],[28.0052138,45.4159505],[28.0055728,45.4160613],[28.0057858,45.4160708],[28.0062501,45.4161119],[28.0071273,45.4161896],[28.0072279,45.4161984],[28.0074667,45.4162195],[28.0075284,45.4162262],[28.0075837,45.4162304],[28.0076802,45.4162394],[28.007766,45.4162526],[28.0078516,45.4162711],[28.0079323,45.4163053],[28.008045,45.4163618],[28.0089443,45.4168119],[28.0093017,45.4169931],[28.0093628,45.4170241],[28.0100764,45.4173782],[28.0105226,45.4175983],[28.0107527,45.4177122],[28.0117811,45.4182276],[28.0125274,45.4186318],[28.0131686,45.4189585],[28.0135261,45.4191444],[28.0138948,45.4193293],[28.0139989,45.4193804],[28.014079,45.4194237],[28.0144718,45.4196254],[28.0154501,45.4201304],[28.0158098,45.4203183],[28.0161804,45.4205181],[28.0165714,45.4207102],[28.0169501,45.4209235],[28.0173426,45.4211493],[28.0173913,45.4211846],[28.0174263,45.4212155],[28.0174676,45.4212673],[28.0175069,45.4213514],[28.0175319,45.4214383],[28.017533,45.4215415],[28.0175061,45.4219651],[28.0174911,45.4222962],[28.0174858,45.4224052],[28.0174568,45.4229823],[28.0174204,45.4236578],[28.0174165,45.4237308],[28.0173514,45.4248276],[28.0173449,45.4249554],[28.0173237,45.4254226],[28.0173116,45.4257828],[28.0173069,45.4259176],[28.0173059,45.4259937],[28.0173001,45.4264133],[28.0172907,45.4269109],[28.0183196,45.4270041],[28.0185306,45.4270232],[28.0188755,45.4270544],[28.0189282,45.4270589],[28.0188845,45.4271324],[28.0188393,45.4271973],[28.0188255,45.4272201],[28.0188005,45.4272613],[28.0187642,45.4273385],[28.0187416,45.4274117],[28.0187279,45.4274963],[28.0187264,45.4275291],[28.0187144,45.4277937],[28.0187128,45.4279673],[28.0187689,45.4285541],[28.0188416,45.428907],[28.0188876,45.4290505],[28.0189276,45.4291676],[28.0189713,45.4292927],[28.0190171,45.4294232],[28.0190705,45.4295747],[28.0191505,45.4297623],[28.0193136,45.4300394],[28.0194446,45.4302154],[28.0195454,45.4303344],[28.0196759,45.4304582],[28.0198029,45.4305634],[28.0199455,45.4306606],[28.0200775,45.4307381],[28.0201805,45.4307983],[28.0203716,45.430872],[28.0205667,45.4309429],[28.0207808,45.4310101],[28.021038,45.4310795],[28.0210502,45.4311071],[28.0211162,45.4312571],[28.0212374,45.4315321],[28.021338,45.4317158],[28.0215128,45.4320589],[28.0215305,45.4320936],[28.0217237,45.4324745],[28.0218164,45.4326678],[28.0220131,45.433068],[28.0221919,45.4334375],[28.0222527,45.4335593],[28.0223609,45.4337877],[28.0224805,45.4340418],[28.0225093,45.4341025],[28.0225718,45.4340939],[28.0226348,45.4341002],[28.0226912,45.4341209],[28.0227265,45.4341454],[28.0227515,45.4341755],[28.0227646,45.4342092],[28.0228871,45.4341838],[28.0230044,45.4341658],[28.0232014,45.4341433],[28.0232564,45.4341363],[28.0239264,45.4340768],[28.0240995,45.4340579],[28.0247242,45.4340022],[28.0248865,45.4339881],[28.0252011,45.4339729],[28.0253043,45.4339679],[28.0253966,45.4339634],[28.0254591,45.4339603],[28.0255426,45.4339563],[28.0255149,45.4340668],[28.0254924,45.4341564],[28.0254483,45.4342905],[28.0254028,45.4344216],[28.0253049,45.4346579],[28.0251833,45.4348902],[28.0251185,45.4349963],[28.0250216,45.4351428],[28.0248178,45.4354162],[28.0245726,45.43572],[28.0244051,45.4359364],[28.0242406,45.4361798],[28.0240023,45.4364685],[28.0237798,45.4367344],[28.0236206,45.4369282],[28.0234976,45.4370787],[28.0234114,45.4371853],[28.0229171,45.4378157],[28.0228335,45.4379114],[28.0221225,45.4388175],[28.0217706,45.4392661],[28.0217112,45.4393427],[28.0215712,45.4395353],[28.0214334,45.4397209],[28.0213522,45.4398327],[28.0213189,45.4398995],[28.0213069,45.439947],[28.0213071,45.4399915],[28.0213408,45.4401022],[28.0213881,45.4401823],[28.0214081,45.44026],[28.0214029,45.4403492],[28.0213759,45.4404221],[28.021327,45.4404926],[28.0212587,45.4405547],[28.0211739,45.4406058],[28.0210761,45.4406438],[28.0209694,45.4406672],[28.0208957,45.4407651],[28.0208786,45.4408123],[28.0208797,45.4408553],[28.0208926,45.440896],[28.0209116,45.4409366],[28.0211435,45.441334],[28.0214739,45.441925],[28.021493,45.4419534],[28.0217565,45.4423909],[28.0228147,45.4442157],[28.0230556,45.4446422],[28.0231165,45.4447532],[28.0231597,45.4448272],[28.0232637,45.4449955],[28.0233377,45.4451269],[28.0234927,45.4453942],[28.0235794,45.4455438],[28.0236908,45.4457359],[28.0239467,45.4461773],[28.0240627,45.4463773],[28.0242035,45.4466202],[28.0243397,45.4468551],[28.0245472,45.447213],[28.0249761,45.4479427],[28.0250511,45.4480784],[28.02512,45.4480649],[28.0251885,45.4480525],[28.0253482,45.4480426],[28.0255162,45.4480391],[28.0256049,45.4480412],[28.026113,45.4480625],[28.0266056,45.448083],[28.0266656,45.4480855],[28.0271082,45.4481025],[28.027743,45.448129],[28.02884,45.4481746],[28.0295546,45.4482062],[28.0295882,45.4482077],[28.0304201,45.4482453],[28.0313017,45.4482875],[28.0322453,45.4483287],[28.033186,45.4483752],[28.0333006,45.4483793],[28.0333319,45.4483805],[28.0341525,45.4484079],[28.0352035,45.4484451],[28.0351851,45.4486461],[28.0351794,45.4487045],[28.0351773,45.4487467],[28.0351304,45.4491889],[28.0350614,45.4498021],[28.0349851,45.4504282],[28.0348586,45.4517421],[28.0348376,45.4519511],[28.0348188,45.4520941],[28.0348026,45.4521862],[28.0347763,45.4522997],[28.0347596,45.4523618],[28.0348522,45.4524296],[28.034907,45.4524635],[28.0349505,45.4524876],[28.0350211,45.452517],[28.0350977,45.4524871],[28.0351733,45.4524605],[28.0364514,45.4520551],[28.0378531,45.4515959],[28.0384404,45.4514133],[28.0392856,45.4511196],[28.0393727,45.4510931],[28.0412041,45.4504861],[28.041713,45.4503112],[28.0418506,45.4502639],[28.0419242,45.4503323],[28.0423414,45.4506813],[28.0423534,45.450693],[28.0423991,45.4507272],[28.0424551,45.4507731],[28.0425454,45.4508421],[28.0427102,45.450955],[28.0427903,45.4510046],[28.042877,45.4510475],[28.0430039,45.4510896],[28.0422923,45.4525185],[28.0422297,45.4526326],[28.0421456,45.4527991],[28.0420356,45.4530014],[28.0420035,45.4530614],[28.0416726,45.4537111],[28.0415969,45.4538578],[28.0410169,45.4549866],[28.0406527,45.4557122],[28.0402798,45.4564295],[28.0401343,45.4567112],[28.0401001,45.4567704],[28.0400368,45.4568923],[28.0394854,45.4579759],[28.0392231,45.4584484],[28.0388564,45.4591881],[28.0388107,45.4592771],[28.0387789,45.4593392],[28.0387163,45.4594604],[28.038648,45.4595922],[28.038095,45.4607091],[28.0372617,45.4623606],[28.0372227,45.4624379],[28.0371824,45.4625118],[28.0370854,45.4626883],[28.0369,45.4630198],[28.0368919,45.4630359],[28.036105,45.4645387],[28.0360392,45.4646654],[28.0362074,45.464727],[28.0363015,45.4647914],[28.0363545,45.4648487],[28.0363831,45.4649059],[28.0363945,45.4649688],[28.0363937,45.4650261],[28.0363758,45.4650921],[28.0363295,45.4651553],[28.0362592,45.465201],[28.0361808,45.4652382]]}},{"type":"Feature","properties":{"variantId":"tb:28:v1:retur","lineId":"bus-28","mode":"bus","colour":null,"direction":"retur"},"geometry":{"type":"LineString","coordinates":[[28.0358892,45.4648824],[28.0360001,45.4647362],[28.0360194,45.4647012],[28.0360392,45.4646654],[28.036105,45.4645387],[28.0368919,45.4630359],[28.0369,45.4630198],[28.0370854,45.4626883],[28.0371824,45.4625118],[28.0372227,45.4624379],[28.0372617,45.4623606],[28.038095,45.4607091],[28.038648,45.4595922],[28.0387163,45.4594604],[28.0387789,45.4593392],[28.0388107,45.4592771],[28.0388564,45.4591881],[28.0392231,45.4584484],[28.0394854,45.4579759],[28.0400368,45.4568923],[28.0401001,45.4567704],[28.0401343,45.4567112],[28.0402798,45.4564295],[28.0406527,45.4557122],[28.0410169,45.4549866],[28.0415969,45.4538578],[28.0416726,45.4537111],[28.0420035,45.4530614],[28.0420356,45.4530014],[28.0421456,45.4527991],[28.0422297,45.4526326],[28.0422923,45.4525185],[28.0430039,45.4510896],[28.042877,45.4510475],[28.0427903,45.4510046],[28.0427102,45.450955],[28.0425454,45.4508421],[28.0424551,45.4507731],[28.0423991,45.4507272],[28.0423534,45.450693],[28.0423414,45.4506813],[28.0419242,45.4503323],[28.0418506,45.4502639],[28.041713,45.4503112],[28.0412041,45.4504861],[28.0393727,45.4510931],[28.0392856,45.4511196],[28.0384404,45.4514133],[28.0378531,45.4515959],[28.0364514,45.4520551],[28.0351733,45.4524605],[28.0350977,45.4524871],[28.0350211,45.452517],[28.0349583,45.4525427],[28.0349113,45.4525729],[28.0348655,45.4526168],[28.0348188,45.452688],[28.0348315,45.4527093],[28.0348389,45.4527309],[28.0348398,45.4527573],[28.0348335,45.4527784],[28.0348233,45.452801],[28.0348064,45.4528187],[28.0347886,45.4528338],[28.0347671,45.4528457],[28.0347453,45.4528556],[28.034716,45.4528637],[28.0346859,45.452868],[28.0346549,45.452869],[28.0346243,45.4528664],[28.0345926,45.4528594],[28.0345535,45.4528413],[28.0345279,45.4528201],[28.0345092,45.4527982],[28.0344985,45.4527802],[28.034308,45.4527614],[28.0338515,45.4527422],[28.0336882,45.4527338],[28.0333397,45.4527186],[28.0332809,45.4527162],[28.0332151,45.4527148],[28.0331636,45.4527269],[28.0330844,45.4527685],[28.0330455,45.4528111],[28.0330329,45.4528583],[28.033017,45.4530434],[28.0330128,45.4530923],[28.033004,45.453194],[28.0330002,45.4532376],[28.0329803,45.453336],[28.0329474,45.4534994],[28.0329436,45.4535182],[28.0322949,45.4534848],[28.0318752,45.4534628],[28.0318927,45.4533276],[28.0319072,45.4531741],[28.0319203,45.4530361],[28.031936,45.4528904],[28.0319494,45.452728],[28.0319597,45.4526139],[28.0319633,45.4525803],[28.0319733,45.4524436],[28.0319908,45.4522895],[28.0320042,45.452148],[28.0320185,45.4519964],[28.0320281,45.4518754],[28.0320444,45.4517223],[28.0320604,45.4516516],[28.0320716,45.4516279],[28.0321059,45.451612],[28.0324399,45.4516284],[28.0325478,45.4516337],[28.0327839,45.4516391],[28.032885,45.4516577],[28.0329785,45.4516991],[28.0330598,45.4517645],[28.0330864,45.4518056],[28.0335045,45.4518155],[28.0339276,45.4518248],[28.0346765,45.4518523],[28.034747,45.4518225],[28.0348006,45.4517905],[28.0348586,45.4517421],[28.0349851,45.4504282],[28.0350614,45.4498021],[28.0351304,45.4491889],[28.0351773,45.4487467],[28.0351794,45.4487045],[28.0351851,45.4486461],[28.0352035,45.4484451],[28.0341525,45.4484079],[28.0333319,45.4483805],[28.0333006,45.4483793],[28.033186,45.4483752],[28.0322453,45.4483287],[28.0313017,45.4482875],[28.0304201,45.4482453],[28.0295882,45.4482077],[28.0295546,45.4482062],[28.02884,45.4481746],[28.027743,45.448129],[28.0271082,45.4481025],[28.0266656,45.4480855],[28.0266056,45.448083],[28.026113,45.4480625],[28.0256049,45.4480412],[28.0255162,45.4480391],[28.0253482,45.4480426],[28.0251885,45.4480525],[28.02512,45.4480649],[28.0250511,45.4480784],[28.024964,45.4481003],[28.0249127,45.4481131],[28.0248582,45.4481279],[28.0246866,45.4478304],[28.0244574,45.4474303],[28.0242335,45.4470393],[28.023851,45.446372],[28.0235018,45.4457628],[28.0234395,45.4456543],[28.0230598,45.4449919],[28.0229802,45.4448772],[28.0229335,45.4448032],[28.0228704,45.4446978],[28.0227045,45.44439],[28.0225301,45.4440756],[28.0223389,45.4437457],[28.0221948,45.4434971],[28.0219414,45.44306],[28.0218595,45.4429187],[28.0215787,45.4424447],[28.0212901,45.4419424],[28.0211535,45.4417119],[28.0209228,45.4413108],[28.020639,45.4408009],[28.0205725,45.4406888],[28.0204953,45.440578],[28.0204004,45.4405012],[28.0203346,45.4404033],[28.02031,45.4402966],[28.0203187,45.440232],[28.0203216,45.44021],[28.0203605,45.4401275],[28.020453,45.4400296],[28.0205833,45.4399557],[28.0207017,45.4399196],[28.0208289,45.439904],[28.0209577,45.4399095],[28.021023,45.4398802],[28.0210701,45.4398499],[28.021106,45.4398135],[28.0211486,45.439765],[28.0212495,45.4396384],[28.0214079,45.4394355],[28.0215909,45.4392156],[28.0217626,45.4389964],[28.0219327,45.4387815],[28.0220764,45.4386013],[28.0221991,45.4384465],[28.0224603,45.4381134],[28.022673,45.4378448],[28.0232666,45.4371065],[28.0234531,45.4368642],[28.0236953,45.4365365],[28.0237671,45.4364384],[28.0238034,45.4363893],[28.0238702,45.4362985],[28.0240804,45.4360441],[28.0242348,45.4358724],[28.0246654,45.4353249],[28.0248626,45.4350691],[28.0249927,45.4348615],[28.0251117,45.4346592],[28.0252277,45.4343429],[28.0252823,45.4340755],[28.0253043,45.4339679],[28.0252011,45.4339729],[28.0248865,45.4339881],[28.0247242,45.4340022],[28.0240995,45.4340579],[28.0239264,45.4340768],[28.0232564,45.4341363],[28.0232014,45.4341433],[28.0230044,45.4341658],[28.0228871,45.4341838],[28.0227646,45.4342092],[28.0227648,45.4342433],[28.0227527,45.4342763],[28.022729,45.4343061],[28.0226953,45.4343307],[28.0226539,45.4343484],[28.022625,45.4343556],[28.022567,45.4343598],[28.0225099,45.4343515],[28.0224591,45.4343313],[28.0224194,45.4343013],[28.0223946,45.4342643],[28.022387,45.4342251],[28.0223961,45.434186],[28.0224213,45.4341506],[28.0224601,45.4341219],[28.0225093,45.4341025],[28.0224805,45.4340418],[28.0223609,45.4337877],[28.0222527,45.4335593],[28.0221919,45.4334375],[28.0220131,45.433068],[28.0218164,45.4326678],[28.0217237,45.4324745],[28.0215305,45.4320936],[28.0215128,45.4320589],[28.021338,45.4317158],[28.0212374,45.4315321],[28.0211162,45.4312571],[28.0210502,45.4311071],[28.021038,45.4310795],[28.0207808,45.4310101],[28.0205667,45.4309429],[28.0203716,45.430872],[28.0201805,45.4307983],[28.0200775,45.4307381],[28.0199455,45.4306606],[28.0198029,45.4305634],[28.0196759,45.4304582],[28.0195454,45.4303344],[28.0194446,45.4302154],[28.0193136,45.4300394],[28.0191505,45.4297623],[28.0190705,45.4295747],[28.0190171,45.4294232],[28.0189713,45.4292927],[28.0189276,45.4291676],[28.0188876,45.4290505],[28.0188416,45.428907],[28.0187689,45.4285541],[28.0187128,45.4279673],[28.0187144,45.4277937],[28.0187264,45.4275291],[28.0187279,45.4274963],[28.0187416,45.4274117],[28.0187642,45.4273385],[28.0188005,45.4272613],[28.0188255,45.4272201],[28.0188393,45.4271973],[28.0188845,45.4271324],[28.0189282,45.4270589],[28.0188755,45.4270544],[28.0185306,45.4270232],[28.0183196,45.4270041],[28.0172907,45.4269109],[28.0173001,45.4264133],[28.0173059,45.4259937],[28.0173069,45.4259176],[28.0173116,45.4257828],[28.0173237,45.4254226],[28.0173449,45.4249554],[28.0173514,45.4248276],[28.0174165,45.4237308],[28.0174204,45.4236578],[28.0174568,45.4229823],[28.0174858,45.4224052],[28.0174911,45.4222962],[28.0175061,45.4219651],[28.017533,45.4215415],[28.0175319,45.4214383],[28.0175069,45.4213514],[28.0174676,45.4212673],[28.0174263,45.4212155],[28.0173913,45.4211846],[28.0173426,45.4211493],[28.0169501,45.4209235],[28.0165714,45.4207102],[28.0161804,45.4205181],[28.0158098,45.4203183],[28.0154501,45.4201304],[28.0144718,45.4196254],[28.014079,45.4194237],[28.0139989,45.4193804],[28.0138948,45.4193293],[28.0135261,45.4191444],[28.0131686,45.4189585],[28.0125274,45.4186318],[28.0117811,45.4182276],[28.0107527,45.4177122],[28.0105226,45.4175983],[28.0100764,45.4173782],[28.0093628,45.4170241],[28.0093017,45.4169931],[28.0089443,45.4168119],[28.008045,45.4163618],[28.0079323,45.4163053],[28.0078516,45.4162711],[28.007766,45.4162526],[28.0076802,45.4162394],[28.0075837,45.4162304],[28.0075284,45.4162262],[28.0074667,45.4162195],[28.0072279,45.4161984],[28.0071273,45.4161896],[28.0062501,45.4161119],[28.0057858,45.4160708],[28.0055728,45.4160613],[28.0051914,45.4160538],[28.0051729,45.4160675],[28.0051512,45.4160786],[28.005127,45.4160868],[28.0051012,45.4160919],[28.0050679,45.4160936],[28.0050349,45.4160901],[28.0050039,45.4160816],[28.0049763,45.4160684],[28.0049535,45.4160513],[28.0049367,45.4160311],[28.0049273,45.4160112],[28.0049238,45.4159904],[28.0049262,45.4159695],[28.0049344,45.4159493],[28.0049482,45.4159307],[28.0049537,45.4157302],[28.0049875,45.4144561],[28.0050129,45.4143353],[28.005052,45.4142391],[28.0051292,45.4141362],[28.0052058,45.4140818],[28.0052809,45.4140321],[28.005462,45.4138962],[28.0056221,45.4138014],[28.0056963,45.4137147],[28.0057873,45.4136084],[28.0058425,45.4135375],[28.0058397,45.4135005],[28.0058536,45.4134649],[28.0058828,45.4134341],[28.0059244,45.4134114],[28.0059741,45.4133991],[28.0060162,45.4133976],[28.0060697,45.413407],[28.0061158,45.4134283],[28.0061493,45.4134591],[28.0061664,45.413496],[28.0061681,45.4135166],[28.0063621,45.4136988],[28.0067629,45.4138974],[28.0069626,45.4139963],[28.007285,45.4141619],[28.0073147,45.414175],[28.0076474,45.4143365],[28.0078278,45.4144262],[28.0087755,45.4148974],[28.0089787,45.4149984],[28.0095165,45.415261],[28.009626,45.4151509],[28.0098593,45.4149166],[28.0101604,45.4146141],[28.010788,45.4140151],[28.0113246,45.4135022],[28.0116031,45.4132315],[28.0117496,45.4130977],[28.0119253,45.4129453],[28.0120913,45.4128248],[28.0122112,45.4128941],[28.0125227,45.4130732],[28.012625,45.413132],[28.0127309,45.4131992],[28.0124538,45.4132838]]}},{"type":"Feature","properties":{"variantId":"tb:30:v1:tur","lineId":"bus-30","mode":"bus","colour":null,"direction":"tur"},"geometry":{"type":"LineString","coordinates":[[28.0127309,45.4131992],[28.0124538,45.4132838],[28.0122066,45.4133563],[28.0121777,45.41334],[28.0118517,45.4131644],[28.0117213,45.4132872],[28.0112873,45.4136957],[28.0109104,45.4140778],[28.0103277,45.4146566],[28.0097581,45.4152224],[28.0096507,45.4153291],[28.0095165,45.415261],[28.0089787,45.4149984],[28.0087755,45.4148974],[28.0078278,45.4144262],[28.0076474,45.4143365],[28.0073147,45.414175],[28.007285,45.4141619],[28.0069626,45.4139963],[28.0067629,45.4138974],[28.0063621,45.4136988],[28.0061558,45.4136366],[28.0060823,45.4136144],[28.0060017,45.4136285],[28.0059304,45.4136165],[28.0058736,45.413584],[28.0058425,45.4135375],[28.0058397,45.4135005],[28.005628,45.4133516],[28.0053837,45.4132237],[28.0051689,45.4131085],[28.0048788,45.4129689],[28.0044067,45.4127219],[28.004116,45.4125309],[28.0038614,45.4123346],[28.003643,45.412138],[28.0027481,45.4110522],[28.0027077,45.4110038],[28.0025085,45.4107652],[28.0024792,45.4107301],[28.0022667,45.4104854],[28.0019504,45.4101071],[28.0017904,45.4099092],[28.0016888,45.4097873],[28.0015898,45.4096685],[28.0015287,45.4095952],[28.0014255,45.4094762],[28.0013694,45.4094115],[28.0012209,45.4092553],[28.0010374,45.4091008],[28.0009147,45.4090195],[28.000811,45.4089596],[28.0005655,45.4088413],[28.0002899,45.4087339],[28.000035,45.4086595],[27.9997298,45.4086022],[27.9995204,45.4085782],[27.999442,45.4085598],[27.9993606,45.4085406],[27.9993232,45.4085463],[27.999285,45.4085457],[27.999248,45.408539],[27.9990952,45.4085644],[27.998586,45.4085759],[27.9977143,45.4085781],[27.9969823,45.4085783],[27.9961589,45.4085789],[27.995747,45.4085804],[27.9955445,45.408543],[27.9952363,45.4085416],[27.9949577,45.4085383],[27.9946413,45.4085067],[27.9944052,45.4084773],[27.9942037,45.4084393],[27.9940934,45.4084188],[27.9940405,45.408403],[27.9939918,45.4083887],[27.9939446,45.4083745],[27.9935576,45.4082281],[27.993269,45.4080916],[27.9928525,45.4078317],[27.9925574,45.4076397],[27.9922168,45.4074118],[27.9919325,45.4072235],[27.9915784,45.4069994],[27.9912565,45.4067942],[27.9910634,45.4066831],[27.990822,45.4065795],[27.9905618,45.4064947],[27.9902587,45.4064232],[27.99002,45.4063893],[27.9897894,45.406378],[27.9895587,45.4063761],[27.9893307,45.4063893],[27.9891161,45.4064081],[27.9888452,45.4064401],[27.9884633,45.4064986],[27.9884151,45.4065063],[27.9882469,45.4065313],[27.9881944,45.4065395],[27.9877689,45.4066025],[27.9874789,45.4066456],[27.9874282,45.4066531],[27.9869496,45.4067244],[27.9866853,45.4067637],[27.9866337,45.4067714],[27.9864723,45.4067954],[27.9859751,45.4068694],[27.9857444,45.4069055],[27.9850794,45.4069985],[27.9848356,45.4070332],[27.9846105,45.4070646],[27.9845312,45.4070764],[27.983637,45.4072036],[27.9833435,45.4072454],[27.9830699,45.4072843],[27.9825363,45.4073602],[27.9818078,45.4074638],[27.9811766,45.4075536],[27.9806415,45.4076292],[27.979807,45.407747],[27.9792571,45.4078247],[27.9787561,45.4078954],[27.9786403,45.4079118],[27.9782826,45.4079623],[27.9777957,45.4080169],[27.9773849,45.408033],[27.9771115,45.408017],[27.9770939,45.408016],[27.9770455,45.4080091]]}},{"type":"Feature","properties":{"variantId":"tb:30:v1:retur","lineId":"bus-30","mode":"bus","colour":null,"direction":"retur"},"geometry":{"type":"LineString","coordinates":[[27.9770152,45.4080047],[27.9770455,45.4080091],[27.9770939,45.408016],[27.9771115,45.408017],[27.9773849,45.408033],[27.9777957,45.4080169],[27.9782826,45.4079623],[27.9786403,45.4079118],[27.9787561,45.4078954],[27.9792571,45.4078247],[27.979807,45.407747],[27.9806415,45.4076292],[27.9811766,45.4075536],[27.9818078,45.4074638],[27.9825363,45.4073602],[27.9830699,45.4072843],[27.9833435,45.4072454],[27.983637,45.4072036],[27.9845312,45.4070764],[27.9846105,45.4070646],[27.9848356,45.4070332],[27.9850794,45.4069985],[27.9857444,45.4069055],[27.9859751,45.4068694],[27.9864723,45.4067954],[27.9866337,45.4067714],[27.9866853,45.4067637],[27.9869496,45.4067244],[27.9874282,45.4066531],[27.9874789,45.4066456],[27.9877689,45.4066025],[27.9881944,45.4065395],[27.9882469,45.4065313],[27.9884151,45.4065063],[27.9884633,45.4064986],[27.9888452,45.4064401],[27.9891161,45.4064081],[27.9893307,45.4063893],[27.9895587,45.4063761],[27.9897894,45.406378],[27.99002,45.4063893],[27.9902587,45.4064232],[27.9905618,45.4064947],[27.990822,45.4065795],[27.9910634,45.4066831],[27.9912565,45.4067942],[27.9915784,45.4069994],[27.9919325,45.4072235],[27.9922168,45.4074118],[27.9925574,45.4076397],[27.9928525,45.4078317],[27.993269,45.4080916],[27.9935576,45.4082281],[27.9939446,45.4083745],[27.9939918,45.4083887],[27.9940405,45.408403],[27.9940934,45.4084188],[27.9942037,45.4084393],[27.9944052,45.4084773],[27.9946413,45.4085067],[27.9949577,45.4085383],[27.9952363,45.4085416],[27.9955445,45.408543],[27.9957026,45.4085009],[27.9961175,45.4085],[27.9968787,45.4084991],[27.9976361,45.4085038],[27.9985807,45.4084949],[27.9988414,45.4084902],[27.9989544,45.4084743],[27.9990383,45.4084454],[27.9990934,45.4084195],[27.9991541,45.4083909],[27.9991708,45.4083681],[27.9992091,45.4083396],[27.999255,45.4083226],[27.9993062,45.4083165],[27.9993574,45.408322],[27.9994037,45.4083384],[27.9994404,45.4083641],[27.9994638,45.4083966],[27.999471,45.408422],[27.9995688,45.4084756],[27.9996571,45.4085122],[27.9997546,45.4085371],[28.000066,45.4085955],[28.0003318,45.4086731],[28.0006161,45.4087839],[28.0008688,45.4089057],[28.0009782,45.4089689],[28.0011033,45.4090519],[28.001303,45.4092122],[28.0014557,45.4093728],[28.0016166,45.4095584],[28.0018791,45.4098733],[28.0020391,45.4100712],[28.0023546,45.4104485],[28.0025666,45.4106927],[28.0037233,45.4120514],[28.0039562,45.412281],[28.0041991,45.4124686],[28.0044848,45.4126563],[28.0049504,45.4128999],[28.0052055,45.4130275],[28.0054558,45.413155],[28.0056937,45.413281],[28.0058988,45.4133695],[28.0059741,45.4133991],[28.0060162,45.4133976],[28.0060697,45.413407],[28.0061158,45.4134283],[28.0061493,45.4134591],[28.0061664,45.413496],[28.0061681,45.4135166],[28.0063621,45.4136988],[28.0067629,45.4138974],[28.0069626,45.4139963],[28.007285,45.4141619],[28.0073147,45.414175],[28.0076474,45.4143365],[28.0078278,45.4144262],[28.0087755,45.4148974],[28.0089787,45.4149984],[28.0095165,45.415261],[28.009626,45.4151509],[28.0098593,45.4149166],[28.0101604,45.4146141],[28.010788,45.4140151],[28.0113246,45.4135022],[28.0116031,45.4132315],[28.0117496,45.4130977],[28.0119253,45.4129453],[28.0120913,45.4128248],[28.0122112,45.4128941],[28.0125227,45.4130732],[28.012625,45.413132],[28.0127309,45.4131992],[28.0124538,45.4132838]]}},{"type":"Feature","properties":{"variantId":"tb:31:v1:tur","lineId":"bus-31","mode":"bus","colour":null,"direction":"tur"},"geometry":{"type":"LineString","coordinates":[[28.0127309,45.4131992],[28.0124538,45.4132838],[28.0122066,45.4133563],[28.0121777,45.41334],[28.0118517,45.4131644],[28.0117213,45.4132872],[28.0112873,45.4136957],[28.0109104,45.4140778],[28.0103277,45.4146566],[28.0097581,45.4152224],[28.0096507,45.4153291],[28.0095165,45.415261],[28.0089787,45.4149984],[28.0087755,45.4148974],[28.0078278,45.4144262],[28.0076474,45.4143365],[28.0073147,45.414175],[28.007285,45.4141619],[28.0069626,45.4139963],[28.0067629,45.4138974],[28.0063621,45.4136988],[28.0061558,45.4136366],[28.0060823,45.4136144],[28.0060017,45.4136285],[28.0059304,45.4136165],[28.0058736,45.413584],[28.0058425,45.4135375],[28.0058397,45.4135005],[28.005628,45.4133516],[28.0053837,45.4132237],[28.0051689,45.4131085],[28.0048788,45.4129689],[28.0044067,45.4127219],[28.004116,45.4125309],[28.0038614,45.4123346],[28.003643,45.412138],[28.0027481,45.4110522],[28.0027077,45.4110038],[28.0025085,45.4107652],[28.0024792,45.4107301],[28.0022667,45.4104854],[28.0019504,45.4101071],[28.0017904,45.4099092],[28.0016888,45.4097873],[28.0015898,45.4096685],[28.0015287,45.4095952],[28.0014255,45.4094762],[28.0013694,45.4094115],[28.0012209,45.4092553],[28.0010374,45.4091008],[28.0009147,45.4090195],[28.000811,45.4089596],[28.0005655,45.4088413],[28.0002899,45.4087339],[28.000035,45.4086595],[27.9997298,45.4086022],[27.9995204,45.4085782],[27.999442,45.4085598],[27.9993606,45.4085406],[27.9993232,45.4085463],[27.999285,45.4085457],[27.999248,45.408539],[27.9992039,45.4085209],[27.9991699,45.4084943],[27.9991492,45.4084616],[27.9991437,45.408426],[27.9991541,45.4083909],[27.9991708,45.4083681],[27.9991757,45.4082432],[27.9991685,45.408191],[27.9991599,45.4081465],[27.9991343,45.4081001],[27.9990918,45.4080445],[27.9990115,45.4080092],[27.9989251,45.4079872],[27.9988376,45.4079819],[27.9987322,45.4079779],[27.9986359,45.4079828],[27.9985473,45.4079932],[27.998444,45.4080111],[27.9984312,45.408014],[27.9983459,45.4080335],[27.9982355,45.40806],[27.9981878,45.4080714],[27.9980871,45.4080955],[27.9980797,45.4080973],[27.9979735,45.4081227],[27.9978861,45.4081378],[27.9978189,45.4081446],[27.9977595,45.408146],[27.9976873,45.4081433],[27.9975181,45.4081259],[27.9973691,45.4081066],[27.9970679,45.4080617],[27.9969567,45.4080434],[27.9968529,45.4080199],[27.9967529,45.4079963],[27.9966584,45.4079673],[27.9965691,45.4079344],[27.9964853,45.407895],[27.9964105,45.4078552],[27.9963341,45.4078092],[27.9962324,45.4077469],[27.9960974,45.4076585],[27.9959353,45.4075528],[27.99575,45.4074273],[27.9955759,45.4073018],[27.9952617,45.4070868],[27.9946673,45.4067269],[27.9936136,45.406024],[27.9924797,45.4052676],[27.992432,45.4052369],[27.9924225,45.4052309],[27.9913667,45.4045509],[27.9910304,45.4042695],[27.990668,45.4038638],[27.9892228,45.4020874],[27.9890316,45.401881],[27.9889347,45.4019165],[27.988861,45.4019328],[27.9887986,45.4019356],[27.9887351,45.4019319],[27.9886749,45.4019158],[27.9886218,45.401891],[27.9886038,45.4018761],[27.9885864,45.4018605],[27.9885612,45.4018205],[27.9885498,45.4017782],[27.9885508,45.4017443],[27.988563,45.4017162],[27.988581,45.4016892],[27.9886119,45.4016629],[27.9886443,45.4016391],[27.988729,45.401596],[27.9887783,45.4015729],[27.9885088,45.4012495],[27.9870825,45.399538],[27.9866276,45.3989727],[27.9860947,45.3982581],[27.9858063,45.3978211],[27.9856883,45.3979339]]}},{"type":"Feature","properties":{"variantId":"tb:31:v1:retur","lineId":"bus-31","mode":"bus","colour":null,"direction":"retur"},"geometry":{"type":"LineString","coordinates":[[27.9856883,45.3979339],[27.9858063,45.3978211],[27.9860947,45.3982581],[27.9866276,45.3989727],[27.9870825,45.399538],[27.9885088,45.4012495],[27.9887783,45.4015729],[27.9889933,45.4018346],[27.9890316,45.401881],[27.9892228,45.4020874],[27.990668,45.4038638],[27.9910304,45.4042695],[27.9913667,45.4045509],[27.9924225,45.4052309],[27.992432,45.4052369],[27.9924797,45.4052676],[27.9936136,45.406024],[27.9946673,45.4067269],[27.9952617,45.4070868],[27.9955759,45.4073018],[27.99575,45.4074273],[27.9959353,45.4075528],[27.9960974,45.4076585],[27.9962324,45.4077469],[27.9963341,45.4078092],[27.9964105,45.4078552],[27.9964853,45.407895],[27.9965691,45.4079344],[27.9966584,45.4079673],[27.9967529,45.4079963],[27.9968529,45.4080199],[27.9969567,45.4080434],[27.9970679,45.4080617],[27.9973691,45.4081066],[27.9975181,45.4081259],[27.9976873,45.4081433],[27.9977595,45.408146],[27.9978189,45.4081446],[27.9978861,45.4081378],[27.9979735,45.4081227],[27.9980797,45.4080973],[27.9980871,45.4080955],[27.9981878,45.4080714],[27.9982355,45.40806],[27.9983459,45.4080335],[27.9984312,45.408014],[27.998444,45.4080111],[27.9985473,45.4079932],[27.9986359,45.4079828],[27.9987322,45.4079779],[27.9988376,45.4079819],[27.9989251,45.4079872],[27.9990115,45.4080092],[27.9990918,45.4080445],[27.9991914,45.4081119],[27.9992423,45.4081529],[27.9993322,45.4082297],[27.9994064,45.4083219],[27.9994404,45.4083641],[27.9994638,45.4083966],[27.999471,45.408422],[27.9995688,45.4084756],[27.9996571,45.4085122],[27.9997546,45.4085371],[28.000066,45.4085955],[28.0003318,45.4086731],[28.0006161,45.4087839],[28.0008688,45.4089057],[28.0009782,45.4089689],[28.0011033,45.4090519],[28.001303,45.4092122],[28.0014557,45.4093728],[28.0016166,45.4095584],[28.0018791,45.4098733],[28.0020391,45.4100712],[28.0023546,45.4104485],[28.0025666,45.4106927],[28.0037233,45.4120514],[28.0039562,45.412281],[28.0041991,45.4124686],[28.0044848,45.4126563],[28.0049504,45.4128999],[28.0052055,45.4130275],[28.0054558,45.413155],[28.0056937,45.413281],[28.0058988,45.4133695],[28.0059741,45.4133991],[28.0060162,45.4133976],[28.0060697,45.413407],[28.0061158,45.4134283],[28.0061493,45.4134591],[28.0061664,45.413496],[28.0061681,45.4135166],[28.0063621,45.4136988],[28.0067629,45.4138974],[28.0069626,45.4139963],[28.007285,45.4141619],[28.0073147,45.414175],[28.0076474,45.4143365],[28.0078278,45.4144262],[28.0087755,45.4148974],[28.0089787,45.4149984],[28.0095165,45.415261],[28.009626,45.4151509],[28.0098593,45.4149166],[28.0101604,45.4146141],[28.010788,45.4140151],[28.0113246,45.4135022],[28.0116031,45.4132315],[28.0117496,45.4130977],[28.0119253,45.4129453],[28.0120913,45.4128248],[28.0122112,45.4128941],[28.0125227,45.4130732],[28.012625,45.413132],[28.0127309,45.4131992],[28.0124538,45.4132838]]}},{"type":"Feature","properties":{"variantId":"tb:34:v1:tur","lineId":"bus-34","mode":"bus","colour":null,"direction":"tur"},"geometry":{"type":"LineString","coordinates":[[28.0195903,45.4505391],[28.0193909,45.4505596],[28.0193573,45.4507344],[28.0193283,45.4508221],[28.0192852,45.4509757],[28.0192616,45.4511121],[28.0192601,45.4513724],[28.0192419,45.4519309],[28.0192378,45.4520551],[28.0192206,45.4521377],[28.0191415,45.4522477],[28.0189266,45.4524914],[28.018808,45.4526259],[28.018717,45.452751],[28.0186574,45.4528701],[28.0186234,45.4531338],[28.0185958,45.4534054],[28.0185913,45.4534859],[28.0185357,45.4540351],[28.0185041,45.4542957],[28.0184896,45.4544631],[28.0184788,45.4545886],[28.0184824,45.4547097],[28.0184963,45.4547626],[28.0185723,45.4548693],[28.0186192,45.4549221],[28.0187,45.455014],[28.0188276,45.4552096],[28.0188718,45.4553111],[28.0188701,45.4555499],[28.0188279,45.4559236],[28.0188136,45.4560308],[28.018759,45.456598],[28.0187515,45.4566535],[28.0187436,45.4567632],[28.0187029,45.4571927],[28.0187178,45.4573659],[28.018717,45.4576087],[28.0200211,45.4579603],[28.0205975,45.458125],[28.0211203,45.458261],[28.021428,45.4583247],[28.0216825,45.4583531],[28.0218083,45.4583551],[28.0219147,45.4583546],[28.0220035,45.4583339],[28.0220708,45.4583017],[28.0221484,45.4582475],[28.0222246,45.4581715],[28.0222946,45.458082],[28.0223466,45.4579852],[28.0226951,45.4573928],[28.0227595,45.4572785],[28.0228882,45.4570535],[28.0231128,45.4566688],[28.0232806,45.4563745],[28.0235026,45.4559492],[28.0239753,45.4550837],[28.0240726,45.4549393],[28.0240557,45.4548942],[28.0240601,45.4548477],[28.0240852,45.4548045],[28.0241127,45.4547795],[28.0241472,45.4547593],[28.0242072,45.4547402],[28.0242658,45.454735],[28.0243242,45.4547417],[28.0243851,45.4547635],[28.0244206,45.4547869],[28.0244473,45.4548155],[28.0244638,45.4548476],[28.0245063,45.4548565],[28.0245892,45.4548658],[28.024753,45.4548817],[28.0253732,45.454926],[28.0258862,45.4549591],[28.0265783,45.4550037],[28.0268396,45.4550205],[28.0271918,45.4550432],[28.027795,45.455082],[28.0281627,45.4551057],[28.0286116,45.4551383],[28.0287386,45.4551458],[28.0289845,45.4551603],[28.0297421,45.4552164],[28.0298617,45.4552272],[28.030114,45.4552471],[28.0314828,45.4553468],[28.0319877,45.4553804],[28.0326923,45.4554228],[28.0333778,45.4554605],[28.0340199,45.4554878],[28.0342153,45.4554888],[28.034316,45.4554893],[28.0343693,45.4554727],[28.0344275,45.4554705],[28.034483,45.4554828],[28.0345007,45.4554149],[28.0345163,45.4552983],[28.0345802,45.4548423],[28.0346219,45.4543531],[28.0346451,45.4541061],[28.0346599,45.4539481],[28.0346858,45.453483],[28.0346958,45.4533023],[28.0346998,45.4532309],[28.0347044,45.4531107],[28.0346792,45.4530277],[28.0346515,45.4529609],[28.0346228,45.4529129],[28.0345926,45.4528594],[28.0345535,45.4528413],[28.0345279,45.4528201],[28.0345092,45.4527982],[28.0344985,45.4527802],[28.0344933,45.4527549],[28.0344944,45.4527288],[28.0345018,45.452709],[28.0345159,45.4526857],[28.0345345,45.452668],[28.0345654,45.452649],[28.0346042,45.4526348],[28.0347596,45.4523618],[28.0347763,45.4522997],[28.0348026,45.4521862],[28.0348188,45.4520941],[28.0348376,45.4519511],[28.0348586,45.4517421],[28.0349851,45.4504282],[28.0350614,45.4498021],[28.0351304,45.4491889],[28.0351773,45.4487467],[28.0351794,45.4487045],[28.0351851,45.4486461],[28.0352035,45.4484451],[28.035292,45.4477151],[28.0353258,45.4474547],[28.035335,45.447361],[28.035337,45.4473142],[28.0354053,45.4466307],[28.0354245,45.4464392],[28.0354618,45.446066],[28.0355958,45.4445282],[28.0357054,45.4433889],[28.0357494,45.4430253],[28.0357713,45.442826],[28.0357812,45.4427278],[28.0357887,45.4426324],[28.0358035,45.4424922],[28.0358162,45.4423648],[28.0359148,45.4414671],[28.035934,45.4412972],[28.0359424,45.4412231],[28.0359433,45.4412151],[28.0359441,45.4412076],[28.0359566,45.44109],[28.0359719,45.4409469],[28.0360021,45.4406281],[28.0360146,45.4404963],[28.0360313,45.4403196],[28.0361298,45.4394249],[28.0361441,45.4392511],[28.0361877,45.4388737],[28.0362166,45.438496],[28.0362402,45.4381822],[28.0362964,45.4376215],[28.0364019,45.4364642],[28.036491,45.4354871],[28.0365685,45.4345692],[28.0365836,45.4343947],[28.0365872,45.4343506],[28.0366157,45.4339908],[28.0366461,45.4336538],[28.036654,45.4333989],[28.0367976,45.43174],[28.0369523,45.4301287],[28.0369803,45.4297988],[28.0369935,45.4296405],[28.0370131,45.429421],[28.0370236,45.4293363],[28.0371607,45.4289787],[28.0372518,45.4287793],[28.0373007,45.4286808],[28.0373748,45.4285362],[28.0375461,45.4285541],[28.0379401,45.4285847],[28.0387086,45.4286585],[28.0390974,45.4287007],[28.0395987,45.4287704],[28.0403058,45.4288752],[28.0407123,45.4289354],[28.0408781,45.4289649],[28.041473,45.4290717],[28.0419267,45.4291697],[28.0423923,45.4292973],[28.0427346,45.4294003],[28.0430547,45.4295029],[28.0446786,45.4300455],[28.045163,45.4302013],[28.045369,45.4302772],[28.0455034,45.4303254],[28.0456426,45.4303869],[28.045786,45.430453],[28.0461448,45.4306111],[28.0464341,45.4307468],[28.0470013,45.4310488],[28.0471024,45.4311055],[28.0485385,45.4319507],[28.0488505,45.4321384],[28.0491374,45.4322998],[28.0493834,45.4324275],[28.0496332,45.4325422],[28.0496728,45.4325573],[28.050355,45.4328297],[28.0505735,45.4329164],[28.0509539,45.4330895],[28.0510428,45.4331135],[28.0515737,45.4332764],[28.0517046,45.4333186],[28.0519065,45.4333888],[28.0520717,45.4334422],[28.0521405,45.4334666],[28.0522457,45.4335039],[28.0528546,45.4337197],[28.05298,45.4337432],[28.0531315,45.4337629],[28.0532992,45.4337787],[28.0535555,45.4337882],[28.0537122,45.433791],[28.054031,45.4337868],[28.054156,45.4337728],[28.0542928,45.4337528],[28.0547899,45.4336859],[28.0550249,45.4336549],[28.0552469,45.4336346],[28.0553137,45.433504],[28.0553792,45.433221],[28.0553905,45.4331379],[28.0554081,45.4330196],[28.0554157,45.432963],[28.0554345,45.4328428],[28.0554754,45.4325319],[28.0554932,45.432477],[28.0556042,45.432418],[28.0559272,45.4323305],[28.0561407,45.4322775],[28.0561658,45.4322721],[28.0562613,45.4322517],[28.056519,45.4321902],[28.0566585,45.4321571],[28.0570672,45.4320602],[28.05743,45.4319743],[28.0576193,45.4319294],[28.0578149,45.431883],[28.0578906,45.4318581],[28.0579658,45.4318196],[28.0579592,45.4317392],[28.0579426,45.4316129],[28.0579113,45.4314713],[28.0578946,45.4313491],[28.0578977,45.4312432],[28.0579595,45.4311507],[28.0580483,45.4310484],[28.0582529,45.4308373],[28.0585831,45.4304775],[28.0587555,45.4303099],[28.0590353,45.4304304],[28.0593037,45.4305546],[28.0595922,45.4307001],[28.0598556,45.4308306],[28.0602537,45.4310346],[28.0604007,45.4311099],[28.0607186,45.4312689],[28.061239,45.4315107],[28.0614923,45.4316443],[28.0617643,45.4317843],[28.0617752,45.4317907],[28.0618479,45.4318276],[28.062102,45.4319578],[28.0622875,45.4320567],[28.0622967,45.4320617],[28.062457,45.4321566],[28.0630484,45.4325013],[28.063751,45.4329001],[28.0638931,45.4329807],[28.0646036,45.4333826],[28.0654061,45.4338312],[28.0656725,45.4339848],[28.0657741,45.4340392],[28.0660575,45.4342061],[28.066148,45.4342567],[28.0663801,45.4343918],[28.067324,45.4349316],[28.0676828,45.4351368],[28.0680041,45.4353205],[28.0680641,45.435355],[28.06866,45.4356881],[28.0687155,45.4357189],[28.0692082,45.4359994],[28.0693775,45.4360951],[28.0692059,45.436228],[28.0691017,45.4363087],[28.0687032,45.4365614],[28.0679587,45.4370478],[28.067945,45.4370567],[28.0678929,45.4370883],[28.0677418,45.4371806],[28.0675645,45.4372919],[28.0667259,45.4378134],[28.0644376,45.4392702],[28.0640938,45.439496],[28.064107,45.439502],[28.0652434,45.4400171],[28.0659238,45.4403638],[28.0661102,45.4404565],[28.0663843,45.4405947],[28.0666298,45.4407338],[28.0666824,45.4407578],[28.0666977,45.4407658],[28.0667471,45.440791],[28.0668197,45.4408282],[28.0669005,45.4408632],[28.0669983,45.4409044],[28.0671406,45.4409561],[28.0687454,45.4415219],[28.069557,45.4418391],[28.0706371,45.4406857],[28.0709697,45.4403254],[28.071046,45.4402505],[28.0711063,45.4401893],[28.071899,45.439303],[28.0721754,45.4389886],[28.0723308,45.4388119],[28.0724145,45.4386893],[28.0724681,45.4385745],[28.072495,45.438503],[28.0725164,45.4384051],[28.0725325,45.4382847],[28.0725459,45.4381153],[28.0725593,45.4379723],[28.0725721,45.4378623],[28.072251,45.4376891],[28.0717453,45.437407],[28.0712607,45.4371454],[28.0711828,45.4371028]]}},{"type":"Feature","properties":{"variantId":"tb:34:v1:retur","lineId":"bus-34","mode":"bus","colour":null,"direction":"retur"},"geometry":{"type":"LineString","coordinates":[[28.0717453,45.437407],[28.0712607,45.4371454],[28.0711828,45.4371028],[28.0696875,45.4362651],[28.0693775,45.4360951],[28.0692082,45.4359994],[28.0687155,45.4357189],[28.06866,45.4356881],[28.0680641,45.435355],[28.0680041,45.4353205],[28.0676828,45.4351368],[28.067324,45.4349316],[28.0663801,45.4343918],[28.066148,45.4342567],[28.0660575,45.4342061],[28.0657741,45.4340392],[28.0656725,45.4339848],[28.0654061,45.4338312],[28.0646036,45.4333826],[28.0638931,45.4329807],[28.063751,45.4329001],[28.0630484,45.4325013],[28.062457,45.4321566],[28.0622967,45.4320617],[28.0622875,45.4320567],[28.062102,45.4319578],[28.0618479,45.4318276],[28.0617752,45.4317907],[28.0617643,45.4317843],[28.0614923,45.4316443],[28.061239,45.4315107],[28.0607186,45.4312689],[28.0604007,45.4311099],[28.0602537,45.4310346],[28.0598556,45.4308306],[28.0595922,45.4307001],[28.0593037,45.4305546],[28.0590353,45.4304304],[28.0587555,45.4303099],[28.0585831,45.4304775],[28.0582529,45.4308373],[28.0580483,45.4310484],[28.0579595,45.4311507],[28.0578977,45.4312432],[28.0578946,45.4313491],[28.0579113,45.4314713],[28.0579426,45.4316129],[28.0579592,45.4317392],[28.0579658,45.4318196],[28.0578906,45.4318581],[28.0578149,45.431883],[28.0576193,45.4319294],[28.05743,45.4319743],[28.0570672,45.4320602],[28.0566585,45.4321571],[28.056519,45.4321902],[28.0562613,45.4322517],[28.0561658,45.4322721],[28.0561407,45.4322775],[28.0559272,45.4323305],[28.0556042,45.432418],[28.0554932,45.432477],[28.0554754,45.4325319],[28.0554345,45.4328428],[28.0554157,45.432963],[28.0554081,45.4330196],[28.0553905,45.4331379],[28.0553792,45.433221],[28.0553137,45.433504],[28.0552469,45.4336346],[28.0552935,45.4339162],[28.0554862,45.4348177],[28.0555068,45.4349136],[28.0553474,45.434933],[28.0550842,45.4349641],[28.0548837,45.4349786],[28.0546193,45.4349395],[28.0544335,45.4348828],[28.0543104,45.434825],[28.0542156,45.4347623],[28.0541025,45.434698],[28.0540168,45.4346277],[28.0540719,45.4345188],[28.0540931,45.4344258],[28.0540735,45.434208],[28.0540469,45.433939],[28.054031,45.4337868],[28.0537122,45.433791],[28.0535555,45.4337882],[28.0532992,45.4337787],[28.0531315,45.4337629],[28.05298,45.4337432],[28.0528546,45.4337197],[28.0522457,45.4335039],[28.0521405,45.4334666],[28.0520717,45.4334422],[28.0519065,45.4333888],[28.0517046,45.4333186],[28.0515737,45.4332764],[28.0510428,45.4331135],[28.0509539,45.4330895],[28.0504333,45.4329623],[28.0499882,45.4328328],[28.0497071,45.4327461],[28.0495043,45.4326778],[28.0492296,45.4325516],[28.0489297,45.4323911],[28.0487028,45.4322634],[28.046959,45.431241],[28.0468549,45.431181],[28.0466191,45.4310552],[28.0460566,45.4307701],[28.0457344,45.4306242],[28.0455296,45.4305258],[28.0453867,45.4304682],[28.0452642,45.4304206],[28.0450672,45.4303537],[28.042542,45.4295292],[28.0418858,45.4293443],[28.0414337,45.4292359],[28.0408585,45.4291201],[28.040666,45.4290824],[28.040194,45.4290024],[28.0395616,45.4289108],[28.0390819,45.4288478],[28.0378907,45.4287231],[28.0377565,45.4287329],[28.0376504,45.4287595],[28.037526,45.42879],[28.0374435,45.4288233],[28.0372837,45.4288987],[28.0371607,45.4289787],[28.0370236,45.4293363],[28.0370131,45.429421],[28.0369935,45.4296405],[28.0369803,45.4297988],[28.0369523,45.4301287],[28.0367976,45.43174],[28.036654,45.4333989],[28.0366461,45.4336538],[28.0366157,45.4339908],[28.0365872,45.4343506],[28.0365836,45.4343947],[28.0365685,45.4345692],[28.036491,45.4354871],[28.0364019,45.4364642],[28.0362964,45.4376215],[28.0362402,45.4381822],[28.0362166,45.438496],[28.0361877,45.4388737],[28.0361441,45.4392511],[28.0361298,45.4394249],[28.0360313,45.4403196],[28.0360146,45.4404963],[28.0360021,45.4406281],[28.0359719,45.4409469],[28.0359566,45.44109],[28.0359441,45.4412076],[28.0359433,45.4412151],[28.0359424,45.4412231],[28.035934,45.4412972],[28.0359148,45.4414671],[28.0358162,45.4423648],[28.0358035,45.4424922],[28.0357887,45.4426324],[28.0357812,45.4427278],[28.0357713,45.442826],[28.0357494,45.4430253],[28.0357054,45.4433889],[28.0355958,45.4445282],[28.0354618,45.446066],[28.0354245,45.4464392],[28.0354053,45.4466307],[28.035337,45.4473142],[28.035335,45.447361],[28.0353258,45.4474547],[28.035292,45.4477151],[28.0352035,45.4484451],[28.0351851,45.4486461],[28.0351794,45.4487045],[28.0351773,45.4487467],[28.0351304,45.4491889],[28.0350614,45.4498021],[28.0349851,45.4504282],[28.0348586,45.4517421],[28.0348376,45.4519511],[28.0348188,45.4520941],[28.0348026,45.4521862],[28.0347763,45.4522997],[28.0347596,45.4523618],[28.0347662,45.4525017],[28.0347786,45.4525807],[28.0347963,45.4526635],[28.0348188,45.452688],[28.0348315,45.4527093],[28.0348389,45.4527309],[28.0348398,45.4527573],[28.0348335,45.4527784],[28.0348233,45.452801],[28.0347739,45.4529039],[28.0347562,45.4529529],[28.0347333,45.4530223],[28.0347044,45.4531107],[28.0346998,45.4532309],[28.0346958,45.4533023],[28.0346858,45.453483],[28.0346599,45.4539481],[28.0346451,45.4541061],[28.0346219,45.4543531],[28.0345802,45.4548423],[28.0345163,45.4552983],[28.0345007,45.4554149],[28.034483,45.4554828],[28.0345287,45.4555082],[28.0345586,45.4555431],[28.034569,45.4555833],[28.0345585,45.4556234],[28.0345284,45.4556583],[28.0345023,45.4556769],[28.0344808,45.4556863],[28.0344547,45.4556916],[28.0344144,45.4556965],[28.0343663,45.4556929],[28.0343218,45.4556795],[28.034285,45.4556575],[28.0342738,45.4556448],[28.0341482,45.4556181],[28.0340002,45.4556022],[28.0336852,45.4555891],[28.0333584,45.45557],[28.0326827,45.4555311],[28.0321747,45.4555032],[28.0314689,45.4554622],[28.0298877,45.4553544],[28.0297178,45.4553432],[28.0295142,45.4553282],[28.0293108,45.4553196],[28.0292024,45.4553139],[28.0289649,45.4552993],[28.0287107,45.4552802],[28.0281455,45.4552377],[28.0279509,45.4552251],[28.0277988,45.4552151],[28.0275987,45.4551998],[28.0271179,45.4551662],[28.0269344,45.4551554],[28.0267629,45.4551465],[28.0262646,45.4551185],[28.0259265,45.4550975],[28.0254686,45.4550745],[28.0251963,45.4550596],[28.0249193,45.4550455],[28.0245738,45.4550311],[28.024447,45.4550159],[28.0243754,45.4550019],[28.0243299,45.4550176],[28.0242803,45.4550251],[28.0242164,45.4550221],[28.0241568,45.4550056],[28.0241073,45.4549771],[28.0240726,45.4549393],[28.0240557,45.4548942],[28.0240601,45.4548477],[28.0240852,45.4548045],[28.0240688,45.4547115],[28.0240608,45.4546176],[28.0240142,45.4543413],[28.0239611,45.4540363],[28.0239025,45.4536363],[28.0238384,45.4531508],[28.0237589,45.4526122],[28.0236137,45.4516327],[28.0235623,45.4512538],[28.0235066,45.4509314],[28.0234874,45.4507983],[28.0234511,45.4505314],[28.0234043,45.4503507],[28.023357,45.4503255],[28.0232958,45.4502697],[28.0231082,45.4502002],[28.0229655,45.4501686],[28.0228695,45.4501578],[28.0227622,45.450155],[28.022628,45.4501658],[28.0220199,45.4502313],[28.0215842,45.450285],[28.0210344,45.4503595],[28.0209661,45.4503695],[28.020815,45.4503905],[28.0204569,45.4504433],[28.0196891,45.4505301],[28.0195903,45.4505391]]}},{"type":"Feature","properties":{"variantId":"tb:35:v1:tur","lineId":"bus-35","mode":"bus","colour":null,"direction":"tur"},"geometry":{"type":"LineString","coordinates":[[28.0491695,45.4379352],[28.0492121,45.4378942],[28.0494009,45.4378641],[28.0495468,45.4378702],[28.0496239,45.4378901],[28.0496546,45.437898],[28.0497742,45.4379286],[28.0497094,45.4380587],[28.0496207,45.4382369],[28.0495895,45.4382887],[28.0492247,45.4390123],[28.0491795,45.4390984],[28.0490471,45.4393493],[28.0490158,45.4394085],[28.0489749,45.4394847],[28.0489374,45.4395524],[28.0489129,45.4395976],[28.0487627,45.4398741],[28.0485474,45.4403066],[28.0484891,45.4404236],[28.0482822,45.4408285],[28.0482181,45.4409538],[28.04795,45.4414785],[28.0478969,45.4415824],[28.0478371,45.4416993],[28.0475461,45.4422665],[28.0473907,45.4425963],[28.0472904,45.4427979],[28.0472186,45.4429423],[28.0471623,45.4430485],[28.0470569,45.4432513],[28.0470048,45.4433561],[28.046908,45.4435375],[28.046878,45.4435898],[28.0468488,45.443645],[28.0468398,45.4436613],[28.0466932,45.4439264],[28.0466885,45.4439352],[28.0466838,45.4439444],[28.046626,45.4440529],[28.0465877,45.4441267],[28.0463238,45.4446587],[28.0462379,45.4448256],[28.0461843,45.4449298],[28.0460581,45.4451749],[28.0455929,45.44608],[28.0455849,45.4461005],[28.0455369,45.4461977],[28.0454231,45.4464315],[28.0453816,45.446517],[28.045176,45.4469394],[28.0444841,45.4481868],[28.0444297,45.4482942],[28.0441255,45.4488836],[28.0437991,45.4495188],[28.0435231,45.4500757],[28.0430039,45.4510896],[28.0422923,45.4525185],[28.0422297,45.4526326],[28.0421456,45.4527991],[28.0420356,45.4530014],[28.0420035,45.4530614],[28.0416726,45.4537111],[28.0415969,45.4538578],[28.0410169,45.4549866],[28.0406527,45.4557122],[28.0402798,45.4564295],[28.0401343,45.4567112],[28.0401001,45.4567704],[28.0400368,45.4568923],[28.0394854,45.4579759],[28.0392231,45.4584484],[28.0388564,45.4591881],[28.0388107,45.4592771],[28.0387789,45.4593392],[28.0387163,45.4594604],[28.038648,45.4595922],[28.038095,45.4607091],[28.0372617,45.4623606],[28.0372227,45.4624379],[28.0371824,45.4625118],[28.0370854,45.4626883],[28.0369,45.4630198],[28.0368919,45.4630359],[28.036105,45.4645387],[28.0360392,45.4646654],[28.0360194,45.4647012],[28.0360001,45.4647362],[28.0359399,45.4648968],[28.0358642,45.4650812],[28.0358202,45.4651964],[28.0358485,45.4652266],[28.0358647,45.4652608],[28.0358657,45.4652924],[28.0358609,45.465324],[28.035843,45.4653505],[28.0358251,45.465373],[28.035794,45.465394],[28.0357649,45.4654083],[28.0357299,45.4654186],[28.0356786,45.4655361],[28.0355889,45.4656676],[28.0354898,45.4657624],[28.0354254,45.4659227],[28.0353027,45.4661393],[28.0351984,45.4663326],[28.0347419,45.4672205],[28.0346726,45.4673585],[28.0344277,45.4678553],[28.0343754,45.4679614],[28.0343227,45.4680864],[28.0342641,45.4682687],[28.0341986,45.4685153],[28.0341563,45.4688134],[28.0341311,45.4690278],[28.0341214,45.4692956],[28.0341181,45.4693459],[28.0341086,45.4695267],[28.0341054,45.469583],[28.0341015,45.469656],[28.0340857,45.4699525],[28.0340707,45.4702325],[28.0340483,45.470651],[28.0340161,45.4710873],[28.033989,45.4714557],[28.0339854,45.4716453],[28.0339766,45.4718407],[28.0339584,45.4722431],[28.0339511,45.4723744],[28.033934,45.4726982],[28.0339321,45.4727562],[28.0339186,45.4729724],[28.0338999,45.47331],[28.0338975,45.4733537],[28.0338865,45.4736463],[28.0338726,45.4741124],[28.0338605,45.4743589],[28.0338584,45.4744046],[28.033856,45.4744559],[28.0338522,45.4745367],[28.0338374,45.4748057],[28.0338303,45.4749313],[28.0338112,45.4752712],[28.0338028,45.4754209],[28.0337876,45.4756878],[28.0337429,45.4764842],[28.0337215,45.4768646],[28.03369,45.4774229],[28.0336753,45.4776843],[28.0336583,45.4781767],[28.033656,45.4782254],[28.0336113,45.4791759],[28.0336023,45.4793892],[28.0335744,45.479964],[28.0335706,45.4800425],[28.0335649,45.480165],[28.0335553,45.4803378],[28.0335468,45.4805016],[28.0335047,45.4812928],[28.0334897,45.481538],[28.0334905,45.4815854],[28.0334697,45.4819165],[28.0334068,45.4827452],[28.0333721,45.4832071],[28.033361,45.4833749],[28.0333385,45.4837133],[28.0333325,45.483792],[28.0333205,45.4841045],[28.0331437,45.4841549],[28.0328625,45.4841625],[28.0327559,45.484159],[28.0327087,45.4842027],[28.0326432,45.4842326],[28.0325671,45.4842453]]}},{"type":"Feature","properties":{"variantId":"tb:35:v1:retur","lineId":"bus-35","mode":"bus","colour":null,"direction":"retur"},"geometry":{"type":"LineString","coordinates":[[28.0325671,45.4842453],[28.0324894,45.4842392],[28.0324162,45.4842135],[28.0323606,45.4841713],[28.0323299,45.484118],[28.032328,45.4840606],[28.0323552,45.4840065],[28.0324079,45.4839625],[28.0324793,45.4839345],[28.0325702,45.4839262],[28.0326584,45.4839438],[28.0327296,45.4839843],[28.0327702,45.4840378],[28.0328632,45.4840392],[28.0331019,45.483958],[28.0333325,45.483792],[28.0333385,45.4837133],[28.033361,45.4833749],[28.0333721,45.4832071],[28.0334068,45.4827452],[28.0334697,45.4819165],[28.0334905,45.4815854],[28.0334897,45.481538],[28.0335047,45.4812928],[28.0335468,45.4805016],[28.0335553,45.4803378],[28.0335649,45.480165],[28.0335706,45.4800425],[28.0335744,45.479964],[28.0336023,45.4793892],[28.0336113,45.4791759],[28.033656,45.4782254],[28.0336583,45.4781767],[28.0336753,45.4776843],[28.03369,45.4774229],[28.0337215,45.4768646],[28.0337429,45.4764842],[28.0337876,45.4756878],[28.0338028,45.4754209],[28.0338112,45.4752712],[28.0338303,45.4749313],[28.0338374,45.4748057],[28.0338522,45.4745367],[28.033856,45.4744559],[28.0338584,45.4744046],[28.0338605,45.4743589],[28.0338726,45.4741124],[28.0338865,45.4736463],[28.0338975,45.4733537],[28.0338999,45.47331],[28.0339186,45.4729724],[28.0339321,45.4727562],[28.033934,45.4726982],[28.0339511,45.4723744],[28.0339584,45.4722431],[28.0339766,45.4718407],[28.0339854,45.4716453],[28.033989,45.4714557],[28.0340161,45.4710873],[28.0340483,45.470651],[28.0340707,45.4702325],[28.0340857,45.4699525],[28.0341015,45.469656],[28.0341054,45.469583],[28.0341086,45.4695267],[28.0341181,45.4693459],[28.0341214,45.4692956],[28.0341311,45.4690278],[28.0341563,45.4688134],[28.0341986,45.4685153],[28.0342641,45.4682687],[28.0343227,45.4680864],[28.0343754,45.4679614],[28.0344277,45.4678553],[28.0346726,45.4673585],[28.0347419,45.4672205],[28.0351984,45.4663326],[28.0353027,45.4661393],[28.0354254,45.4659227],[28.0354898,45.4657624],[28.0355067,45.4656456],[28.035549,45.465491],[28.0355406,45.4653899],[28.0355073,45.465363],[28.0354849,45.465331],[28.035475,45.465296],[28.0354782,45.4652604],[28.0354947,45.4652259],[28.0355235,45.4651957],[28.0355626,45.4651717],[28.0356199,45.4651536],[28.0356823,45.465149],[28.0357613,45.4650588],[28.0358892,45.4648824],[28.0360001,45.4647362],[28.0360194,45.4647012],[28.0360392,45.4646654],[28.036105,45.4645387],[28.0368919,45.4630359],[28.0369,45.4630198],[28.0370854,45.4626883],[28.0371824,45.4625118],[28.0372227,45.4624379],[28.0372617,45.4623606],[28.038095,45.4607091],[28.038648,45.4595922],[28.0387163,45.4594604],[28.0387789,45.4593392],[28.0388107,45.4592771],[28.0388564,45.4591881],[28.0392231,45.4584484],[28.0394854,45.4579759],[28.0400368,45.4568923],[28.0401001,45.4567704],[28.0401343,45.4567112],[28.0402798,45.4564295],[28.0406527,45.4557122],[28.0410169,45.4549866],[28.0415969,45.4538578],[28.0416726,45.4537111],[28.0420035,45.4530614],[28.0420356,45.4530014],[28.0421456,45.4527991],[28.0422297,45.4526326],[28.0422923,45.4525185],[28.0430039,45.4510896],[28.0435231,45.4500757],[28.0437991,45.4495188],[28.0441255,45.4488836],[28.0444297,45.4482942],[28.0444841,45.4481868],[28.045176,45.4469394],[28.0453816,45.446517],[28.0454231,45.4464315],[28.0455369,45.4461977],[28.0455849,45.4461005],[28.0455929,45.44608],[28.0460581,45.4451749],[28.0461843,45.4449298],[28.0462379,45.4448256],[28.0463238,45.4446587],[28.0465877,45.4441267],[28.046626,45.4440529],[28.0466838,45.4439444],[28.0466885,45.4439352],[28.0466932,45.4439264],[28.0468398,45.4436613],[28.0468488,45.443645],[28.046878,45.4435898],[28.046908,45.4435375],[28.0470048,45.4433561],[28.0470569,45.4432513],[28.0471623,45.4430485],[28.0472186,45.4429423],[28.0472904,45.4427979],[28.0473907,45.4425963],[28.0475461,45.4422665],[28.0478371,45.4416993],[28.0478969,45.4415824],[28.04795,45.4414785],[28.0482181,45.4409538],[28.0482822,45.4408285],[28.0484891,45.4404236],[28.0485474,45.4403066],[28.0487627,45.4398741],[28.0489129,45.4395976],[28.0489374,45.4395524],[28.0489749,45.4394847],[28.0490158,45.4394085],[28.0490471,45.4393493],[28.0491795,45.4390984],[28.0492247,45.4390123],[28.0495895,45.4382887],[28.0495414,45.4382599],[28.0495039,45.4382307],[28.0494635,45.4382089],[28.0494022,45.4381908],[28.0492853,45.4381761],[28.0491951,45.4381626],[28.0491263,45.4380689],[28.049119,45.4379992],[28.0491695,45.4379352]]}},{"type":"Feature","properties":{"variantId":"tb:37:v1:tur","lineId":"bus-37","mode":"bus","colour":null,"direction":"tur"},"geometry":{"type":"LineString","coordinates":[[28.0147487,45.4349202],[28.0146879,45.4349153],[28.014631,45.4349104],[28.0142404,45.4349637],[28.0138954,45.4342693],[28.0136752,45.433826],[28.0135898,45.4336466],[28.013479,45.4333875],[28.0133644,45.4330081],[28.0130924,45.4317928],[28.0130775,45.4317323],[28.0130499,45.4316336],[28.0128628,45.4307983],[28.01269,45.4300789],[28.012331,45.4285013],[28.0122054,45.4279104],[28.0120577,45.4275633],[28.0117856,45.4276138],[28.0117368,45.4274198],[28.011733,45.4274052],[28.0116393,45.4270364],[28.0117962,45.4270045],[28.0115805,45.4265258],[28.0115607,45.4264016],[28.0117573,45.4264176],[28.0118787,45.4264275],[28.0122254,45.4264585],[28.0124203,45.4264759],[28.0133631,45.4265601],[28.0137277,45.4265927],[28.0138137,45.4266003],[28.0143447,45.4266478],[28.0164505,45.4268359],[28.0164963,45.4268399],[28.0169993,45.4268849],[28.0171988,45.4269027],[28.0172907,45.4269109],[28.0183196,45.4270041],[28.0185306,45.4270232],[28.0188755,45.4270544],[28.0189282,45.4270589],[28.0189738,45.4270633],[28.0192016,45.4270834],[28.0201134,45.4271638],[28.0208733,45.4272308],[28.0213563,45.4272733],[28.0214022,45.4272774],[28.0219961,45.4273298],[28.0220242,45.4273322],[28.0221976,45.4273191],[28.022266,45.4273139],[28.0222955,45.4272976],[28.0223296,45.4272867],[28.0223664,45.4272818],[28.022407,45.427283],[28.0224586,45.4272975],[28.0224901,45.4273151],[28.0225141,45.4273377],[28.0227438,45.4273876],[28.0227686,45.4273892],[28.0232773,45.4274228],[28.0235084,45.4274105],[28.0236139,45.4273873],[28.0237176,45.4273497],[28.0237763,45.4273221],[28.0238719,45.427277],[28.0238972,45.4272339],[28.0239835,45.42714],[28.0240601,45.4270901],[28.0241633,45.4270413],[28.0242475,45.4270193],[28.0242786,45.4270115],[28.0244688,45.4270036],[28.0246429,45.4270354],[28.0247979,45.4271143],[28.0249128,45.4272083],[28.0251697,45.4273556],[28.0252666,45.4273963],[28.0253815,45.4274399],[28.0255359,45.4274789],[28.0265762,45.427571],[28.0270357,45.4276129],[28.0281,45.4277056],[28.0284674,45.4277393],[28.0289472,45.4277833],[28.0290263,45.4277903],[28.0292984,45.4278151],[28.0293135,45.4277327],[28.029375,45.427426],[28.029384,45.4273815],[28.0294003,45.427292],[28.0294651,45.4268441],[28.0294797,45.4266064],[28.0294143,45.4259794],[28.0294038,45.4258786],[28.0293535,45.4255471],[28.0293425,45.4254745],[28.0293212,45.4253371],[28.0293167,45.4253064],[28.0292682,45.4249873],[28.0292661,45.4249538],[28.0292056,45.4245208],[28.0291683,45.4243115],[28.0290754,45.4238031],[28.0289309,45.4230348],[28.0288904,45.4227493],[28.0288185,45.4223241],[28.0288172,45.4222853],[28.0288151,45.4222589],[28.0288083,45.4220659],[28.0287912,45.42158],[28.0287767,45.4211973],[28.0287751,45.4210834],[28.0287842,45.4207999],[28.0287167,45.4207033],[28.0286472,45.4206398],[28.0284898,45.4206116],[28.0283449,45.4205948],[28.0281933,45.4205872],[28.0283634,45.4203558],[28.0288041,45.4195161],[28.0289244,45.4192968],[28.0289638,45.4190647],[28.0289809,45.4189638],[28.0289899,45.4189106],[28.0289869,45.4188724],[28.0290006,45.4188355],[28.0290285,45.4188043],[28.0290683,45.4187804],[28.0291164,45.4187658],[28.0291684,45.4187618],[28.0292162,45.4187679],[28.0292597,45.4187829],[28.0295818,45.418751],[28.0298975,45.4186008],[28.030082,45.418429],[28.0301631,45.4183381],[28.030244,45.4182649],[28.0302691,45.4182395],[28.0306,45.4179519],[28.0315479,45.4171912],[28.0316556,45.4171115],[28.0317771,45.4170453],[28.0318831,45.4170029],[28.0319327,45.4169831],[28.0321043,45.4169436],[28.0324449,45.4168796],[28.0326707,45.4168338],[28.0326963,45.4168286],[28.0328009,45.4168102]]}},{"type":"Feature","properties":{"variantId":"tb:37:v1:retur","lineId":"bus-37","mode":"bus","colour":null,"direction":"retur"},"geometry":{"type":"LineString","coordinates":[[28.0328009,45.4168102],[28.0326963,45.4168286],[28.0326707,45.4168338],[28.0324449,45.4168796],[28.0321043,45.4169436],[28.0319327,45.4169831],[28.0318831,45.4170029],[28.0317771,45.4170453],[28.0316556,45.4171115],[28.0315479,45.4171912],[28.0306,45.4179519],[28.0302691,45.4182395],[28.030244,45.4182649],[28.0301631,45.4183381],[28.030082,45.418429],[28.0298975,45.4186008],[28.0295818,45.418751],[28.0294454,45.4188357],[28.0293341,45.4189049],[28.029316,45.4189425],[28.0292817,45.418974],[28.0292349,45.4189963],[28.0291804,45.419007],[28.0290334,45.4191734],[28.0289244,45.4192968],[28.0289429,45.4193823],[28.0289372,45.4194569],[28.0289208,45.4195371],[28.0287842,45.4207999],[28.0287751,45.4210834],[28.0287767,45.4211973],[28.0287912,45.42158],[28.0288083,45.4220659],[28.0288151,45.4222589],[28.0288172,45.4222853],[28.0288185,45.4223241],[28.0288904,45.4227493],[28.0289309,45.4230348],[28.0290754,45.4238031],[28.0291683,45.4243115],[28.0292056,45.4245208],[28.0292661,45.4249538],[28.0292682,45.4249873],[28.0293167,45.4253064],[28.0293212,45.4253371],[28.0293425,45.4254745],[28.0293535,45.4255471],[28.0294038,45.4258786],[28.0294143,45.4259794],[28.0294797,45.4266064],[28.0294651,45.4268441],[28.0294003,45.427292],[28.029384,45.4273815],[28.029375,45.427426],[28.0293135,45.4277327],[28.0292984,45.4278151],[28.0292653,45.4279835],[28.029107,45.4279659],[28.0289961,45.4279556],[28.0280326,45.4278711],[28.0277376,45.4278477],[28.0262545,45.4277265],[28.0255128,45.4276595],[28.02534,45.4276489],[28.0252295,45.4276536],[28.025107,45.427661],[28.025009,45.4276703],[28.0248155,45.427685],[28.0247507,45.4277245],[28.0246269,45.4277721],[28.0244687,45.4277992],[28.0243061,45.4277938],[28.0241522,45.4277563],[28.0240746,45.4277222],[28.0237331,45.4275784],[28.0236229,45.4275364],[28.0234649,45.4274752],[28.0232773,45.4274228],[28.0227686,45.4273892],[28.0227438,45.4273876],[28.022571,45.427437],[28.0225055,45.4274558],[28.0224613,45.4274852],[28.0224238,45.4274974],[28.0223831,45.4275022],[28.022342,45.4274995],[28.0223033,45.4274894],[28.0222697,45.4274726],[28.0222293,45.4274294],[28.0220242,45.4273322],[28.0219961,45.4273298],[28.0214022,45.4272774],[28.0213563,45.4272733],[28.0208733,45.4272308],[28.0201134,45.4271638],[28.0192016,45.4270834],[28.0189738,45.4270633],[28.0189282,45.4270589],[28.0188755,45.4270544],[28.0185306,45.4270232],[28.0183196,45.4270041],[28.0172907,45.4269109],[28.0171988,45.4269027],[28.0169993,45.4268849],[28.0164963,45.4268399],[28.0164505,45.4268359],[28.0143447,45.4266478],[28.0138137,45.4266003],[28.0137277,45.4265927],[28.0133631,45.4265601],[28.0124203,45.4264759],[28.0122254,45.4264585],[28.0118787,45.4264275],[28.0117573,45.4264176],[28.0115607,45.4264016],[28.0115805,45.4265258],[28.0117962,45.4270045],[28.0116393,45.4270364],[28.011733,45.4274052],[28.0117368,45.4274198],[28.0117856,45.4276138],[28.0120577,45.4275633],[28.0122054,45.4279104],[28.012331,45.4285013],[28.01269,45.4300789],[28.0128628,45.4307983],[28.0130499,45.4316336],[28.0130775,45.4317323],[28.0130924,45.4317928],[28.0133644,45.4330081],[28.013479,45.4333875],[28.0135898,45.4336466],[28.0136752,45.433826],[28.0138954,45.4342693],[28.0142404,45.4349637],[28.014631,45.4349104],[28.0146879,45.4349153],[28.0147487,45.4349202]]}},{"type":"Feature","properties":{"variantId":"tb:38:v1:tur","lineId":"bus-38","mode":"bus","colour":null,"direction":"tur"},"geometry":{"type":"LineString","coordinates":[[28.0124538,45.4132838],[28.0122066,45.4133563],[28.0121777,45.41334],[28.0118517,45.4131644],[28.0117213,45.4132872],[28.0112873,45.4136957],[28.0109104,45.4140778],[28.0103277,45.4146566],[28.0097581,45.4152224],[28.0096507,45.4153291],[28.0095165,45.415261],[28.0089787,45.4149984],[28.0087566,45.4152046],[28.0086297,45.4153225],[28.0085845,45.4153804],[28.0085654,45.4154403],[28.0085453,45.4154952],[28.008509,45.4155559],[28.0082764,45.4158089],[28.0082563,45.4158308],[28.0080915,45.41601],[28.008059,45.4160454],[28.0079763,45.4161354],[28.0078516,45.4162711],[28.0079323,45.4163053],[28.008045,45.4163618],[28.0089443,45.4168119],[28.0093017,45.4169931],[28.0093628,45.4170241],[28.0100764,45.4173782],[28.0105226,45.4175983],[28.0107527,45.4177122],[28.0107453,45.4179802],[28.0107406,45.4181495],[28.0107327,45.4184365],[28.0107319,45.4185497],[28.0107325,45.4186284],[28.0107363,45.4193782],[28.0107499,45.4203911],[28.010742,45.4207326],[28.0107232,45.4217285],[28.0107243,45.4217723],[28.0107297,45.4218215],[28.0106217,45.4218276],[28.0104751,45.4218237],[28.009694,45.4217984],[28.0091903,45.4217821],[28.0086932,45.4217763],[28.008233,45.421771],[28.0078207,45.4217663],[28.0074564,45.4217637],[28.0074736,45.4219615],[28.0075658,45.4223645],[28.0075833,45.4225383],[28.0076187,45.4230127],[28.0072131,45.4230055],[28.0048714,45.4229697],[28.0049675,45.4238219],[28.0049994,45.4240573],[28.0050357,45.4243248],[28.0050557,45.4244737],[28.0051735,45.4253399],[28.0052522,45.4257568],[28.0053825,45.4259449],[28.0054211,45.4260005],[28.005458,45.4260201],[28.0056287,45.4260201],[28.0057708,45.4260243],[28.0064285,45.4260559],[28.0066101,45.4260629],[28.00683,45.4260667],[28.0076091,45.4260923],[28.0080108,45.4261128],[28.0084177,45.4261457],[28.0088568,45.4261792],[28.0091392,45.4261909],[28.0092335,45.4261847],[28.0092914,45.426172],[28.0093515,45.4261529],[28.0093998,45.42613],[28.0094655,45.4260933],[28.009504,45.4260464],[28.0095657,45.4260111],[28.0096416,45.4259945],[28.0097209,45.4259989],[28.0097866,45.4260209],[28.0098287,45.4260489],[28.0098582,45.4260839],[28.009873,45.4261232],[28.0099649,45.4261921],[28.0100408,45.4262315],[28.0100967,45.4262516],[28.010139,45.4262645],[28.0103476,45.4263107],[28.0109656,45.4263565],[28.0115607,45.4264016],[28.0117573,45.4264176],[28.0118787,45.4264275],[28.0122254,45.4264585],[28.0124203,45.4264759],[28.0133631,45.4265601],[28.0134795,45.4259272],[28.0135753,45.4253952],[28.0137128,45.4247373],[28.0135462,45.4246924],[28.0134348,45.4246372],[28.0133906,45.4246002],[28.0133574,45.424509],[28.0133423,45.4243966],[28.0132763,45.4240002],[28.0132589,45.4238644],[28.0132538,45.4237445],[28.0132579,45.4235919],[28.0132672,45.4233528],[28.0133172,45.4226194],[28.0133455,45.422214],[28.0133523,45.4220805],[28.0133729,45.4216702],[28.0133891,45.4213992],[28.0133947,45.4213117],[28.0134181,45.4207557],[28.0134245,45.4206842],[28.0134425,45.4206159],[28.0134796,45.4205507],[28.0135364,45.4204719],[28.0136398,45.420362],[28.0137764,45.4202425],[28.0141767,45.4198923],[28.0143548,45.4197341],[28.0144718,45.4196254],[28.014079,45.4194237],[28.0139989,45.4193804],[28.0138948,45.4193293],[28.0135261,45.4191444],[28.0131686,45.4189585],[28.0125274,45.4186318],[28.0117811,45.4182276],[28.0107527,45.4177122],[28.0105226,45.4175983],[28.0100764,45.4173782],[28.0093628,45.4170241],[28.0093017,45.4169931],[28.0089443,45.4168119],[28.008045,45.4163618],[28.0079323,45.4163053],[28.0078516,45.4162711],[28.0079763,45.4161354],[28.008059,45.4160454],[28.0080915,45.41601],[28.0082563,45.4158308],[28.0082764,45.4158089],[28.008509,45.4155559],[28.0085453,45.4154952],[28.0085654,45.4154403],[28.0085845,45.4153804],[28.0086297,45.4153225],[28.0087566,45.4152046],[28.0089787,45.4149984],[28.0087755,45.4148974],[28.0078278,45.4144262],[28.0076474,45.4143365],[28.0073147,45.414175],[28.007285,45.4141619],[28.0069626,45.4139963],[28.0067629,45.4138974],[28.0063621,45.4136988],[28.0061558,45.4136366],[28.0060823,45.4136144],[28.0060017,45.4136285],[28.0059304,45.4136165],[28.0058736,45.413584],[28.0058425,45.4135375],[28.0058397,45.4135005],[28.0058536,45.4134649],[28.0058828,45.4134341],[28.0059244,45.4134114],[28.0059741,45.4133991],[28.0060162,45.4133976],[28.0060697,45.413407],[28.0061158,45.4134283],[28.0061493,45.4134591],[28.0061664,45.413496],[28.0061681,45.4135166],[28.0063621,45.4136988],[28.0067629,45.4138974],[28.0069626,45.4139963],[28.007285,45.4141619],[28.0073147,45.414175],[28.0076474,45.4143365],[28.0078278,45.4144262],[28.0087755,45.4148974],[28.0089787,45.4149984],[28.0095165,45.415261],[28.009626,45.4151509],[28.0098593,45.4149166],[28.0101604,45.4146141],[28.010788,45.4140151],[28.0113246,45.4135022],[28.0116031,45.4132315],[28.0117496,45.4130977],[28.0119253,45.4129453],[28.0120913,45.4128248],[28.0122112,45.4128941],[28.0125227,45.4130732],[28.012625,45.413132],[28.0127309,45.4131992],[28.0124538,45.4132838]]}},{"type":"Feature","properties":{"variantId":"tb:41:v1:tur","lineId":"bus-41","mode":"bus","colour":null,"direction":"tur"},"geometry":{"type":"LineString","coordinates":[[28.0099562,45.3880187],[28.0099093,45.3880997],[28.0098173,45.3882794],[28.0101654,45.3883848],[28.0103331,45.3884275],[28.0105051,45.3884712],[28.0106348,45.3885026],[28.0107685,45.3885298],[28.0110307,45.3885715],[28.0113063,45.3886124],[28.0115828,45.3886194],[28.011683,45.388622],[28.0119533,45.3886209],[28.0120909,45.3886174],[28.0122438,45.3886086],[28.0124276,45.3885891],[28.0125373,45.3885695],[28.0126796,45.3885444],[28.013333,45.3883837],[28.0136762,45.3882938],[28.0138576,45.388244],[28.0139971,45.3881998],[28.0143155,45.3880979],[28.0144089,45.3880665],[28.0145006,45.3880444],[28.0146002,45.3880393],[28.0146957,45.3880425],[28.0154585,45.3881286],[28.0156483,45.3881852],[28.0156537,45.3883388],[28.015655,45.3883737],[28.0156595,45.3884796],[28.0156967,45.3889672],[28.015765,45.3908732],[28.0157987,45.3919563],[28.015836,45.3926399],[28.0160413,45.3947031],[28.016067,45.3949861],[28.0160542,45.395364],[28.0160044,45.3957346],[28.0159427,45.3961935],[28.0158077,45.3975783],[28.015702,45.3983765],[28.0156588,45.3987339],[28.0156338,45.3988659],[28.0155256,45.3996572],[28.0155556,45.3998573],[28.0155486,45.39993],[28.0151775,45.4029516],[28.0151756,45.4032901],[28.0151664,45.4034721],[28.0151698,45.4036885],[28.0151799,45.4038119],[28.0152027,45.4040186],[28.0152551,45.4041285],[28.0153169,45.4041988],[28.0153829,45.4042466],[28.0154723,45.404275],[28.0155851,45.404284],[28.0157165,45.4042808],[28.0157585,45.4042492],[28.0158143,45.404231],[28.015889,45.4042306],[28.015956,45.4042539],[28.0160008,45.4042959],[28.0160135,45.4043317],[28.0160091,45.4043684],[28.0159881,45.4044023],[28.0161255,45.4044496],[28.0168011,45.4046692],[28.0171059,45.4047666],[28.0176475,45.4049397],[28.017765,45.4050144],[28.017808,45.4050722],[28.0178224,45.4051772],[28.0178482,45.4054148],[28.0179644,45.4054066],[28.0180102,45.4053888],[28.0185231,45.4050339],[28.0185983,45.405027],[28.0187093,45.4050365],[28.0188268,45.4051095],[28.018952,45.4051872],[28.0190818,45.4052678],[28.0185084,45.4056892],[28.0179355,45.4061109],[28.0178617,45.4059888],[28.0178608,45.4058472],[28.0178595,45.405788],[28.0178561,45.4056247],[28.0178553,45.4055888],[28.0178482,45.4054148],[28.0178224,45.4051772],[28.017808,45.4050722],[28.017765,45.4050144],[28.0176475,45.4049397],[28.0180088,45.4049205],[28.0185558,45.4048844],[28.018706,45.4048893],[28.018846,45.4049182],[28.0193629,45.405217],[28.0200783,45.4056235],[28.0212114,45.4063882],[28.0212777,45.4063915],[28.0212875,45.4063876],[28.0213462,45.4063644],[28.0221845,45.4055763],[28.022619,45.4051596],[28.0221997,45.4049292],[28.0211918,45.4043624],[28.0209811,45.4045033],[28.02008,45.4039223],[28.0200663,45.4039153],[28.0200506,45.4039082],[28.019826,45.4038184],[28.0195098,45.4037477],[28.0191786,45.4036736],[28.018904,45.4036288],[28.0185593,45.4035497],[28.018229,45.4034718],[28.0179489,45.4034144],[28.0176348,45.4033602],[28.0174155,45.4033285],[28.0161992,45.4031601],[28.0160403,45.403795],[28.0160288,45.4038432],[28.0160073,45.4039374],[28.0159873,45.4040254],[28.0160008,45.4042959],[28.0160135,45.4043317],[28.0160091,45.4043684],[28.0159881,45.4044023],[28.0159439,45.404434],[28.0158858,45.4044514],[28.0158226,45.4044518],[28.015764,45.404435],[28.0157192,45.4044037],[28.0156146,45.4044038],[28.0154963,45.4044081],[28.0154069,45.4044342],[28.0153238,45.4044858],[28.0152603,45.4045854],[28.0152137,45.4047358],[28.0152162,45.4049144],[28.0152304,45.4059258],[28.0152189,45.4072598],[28.0152168,45.4078547],[28.0152402,45.4085078],[28.0152473,45.4087188],[28.0152366,45.4089795],[28.0152355,45.4090887],[28.0152028,45.409464],[28.0152323,45.4094968],[28.0152499,45.4095415],[28.0152463,45.4095879],[28.015222,45.4096311],[28.0151794,45.4096666],[28.0151482,45.4096821],[28.0150667,45.4099172],[28.0150077,45.4101062],[28.0149645,45.4102448],[28.0149352,45.4103709],[28.0149217,45.4103819],[28.014914,45.4104419],[28.014886,45.4105739],[28.0148645,45.4106736],[28.0148379,45.4108185],[28.0148261,45.4108756],[28.0148246,45.410889],[28.0148069,45.4109834],[28.0148067,45.4110722],[28.0147975,45.4112494],[28.0147883,45.4114932],[28.0148063,45.4116308],[28.0148423,45.4118092],[28.0148687,45.4118634],[28.0148741,45.4119174],[28.0148655,45.4119494],[28.0148516,45.4120006],[28.0147898,45.4120701],[28.0146979,45.4121207],[28.0146424,45.4121335],[28.0145869,45.4121462],[28.0144996,45.4121461],[28.0144523,45.4121461],[28.0143986,45.412127],[28.0143341,45.4120997],[28.014197,45.4121122],[28.0140927,45.4121375],[28.0139941,45.4121668],[28.0137922,45.4122368],[28.0124529,45.4127937],[28.0122112,45.4128941],[28.0125227,45.4130732],[28.012625,45.413132],[28.0127309,45.4131992],[28.0124538,45.4132838]]}},{"type":"Feature","properties":{"variantId":"tb:41:v1:retur","lineId":"bus-41","mode":"bus","colour":null,"direction":"retur"},"geometry":{"type":"LineString","coordinates":[[28.0124538,45.4132838],[28.0122066,45.4133563],[28.0121777,45.41334],[28.0118517,45.4131644],[28.0117496,45.4130977],[28.0119253,45.4129453],[28.0120913,45.4128248],[28.0121461,45.4127948],[28.0123702,45.4127035],[28.0130071,45.412441],[28.0136871,45.4121529],[28.0138996,45.412058],[28.0139358,45.4120389],[28.0139681,45.4120218],[28.0141022,45.4119304],[28.0142559,45.4117844],[28.0143017,45.4117446],[28.0143586,45.4117127],[28.0145411,45.4115091],[28.0146323,45.4113934],[28.0147025,45.4112732],[28.0148069,45.4109834],[28.0148246,45.410889],[28.0148261,45.4108756],[28.0148379,45.4108185],[28.0148645,45.4106736],[28.014886,45.4105739],[28.014914,45.4104419],[28.0149217,45.4103819],[28.0149162,45.4103679],[28.0149163,45.4102471],[28.0149069,45.4100068],[28.0149076,45.4096643],[28.014882,45.4096448],[28.0148529,45.4096079],[28.0148401,45.4095668],[28.0148449,45.4095248],[28.0148667,45.4094855],[28.0149037,45.4094524],[28.0149352,45.4094351],[28.014971,45.4094224],[28.0149956,45.4092768],[28.0150107,45.4091474],[28.0150173,45.4090616],[28.0150465,45.408685],[28.0150494,45.4085623],[28.0150494,45.408179],[28.0150426,45.4078512],[28.0150366,45.407761],[28.0150297,45.405936],[28.0150861,45.4046295],[28.0148807,45.404406],[28.0148673,45.4043457],[28.0145838,45.4037036],[28.014445,45.4033139],[28.014407,45.403186],[28.0143897,45.4030986],[28.0143995,45.4030302],[28.0144288,45.4029635],[28.0144565,45.4029172],[28.0145125,45.4028624],[28.0145807,45.4028163],[28.0146725,45.4027785],[28.0147812,45.4027498],[28.0148973,45.4027314],[28.0150414,45.4027255],[28.0154065,45.4027349],[28.0155699,45.4027438],[28.0156931,45.4027568],[28.015789,45.4027726],[28.0158754,45.4027917],[28.0159418,45.4028113],[28.0160009,45.4028356],[28.0160476,45.4028671],[28.0160874,45.4029046],[28.016124,45.4029482],[28.0161545,45.403001],[28.0161814,45.4030564],[28.0161963,45.403104],[28.0161992,45.4031601],[28.0160403,45.403795],[28.0160288,45.4038432],[28.0160073,45.4039374],[28.0159873,45.4040254],[28.0160008,45.4042959],[28.0160135,45.4043317],[28.0160091,45.4043684],[28.0159881,45.4044023],[28.0161255,45.4044496],[28.0168011,45.4046692],[28.0171059,45.4047666],[28.0176475,45.4049397],[28.017765,45.4050144],[28.017808,45.4050722],[28.0178224,45.4051772],[28.0178482,45.4054148],[28.0179644,45.4054066],[28.0180102,45.4053888],[28.0185231,45.4050339],[28.0185983,45.405027],[28.0187093,45.4050365],[28.0188268,45.4051095],[28.018952,45.4051872],[28.0190818,45.4052678],[28.0185084,45.4056892],[28.0179355,45.4061109],[28.0178617,45.4059888],[28.0178608,45.4058472],[28.0178595,45.405788],[28.0178561,45.4056247],[28.0178553,45.4055888],[28.0178482,45.4054148],[28.0178224,45.4051772],[28.017808,45.4050722],[28.017765,45.4050144],[28.0176475,45.4049397],[28.0180088,45.4049205],[28.0185558,45.4048844],[28.018706,45.4048893],[28.018846,45.4049182],[28.0193629,45.405217],[28.0200783,45.4056235],[28.0212114,45.4063882],[28.0212777,45.4063915],[28.0212875,45.4063876],[28.0213462,45.4063644],[28.0221845,45.4055763],[28.022619,45.4051596],[28.0221997,45.4049292],[28.0211918,45.4043624],[28.0209811,45.4045033],[28.02008,45.4039223],[28.0200663,45.4039153],[28.0200506,45.4039082],[28.019826,45.4038184],[28.0195098,45.4037477],[28.0191786,45.4036736],[28.018904,45.4036288],[28.0185593,45.4035497],[28.018229,45.4034718],[28.0179489,45.4034144],[28.0176348,45.4033602],[28.0174155,45.4033285],[28.0161992,45.4031601],[28.0161963,45.403104],[28.0161814,45.4030564],[28.0161545,45.403001],[28.016124,45.4029482],[28.0160874,45.4029046],[28.0160476,45.4028671],[28.0160009,45.4028356],[28.0159418,45.4028113],[28.0158754,45.4027917],[28.015789,45.4027726],[28.0156931,45.4027568],[28.0155699,45.4027438],[28.0154065,45.4027349],[28.0150414,45.4027255],[28.0148973,45.4027314],[28.0147812,45.4027498],[28.0146725,45.4027785],[28.0145807,45.4028163],[28.0145125,45.4028624],[28.0144565,45.4029172],[28.0144288,45.4029635],[28.0143995,45.4030302],[28.0143897,45.4030986],[28.014407,45.403186],[28.014445,45.4033139],[28.0145838,45.4037036],[28.0148673,45.4043457],[28.0149141,45.4043295],[28.0149891,45.4042619],[28.0150142,45.4042098],[28.0150496,45.4040159],[28.0150553,45.4038435],[28.0150485,45.4036922],[28.0150442,45.4034699],[28.0150449,45.4032915],[28.0150601,45.4029447],[28.0154292,45.399923],[28.0154371,45.3998681],[28.0155256,45.3996572],[28.0156338,45.3988659],[28.0156588,45.3987339],[28.015702,45.3983765],[28.0158077,45.3975783],[28.0159427,45.3961935],[28.0160044,45.3957346],[28.0160542,45.395364],[28.016067,45.3949861],[28.0160413,45.3947031],[28.015836,45.3926399],[28.0157987,45.3919563],[28.015765,45.3908732],[28.0156967,45.3889672],[28.0156595,45.3884796],[28.015655,45.3883737],[28.0156537,45.3883388],[28.0156483,45.3881852],[28.0154585,45.3881286],[28.0146957,45.3880425],[28.0146002,45.3880393],[28.0145006,45.3880444],[28.0144089,45.3880665],[28.0143155,45.3880979],[28.0139971,45.3881998],[28.0138576,45.388244],[28.0136762,45.3882938],[28.013333,45.3883837],[28.0126796,45.3885444],[28.0125373,45.3885695],[28.0124276,45.3885891],[28.0122438,45.3886086],[28.0120909,45.3886174],[28.0119533,45.3886209],[28.011683,45.388622],[28.0115828,45.3886194],[28.0113063,45.3886124],[28.0110307,45.3885715],[28.0107685,45.3885298],[28.0106348,45.3885026],[28.0105051,45.3884712],[28.0103331,45.3884275],[28.0101654,45.3883848],[28.0098173,45.3882794],[28.0099093,45.3880997],[28.0099562,45.3880187]]}},{"type":"Feature","properties":{"variantId":"tb:43:v1:tur","lineId":"bus-43","mode":"bus","colour":null,"direction":"tur"},"geometry":{"type":"LineString","coordinates":[[28.0134496,45.4419693],[28.0133877,45.4419703],[28.013337,45.441973],[28.0132505,45.4419812],[28.0130816,45.4420248],[28.0128119,45.4421284],[28.0126825,45.4421781],[28.0126201,45.4421901],[28.012535,45.4422045],[28.0111492,45.4422738],[28.0110651,45.4422751],[28.0109521,45.4422682],[28.0108731,45.4420631],[28.0108133,45.4418927],[28.0106937,45.4415621],[28.0106163,45.441316],[28.0105951,45.4412169],[28.0105811,45.4410179],[28.0105784,45.440915],[28.0105795,45.4407573],[28.0105754,45.4405076],[28.0105752,45.4404943],[28.0113198,45.440477],[28.0120425,45.440462],[28.0134924,45.4404182],[28.0149618,45.4403937],[28.0157238,45.4403751],[28.0158567,45.4403699],[28.016068,45.4403617],[28.0161816,45.440358],[28.0162808,45.4403549],[28.0163603,45.4403524],[28.0167729,45.4403454],[28.0171374,45.4403396],[28.0175557,45.4403327],[28.0181897,45.4403182],[28.018576,45.4403088],[28.0187777,45.4403026],[28.0188768,45.4402855],[28.0190487,45.4402557],[28.019725,45.4402241],[28.0199218,45.4402071],[28.0199899,45.4402013],[28.0201867,45.4401693],[28.0202719,45.4401488],[28.0203605,45.4401275],[28.020453,45.4400296],[28.0205833,45.4399557]]}},{"type":"Feature","properties":{"variantId":"tb:43:v1:retur","lineId":"bus-43","mode":"bus","colour":null,"direction":"retur"},"geometry":{"type":"LineString","coordinates":[[28.0205833,45.4399557],[28.0207017,45.4399196],[28.0208289,45.439904],[28.0209577,45.4399095],[28.0210824,45.4399377],[28.0211804,45.4399757],[28.0212706,45.4400327],[28.0213408,45.4401022],[28.0213881,45.4401823],[28.0214081,45.44026],[28.0214029,45.4403492],[28.0213759,45.4404221],[28.021327,45.4404926],[28.0212587,45.4405547],[28.0211739,45.4406058],[28.0210761,45.4406438],[28.0209694,45.4406672],[28.0208683,45.4406749],[28.0208312,45.4406729],[28.0207669,45.4406694],[28.0206686,45.4406509],[28.0205772,45.4406201],[28.0204953,45.440578],[28.0204004,45.4405012],[28.020243,45.4404342],[28.0200427,45.4403777],[28.0199337,45.4403554],[28.0197394,45.4403498],[28.0190598,45.4403549],[28.0188582,45.4403175],[28.0187777,45.4403026],[28.018576,45.4403088],[28.0181897,45.4403182],[28.0175557,45.4403327],[28.0171374,45.4403396],[28.0167729,45.4403454],[28.0163603,45.4403524],[28.0162808,45.4403549],[28.0161816,45.440358],[28.016068,45.4403617],[28.0158567,45.4403699],[28.0157238,45.4403751],[28.0149618,45.4403937],[28.0134924,45.4404182],[28.0120425,45.440462],[28.0113198,45.440477],[28.0105752,45.4404943],[28.0105754,45.4405076],[28.0105795,45.4407573],[28.0105784,45.440915],[28.0105811,45.4410179],[28.0105951,45.4412169],[28.0106163,45.441316],[28.0106937,45.4415621],[28.0108133,45.4418927],[28.0108731,45.4420631],[28.0109521,45.4422682],[28.0110651,45.4422751],[28.0111492,45.4422738],[28.012535,45.4422045],[28.0126201,45.4421901],[28.0126825,45.4421781],[28.0128119,45.4421284],[28.0130816,45.4420248],[28.0132505,45.4419812],[28.013337,45.441973],[28.0133877,45.4419703],[28.0134496,45.4419693]]}},{"type":"Feature","properties":{"variantId":"tb:50:v1:tur","lineId":"bus-50","mode":"bus","colour":null,"direction":"tur"},"geometry":{"type":"LineString","coordinates":[[27.9868306,45.5504107],[27.9868719,45.5503819],[27.9869762,45.5503089],[27.9871076,45.5501831],[27.9872552,45.5500065],[27.9873732,45.5498525],[27.9874858,45.5496402],[27.9875851,45.549458],[27.9876816,45.549319],[27.987805,45.5491612],[27.9878908,45.5490748],[27.9879954,45.5490035],[27.9884434,45.5487273],[27.988607,45.5485977],[27.9887518,45.54847],[27.9888377,45.5483573],[27.9888993,45.5482277],[27.9889771,45.5479985],[27.9890187,45.5479044],[27.9890359,45.5478672],[27.9891917,45.547512],[27.9893151,45.5472077],[27.989358,45.5470894],[27.9893714,45.5469955],[27.9893755,45.5468131],[27.9893661,45.5466667],[27.9893044,45.546261],[27.9892775,45.5459698],[27.9892829,45.5457914],[27.9893151,45.5456787],[27.9893661,45.5455754],[27.9894787,45.5454796],[27.9895806,45.5454232],[27.9896906,45.5453781],[27.9898301,45.5453237],[27.9899454,45.5452936],[27.9900688,45.5452729],[27.9902995,45.5452316],[27.9905194,45.5451922],[27.9909724,45.5451343],[27.9910738,45.5451213],[27.9920644,45.5449949],[27.9930943,45.5448597],[27.9932606,45.5448334],[27.9934135,45.5447864],[27.9935423,45.5447282],[27.9936361,45.5446793],[27.9946978,45.5439102],[27.9947438,45.5438764],[27.9947627,45.5438622],[27.9958543,45.5431051],[27.9968088,45.5424317],[27.9968738,45.5423853],[27.9969674,45.5423199],[27.9981154,45.5415215],[27.9992179,45.5407631],[27.9992654,45.5407301],[27.999301,45.5407062],[28.0001807,45.5400731],[28.0007145,45.5397067],[28.0013502,45.5392671],[28.0021406,45.538671],[28.0021936,45.538634],[28.0022514,45.5385936],[28.0025719,45.5383809],[28.0027658,45.5382473],[28.0039694,45.5374176],[28.0041313,45.5373059],[28.0044944,45.5370564],[28.0058533,45.5361229],[28.0059068,45.5360862],[28.0069265,45.5353857],[28.0074109,45.5350486],[28.0076205,45.5348916],[28.0079122,45.5346935],[28.0082424,45.5344699],[28.0083227,45.5344141],[28.0083977,45.5343618],[28.0093378,45.533706],[28.0094156,45.5336261],[28.0094752,45.5335397],[28.0095128,45.5334594],[28.0095503,45.5333292],[28.0098072,45.5319436],[28.0098796,45.5315922],[28.0098904,45.5315289],[28.0099064,45.5314692],[28.0099838,45.5314693],[28.0100392,45.5314692],[28.010046,45.5314692],[28.0101733,45.5314701],[28.0103342,45.5314795],[28.0122198,45.5316439],[28.0135484,45.5317658],[28.0144219,45.5318459],[28.0145351,45.5318533],[28.0145567,45.5318221],[28.0145961,45.5318012],[28.0146515,45.531796],[28.0146747,45.5317172],[28.0146889,45.531647],[28.0146941,45.5316138],[28.0150651,45.5294881],[28.015071,45.529454],[28.01625,45.5295637],[28.0174288,45.5296737],[28.0174847,45.529679],[28.0197304,45.5298998],[28.0198292,45.529909],[28.021073,45.5300255],[28.0231727,45.5302222],[28.023235,45.5302271],[28.0233246,45.5302336],[28.0236216,45.5302551],[28.0241376,45.5302929],[28.0256746,45.5304383],[28.0260774,45.5304808],[28.0265492,45.5305305],[28.0279504,45.5306634],[28.0281051,45.5306681],[28.0293522,45.5307896],[28.0301657,45.5308595],[28.0302166,45.5308641],[28.030704,45.5309056],[28.0309262,45.5309246],[28.03093,45.5308494],[28.0310199,45.5290781],[28.0310246,45.5289842],[28.0311229,45.5269975],[28.031153,45.5264365],[28.0311615,45.5262369],[28.0311637,45.5261801],[28.0311673,45.5261198],[28.0312367,45.5249295],[28.0312406,45.5248519],[28.0312475,45.5247146],[28.0313109,45.5234908],[28.0313426,45.5228508],[28.0313445,45.5228166],[28.0313458,45.5227894],[28.0313989,45.5218437],[28.0314323,45.5212467],[28.0314518,45.5207703],[28.0314669,45.52039],[28.0315001,45.5195893],[28.0315206,45.5191421],[28.0315481,45.5185406],[28.0315564,45.5183604],[28.0315581,45.5183217],[28.0315603,45.5182746],[28.0315719,45.518022],[28.0315836,45.5177675],[28.0315935,45.5175506],[28.0316129,45.5171349],[28.031619,45.5170042],[28.0316322,45.5167213],[28.03175,45.5149782],[28.0317522,45.5149452],[28.0317542,45.5149067],[28.0318357,45.5132921],[28.0318615,45.5127611],[28.0319115,45.5116984],[28.0319431,45.5107116],[28.0319771,45.5103297],[28.0319795,45.5103046],[28.0319991,45.5100804],[28.0319764,45.509966],[28.0319392,45.5099376],[28.0319298,45.5098997],[28.0319402,45.509876],[28.0319618,45.5098565],[28.0319919,45.5098437],[28.032018,45.5091167],[28.0320816,45.5079885],[28.0321739,45.5061531],[28.0322528,45.5045417],[28.0322656,45.5042789],[28.0324827,45.4999018],[28.0324848,45.4998591],[28.0324454,45.4998469],[28.0324142,45.4998259],[28.0323951,45.4997988],[28.0323912,45.4997618],[28.0324093,45.499727],[28.0324464,45.4997006],[28.0324957,45.4996872],[28.0325086,45.4994571],[28.0325418,45.4988614],[28.0325612,45.4984991],[28.0326005,45.4977039],[28.0326092,45.4974186],[28.0326259,45.4971217],[28.0326586,45.4965897],[28.032699,45.4959179],[28.0328205,45.4935654],[28.03283,45.4933628],[28.0328511,45.4929126],[28.0328573,45.4927022],[28.0328907,45.4915679],[28.0328967,45.4914598],[28.032985,45.490136],[28.0330034,45.4895929],[28.0330141,45.4893481],[28.0330751,45.4884724],[28.0330906,45.4881833],[28.033092,45.4881588],[28.0331162,45.4876756],[28.0331311,45.4871695],[28.0332261,45.4853943],[28.0332056,45.4853758],[28.0331984,45.485353],[28.0332067,45.4853289],[28.0332296,45.4853101],[28.033259,45.4847967],[28.0333075,45.4847083],[28.0333113,45.4844283],[28.03314,45.4842918],[28.0328625,45.4841625],[28.0327559,45.484159],[28.0327087,45.4842027],[28.0326432,45.4842326],[28.0325671,45.4842453],[28.0324894,45.4842392],[28.0324162,45.4842135],[28.0323606,45.4841713],[28.0323299,45.484118],[28.032328,45.4840606],[28.0323552,45.4840065],[28.0324079,45.4839625],[28.0324793,45.4839345],[28.0325702,45.4839262],[28.0326584,45.4839438],[28.0327296,45.4839843],[28.0327702,45.4840378],[28.0328632,45.4840392],[28.0331019,45.483958],[28.0333325,45.483792],[28.0333385,45.4837133],[28.033361,45.4833749],[28.0333721,45.4832071],[28.0334068,45.4827452],[28.0334697,45.4819165],[28.0334905,45.4815854],[28.0334897,45.481538],[28.0335047,45.4812928],[28.0335468,45.4805016],[28.0335553,45.4803378],[28.0335649,45.480165],[28.0335706,45.4800425],[28.0335744,45.479964],[28.0336023,45.4793892],[28.0336113,45.4791759],[28.033656,45.4782254],[28.0336583,45.4781767],[28.0336753,45.4776843],[28.03369,45.4774229],[28.0337215,45.4768646],[28.0337429,45.4764842],[28.0337876,45.4756878],[28.0338028,45.4754209],[28.0338112,45.4752712],[28.0338303,45.4749313],[28.0338374,45.4748057],[28.0338522,45.4745367],[28.033856,45.4744559],[28.0338584,45.4744046],[28.0338605,45.4743589],[28.0338726,45.4741124],[28.0338865,45.4736463],[28.0338975,45.4733537],[28.0338999,45.47331],[28.0339186,45.4729724],[28.0339321,45.4727562],[28.033934,45.4726982],[28.0339511,45.4723744],[28.0339584,45.4722431],[28.0339766,45.4718407],[28.0339854,45.4716453],[28.033989,45.4714557],[28.0340161,45.4710873],[28.0340483,45.470651],[28.0340707,45.4702325],[28.0340857,45.4699525],[28.0341015,45.469656],[28.0341054,45.469583],[28.0341086,45.4695267],[28.0341181,45.4693459],[28.0341214,45.4692956],[28.0341311,45.4690278],[28.0341563,45.4688134],[28.0341986,45.4685153],[28.0342641,45.4682687],[28.0343227,45.4680864],[28.0343754,45.4679614],[28.0344277,45.4678553],[28.0346726,45.4673585],[28.0347419,45.4672205],[28.0351984,45.4663326],[28.0353027,45.4661393],[28.0354254,45.4659227],[28.0354898,45.4657624],[28.0355067,45.4656456],[28.035549,45.465491],[28.0355406,45.4653899],[28.0355073,45.465363],[28.0354849,45.465331],[28.035475,45.465296],[28.0354782,45.4652604],[28.0354947,45.4652259],[28.0355235,45.4651957],[28.0355626,45.4651717],[28.0356199,45.4651536],[28.0356823,45.465149],[28.0357613,45.4650588],[28.0358892,45.4648824],[28.0360001,45.4647362],[28.0360194,45.4647012],[28.0360392,45.4646654],[28.036105,45.4645387],[28.0368919,45.4630359],[28.0369,45.4630198],[28.0370854,45.4626883],[28.0371824,45.4625118],[28.0372227,45.4624379],[28.0372617,45.4623606],[28.038095,45.4607091],[28.038648,45.4595922],[28.0387163,45.4594604],[28.0387789,45.4593392],[28.0388107,45.4592771],[28.0388564,45.4591881],[28.0392231,45.4584484],[28.0394854,45.4579759],[28.0400368,45.4568923],[28.0401001,45.4567704],[28.0401343,45.4567112],[28.0402798,45.4564295],[28.0406527,45.4557122],[28.0410169,45.4549866],[28.0415969,45.4538578],[28.0416726,45.4537111],[28.0420035,45.4530614],[28.0420356,45.4530014],[28.0421456,45.4527991],[28.0422297,45.4526326],[28.0422923,45.4525185],[28.0430039,45.4510896],[28.0435231,45.4500757],[28.0437991,45.4495188],[28.0441255,45.4488836],[28.0444297,45.4482942],[28.0444841,45.4481868],[28.045176,45.4469394],[28.0453816,45.446517],[28.0454231,45.4464315],[28.0455369,45.4461977],[28.0455849,45.4461005],[28.0455929,45.44608],[28.0460581,45.4451749],[28.0461843,45.4449298],[28.0462379,45.4448256],[28.0463238,45.4446587],[28.0465877,45.4441267],[28.046626,45.4440529],[28.0466838,45.4439444],[28.0466885,45.4439352],[28.0466932,45.4439264],[28.0468398,45.4436613],[28.0468488,45.443645],[28.046878,45.4435898],[28.046908,45.4435375],[28.0470048,45.4433561],[28.0470569,45.4432513],[28.0471623,45.4430485],[28.0472186,45.4429423],[28.0472904,45.4427979],[28.0473907,45.4425963],[28.0475461,45.4422665],[28.0478371,45.4416993],[28.0478969,45.4415824],[28.04795,45.4414785],[28.0482181,45.4409538],[28.0482822,45.4408285],[28.0484891,45.4404236],[28.0485474,45.4403066],[28.0487627,45.4398741],[28.0489129,45.4395976],[28.0489374,45.4395524],[28.0489749,45.4394847],[28.0490158,45.4394085],[28.0490471,45.4393493],[28.0491795,45.4390984],[28.0492247,45.4390123],[28.0495895,45.4382887],[28.0495414,45.4382599],[28.0495039,45.4382307],[28.0494635,45.4382089],[28.0494022,45.4381908],[28.0492853,45.4381761],[28.0491951,45.4381626],[28.0491263,45.4380689],[28.049119,45.4379992],[28.0491695,45.4379352]]}},{"type":"Feature","properties":{"variantId":"tb:50:v1:retur","lineId":"bus-50","mode":"bus","colour":null,"direction":"retur"},"geometry":{"type":"LineString","coordinates":[[28.0491695,45.4379352],[28.0492121,45.4378942],[28.0494009,45.4378641],[28.0495468,45.4378702],[28.0496239,45.4378901],[28.0496546,45.437898],[28.0497742,45.4379286],[28.0497094,45.4380587],[28.0496207,45.4382369],[28.0495895,45.4382887],[28.0492247,45.4390123],[28.0491795,45.4390984],[28.0490471,45.4393493],[28.0490158,45.4394085],[28.0489749,45.4394847],[28.0489374,45.4395524],[28.0489129,45.4395976],[28.0487627,45.4398741],[28.0485474,45.4403066],[28.0484891,45.4404236],[28.0482822,45.4408285],[28.0482181,45.4409538],[28.04795,45.4414785],[28.0478969,45.4415824],[28.0478371,45.4416993],[28.0475461,45.4422665],[28.0473907,45.4425963],[28.0472904,45.4427979],[28.0472186,45.4429423],[28.0471623,45.4430485],[28.0470569,45.4432513],[28.0470048,45.4433561],[28.046908,45.4435375],[28.046878,45.4435898],[28.0468488,45.443645],[28.0468398,45.4436613],[28.0466932,45.4439264],[28.0466885,45.4439352],[28.0466838,45.4439444],[28.046626,45.4440529],[28.0465877,45.4441267],[28.0463238,45.4446587],[28.0462379,45.4448256],[28.0461843,45.4449298],[28.0460581,45.4451749],[28.0455929,45.44608],[28.0455849,45.4461005],[28.0455369,45.4461977],[28.0454231,45.4464315],[28.0453816,45.446517],[28.045176,45.4469394],[28.0444841,45.4481868],[28.0444297,45.4482942],[28.0441255,45.4488836],[28.0437991,45.4495188],[28.0435231,45.4500757],[28.0430039,45.4510896],[28.0422923,45.4525185],[28.0422297,45.4526326],[28.0421456,45.4527991],[28.0420356,45.4530014],[28.0420035,45.4530614],[28.0416726,45.4537111],[28.0415969,45.4538578],[28.0410169,45.4549866],[28.0406527,45.4557122],[28.0402798,45.4564295],[28.0401343,45.4567112],[28.0401001,45.4567704],[28.0400368,45.4568923],[28.0394854,45.4579759],[28.0392231,45.4584484],[28.0388564,45.4591881],[28.0388107,45.4592771],[28.0387789,45.4593392],[28.0387163,45.4594604],[28.038648,45.4595922],[28.038095,45.4607091],[28.0372617,45.4623606],[28.0372227,45.4624379],[28.0371824,45.4625118],[28.0370854,45.4626883],[28.0369,45.4630198],[28.0368919,45.4630359],[28.036105,45.4645387],[28.0360392,45.4646654],[28.0360194,45.4647012],[28.0360001,45.4647362],[28.0359399,45.4648968],[28.0358642,45.4650812],[28.0358202,45.4651964],[28.0358485,45.4652266],[28.0358647,45.4652608],[28.0358657,45.4652924],[28.0358609,45.465324],[28.035843,45.4653505],[28.0358251,45.465373],[28.035794,45.465394],[28.0357649,45.4654083],[28.0357299,45.4654186],[28.0356786,45.4655361],[28.0355889,45.4656676],[28.0354898,45.4657624],[28.0354254,45.4659227],[28.0353027,45.4661393],[28.0351984,45.4663326],[28.0347419,45.4672205],[28.0346726,45.4673585],[28.0344277,45.4678553],[28.0343754,45.4679614],[28.0343227,45.4680864],[28.0342641,45.4682687],[28.0341986,45.4685153],[28.0341563,45.4688134],[28.0341311,45.4690278],[28.0341214,45.4692956],[28.0341181,45.4693459],[28.0341086,45.4695267],[28.0341054,45.469583],[28.0341015,45.469656],[28.0340857,45.4699525],[28.0340707,45.4702325],[28.0340483,45.470651],[28.0340161,45.4710873],[28.033989,45.4714557],[28.0339854,45.4716453],[28.0339766,45.4718407],[28.0339584,45.4722431],[28.0339511,45.4723744],[28.033934,45.4726982],[28.0339321,45.4727562],[28.0339186,45.4729724],[28.0338999,45.47331],[28.0338975,45.4733537],[28.0338865,45.4736463],[28.0338726,45.4741124],[28.0338605,45.4743589],[28.0338584,45.4744046],[28.033856,45.4744559],[28.0338522,45.4745367],[28.0338374,45.4748057],[28.0338303,45.4749313],[28.0338112,45.4752712],[28.0338028,45.4754209],[28.0337876,45.4756878],[28.0337429,45.4764842],[28.0337215,45.4768646],[28.03369,45.4774229],[28.0336753,45.4776843],[28.0336583,45.4781767],[28.033656,45.4782254],[28.0336113,45.4791759],[28.0336023,45.4793892],[28.0335744,45.479964],[28.0335706,45.4800425],[28.0335649,45.480165],[28.0335553,45.4803378],[28.0335468,45.4805016],[28.0335047,45.4812928],[28.0334897,45.481538],[28.0334905,45.4815854],[28.0334697,45.4819165],[28.0334068,45.4827452],[28.0333721,45.4832071],[28.033361,45.4833749],[28.0333385,45.4837133],[28.0333325,45.483792],[28.0333205,45.4841045],[28.0331437,45.4841549],[28.0328625,45.4841625],[28.0327559,45.484159],[28.0327087,45.4842027],[28.0326432,45.4842326],[28.0325671,45.4842453],[28.0324894,45.4842392],[28.0324162,45.4842135],[28.0323606,45.4841713],[28.0323299,45.484118],[28.032328,45.4840606],[28.0323552,45.4840065],[28.0324079,45.4839625],[28.0324793,45.4839345],[28.0325702,45.4839262],[28.0326584,45.4839438],[28.0327296,45.4839843],[28.0327702,45.4840378],[28.0328632,45.4840392],[28.0331452,45.4840537],[28.0333205,45.4841045],[28.0333113,45.4844283],[28.0333075,45.4847083],[28.0333544,45.4848031],[28.0333347,45.4851335],[28.0333294,45.4853163],[28.0333459,45.4853349],[28.0333503,45.4853566],[28.0333424,45.485377],[28.0333239,45.4853937],[28.0333097,45.4857333],[28.033258,45.4866811],[28.0331899,45.4879303],[28.0331724,45.4882388],[28.0331418,45.488786],[28.0330861,45.4895956],[28.0330016,45.4916085],[28.0329587,45.492668],[28.0329427,45.4929745],[28.0329301,45.4932228],[28.0326638,45.4983214],[28.0326303,45.4990461],[28.0326009,45.4995207],[28.0325914,45.4996772],[28.0325898,45.4997034],[28.0326202,45.4997259],[28.0326375,45.4997545],[28.0326395,45.4997855],[28.032628,45.4998123],[28.032605,45.4998352],[28.032573,45.4998519],[28.0325652,45.5001697],[28.0324996,45.501519],[28.0323747,45.5038992],[28.0322566,45.5061554],[28.032114,45.50912],[28.0320764,45.5098489],[28.0321085,45.5098705],[28.0321234,45.5098999],[28.0321181,45.5099309],[28.0320937,45.5099569],[28.0320554,45.5099727],[28.0319991,45.5100804],[28.0319795,45.5103046],[28.0319771,45.5103297],[28.0319431,45.5107116],[28.0319115,45.5116984],[28.0318615,45.5127611],[28.0318357,45.5132921],[28.0317542,45.5149067],[28.0317522,45.5149452],[28.03175,45.5149782],[28.0316322,45.5167213],[28.031619,45.5170042],[28.0316129,45.5171349],[28.0315935,45.5175506],[28.0315836,45.5177675],[28.0315719,45.518022],[28.0315603,45.5182746],[28.0315581,45.5183217],[28.0315564,45.5183604],[28.0315481,45.5185406],[28.0315206,45.5191421],[28.0315001,45.5195893],[28.0314669,45.52039],[28.0314518,45.5207703],[28.0314323,45.5212467],[28.0313989,45.5218437],[28.0313458,45.5227894],[28.0313445,45.5228166],[28.0313426,45.5228508],[28.0313109,45.5234908],[28.0312475,45.5247146],[28.0312406,45.5248519],[28.0312367,45.5249295],[28.0311673,45.5261198],[28.0311637,45.5261801],[28.0311615,45.5262369],[28.031153,45.5264365],[28.0311229,45.5269975],[28.0310246,45.5289842],[28.0310199,45.5290781],[28.03093,45.5308494],[28.0309262,45.5309246],[28.030704,45.5309056],[28.0302166,45.5308641],[28.0301657,45.5308595],[28.0293522,45.5307896],[28.0281051,45.5306681],[28.0279504,45.5306634],[28.0265492,45.5305305],[28.0260774,45.5304808],[28.0256746,45.5304383],[28.0241376,45.5302929],[28.0236216,45.5302551],[28.0233246,45.5302336],[28.023235,45.5302271],[28.0231727,45.5302222],[28.021073,45.5300255],[28.0198292,45.529909],[28.0197304,45.5298998],[28.0174847,45.529679],[28.0174288,45.5296737],[28.01625,45.5295637],[28.015071,45.529454],[28.0150651,45.5294881],[28.0146941,45.5316138],[28.0146889,45.531647],[28.0146747,45.5317172],[28.0146515,45.531796],[28.0147244,45.5318254],[28.0147415,45.5318878],[28.0147015,45.5319292],[28.014633,45.5319435],[28.0145543,45.5319142],[28.0145351,45.5318533],[28.0144219,45.5318459],[28.0135484,45.5317658],[28.0122198,45.5316439],[28.0103342,45.5314795],[28.0101733,45.5314701],[28.010046,45.5314692],[28.0100392,45.5314692],[28.0099838,45.5314693],[28.0099064,45.5314692],[28.0098904,45.5315289],[28.0098796,45.5315922],[28.0098072,45.5319436],[28.0095503,45.5333292],[28.0095128,45.5334594],[28.0094752,45.5335397],[28.0094156,45.5336261],[28.0093378,45.533706],[28.0083977,45.5343618],[28.0083227,45.5344141],[28.0082424,45.5344699],[28.0079122,45.5346935],[28.0076205,45.5348916],[28.0074109,45.5350486],[28.0069265,45.5353857],[28.0059068,45.5360862],[28.0058533,45.5361229],[28.0044944,45.5370564],[28.0041313,45.5373059],[28.0039694,45.5374176],[28.0027658,45.5382473],[28.0025719,45.5383809],[28.0022514,45.5385936],[28.0021936,45.538634],[28.0021406,45.538671],[28.0013502,45.5392671],[28.0007145,45.5397067],[28.0001807,45.5400731],[27.999301,45.5407062],[27.9992654,45.5407301],[27.9992179,45.5407631],[27.9981154,45.5415215],[27.9969674,45.5423199],[27.9968738,45.5423853],[27.9968088,45.5424317],[27.9958543,45.5431051],[27.9947627,45.5438622],[27.9947438,45.5438764],[27.9946978,45.5439102],[27.9936361,45.5446793],[27.9935423,45.5447282],[27.9934135,45.5447864],[27.9932606,45.5448334],[27.9930943,45.5448597],[27.9920644,45.5449949],[27.9910738,45.5451213],[27.9909724,45.5451343],[27.9905194,45.5451922],[27.9902995,45.5452316],[27.9900688,45.5452729],[27.9899454,45.5452936],[27.9898301,45.5453237],[27.9896906,45.5453781],[27.9895806,45.5454232],[27.9894787,45.5454796],[27.9893661,45.5455754],[27.9893151,45.5456787],[27.9892829,45.5457914],[27.9892775,45.5459698],[27.9893044,45.546261],[27.9893661,45.5466667],[27.9893755,45.5468131],[27.9893714,45.5469955],[27.989358,45.5470894],[27.9893151,45.5472077],[27.9891917,45.547512],[27.9890359,45.5478672],[27.9890187,45.5479044],[27.9889771,45.5479985],[27.9888993,45.5482277],[27.9888377,45.5483573],[27.9887518,45.54847],[27.988607,45.5485977],[27.9884434,45.5487273],[27.9879954,45.5490035],[27.9878908,45.5490748],[27.987805,45.5491612],[27.9876816,45.549319],[27.9875851,45.549458],[27.9874858,45.5496402],[27.9873732,45.5498525],[27.9872552,45.5500065],[27.9871076,45.5501831],[27.9869762,45.5503089],[27.9868719,45.5503819],[27.9868306,45.5504107]]}},{"type":"Feature","properties":{"variantId":"tb:55:v1:tur","lineId":"bus-55","mode":"bus","colour":null,"direction":"tur"},"geometry":{"type":"LineString","coordinates":[[28.0262397,45.4930332],[28.0262134,45.493031],[28.0254414,45.4930215],[28.025242,45.4930215],[28.0248911,45.4930113],[28.0247449,45.4930077],[28.0244625,45.4930037],[28.0236928,45.493006],[28.0236027,45.4930077],[28.02353,45.4930074],[28.0230406,45.4930116],[28.0224657,45.4930165],[28.0216826,45.4930232],[28.0211668,45.4930276],[28.0207185,45.4930314],[28.0206304,45.4930322],[28.0192607,45.4930439],[28.0192955,45.4933397],[28.0194344,45.4945014],[28.0194317,45.4948253],[28.0194393,45.4951871],[28.019416,45.4954995],[28.0193455,45.4957731],[28.0193259,45.4958451],[28.0193138,45.4958914],[28.0172364,45.4958031],[28.0171204,45.4961649],[28.0170395,45.4964175],[28.0162191,45.4964292],[28.0154533,45.4964362],[28.0154045,45.4965086],[28.0153379,45.4966873],[28.0152515,45.4968232],[28.0150908,45.4971486],[28.0150522,45.4973924],[28.0150558,45.4976339],[28.0150698,45.4977653],[28.0151474,45.497886],[28.0153099,45.4980379],[28.015504,45.4981202],[28.0161962,45.498292],[28.0162032,45.4982793],[28.0162317,45.4982276],[28.0162914,45.4981193],[28.0164154,45.4978556],[28.0189532,45.498054],[28.0188244,45.498606],[28.0187193,45.4989541],[28.018694,45.4990367],[28.0187997,45.499043],[28.0189347,45.4990463],[28.0195616,45.4990664],[28.0214863,45.4991173],[28.021801,45.4991332],[28.0226024,45.4991776],[28.0231773,45.4992225],[28.0246776,45.4993189],[28.0248471,45.4993297],[28.0252141,45.4993586],[28.0253927,45.4993734],[28.0257806,45.4994056],[28.0259194,45.4994206],[28.0261633,45.4994364],[28.0263162,45.4994703],[28.0264691,45.4995201],[28.0266005,45.4995812],[28.02674,45.4996564],[28.0270001,45.4997604],[28.0273126,45.4998764],[28.0276988,45.4999875],[28.0277477,45.5000014],[28.0279456,45.5000578],[28.0282113,45.500112],[28.0282566,45.5001216],[28.0283857,45.5001461],[28.0284767,45.5001565],[28.0285853,45.5001621],[28.0288026,45.5001608],[28.0292076,45.5001264],[28.0306999,45.4999488],[28.0317171,45.4998463],[28.0318949,45.4998288],[28.032352,45.4998014],[28.0323951,45.4997988],[28.0323912,45.4997618],[28.0324093,45.499727],[28.0324464,45.4997006],[28.0324957,45.4996872],[28.0325086,45.4994571],[28.0325418,45.4988614],[28.0325612,45.4984991],[28.0326005,45.4977039],[28.0326092,45.4974186],[28.0326259,45.4971217],[28.0326586,45.4965897],[28.032699,45.4959179],[28.0328205,45.4935654],[28.03283,45.4933628],[28.0328511,45.4929126],[28.0328573,45.4927022],[28.0328907,45.4915679],[28.0328967,45.4914598],[28.032985,45.490136],[28.0330034,45.4895929],[28.0330141,45.4893481],[28.0330751,45.4884724],[28.0330906,45.4881833],[28.033092,45.4881588],[28.0331162,45.4876756],[28.0331311,45.4871695],[28.0332261,45.4853943],[28.0332056,45.4853758],[28.0331984,45.485353],[28.0332067,45.4853289],[28.0332296,45.4853101],[28.033259,45.4847967],[28.0333075,45.4847083],[28.0333113,45.4844283],[28.03314,45.4842918],[28.0328625,45.4841625],[28.0327559,45.484159],[28.0327087,45.4842027],[28.0326432,45.4842326],[28.0325671,45.4842453],[28.0324894,45.4842392],[28.0324162,45.4842135],[28.0323606,45.4841713],[28.0323299,45.484118],[28.032328,45.4840606],[28.0323552,45.4840065],[28.0324079,45.4839625],[28.0324793,45.4839345],[28.0325702,45.4839262],[28.0326584,45.4839438],[28.0327296,45.4839843],[28.0327702,45.4840378],[28.0328632,45.4840392],[28.0331019,45.483958],[28.0333325,45.483792],[28.0333385,45.4837133],[28.033361,45.4833749],[28.0333721,45.4832071],[28.0334068,45.4827452],[28.0334697,45.4819165],[28.0334905,45.4815854],[28.0334897,45.481538],[28.0335047,45.4812928],[28.0335468,45.4805016],[28.0335553,45.4803378],[28.0335649,45.480165],[28.0335706,45.4800425],[28.0335744,45.479964],[28.0336023,45.4793892],[28.0336113,45.4791759],[28.033656,45.4782254],[28.0336583,45.4781767],[28.0336753,45.4776843],[28.03369,45.4774229],[28.0337215,45.4768646],[28.0337429,45.4764842],[28.0337876,45.4756878],[28.0338028,45.4754209],[28.0338112,45.4752712],[28.0338303,45.4749313],[28.0338374,45.4748057],[28.0338522,45.4745367],[28.033856,45.4744559],[28.0338584,45.4744046],[28.0338605,45.4743589],[28.0338726,45.4741124],[28.0338865,45.4736463],[28.0338975,45.4733537],[28.0338999,45.47331],[28.0339186,45.4729724],[28.0339321,45.4727562],[28.033934,45.4726982],[28.0339511,45.4723744],[28.0339584,45.4722431],[28.0339766,45.4718407],[28.0339854,45.4716453],[28.033989,45.4714557],[28.0340161,45.4710873],[28.0340483,45.470651],[28.0340707,45.4702325],[28.0340857,45.4699525],[28.0341015,45.469656],[28.0341054,45.469583],[28.0341086,45.4695267],[28.0341181,45.4693459],[28.0341214,45.4692956],[28.0341311,45.4690278],[28.0341563,45.4688134],[28.0341986,45.4685153],[28.0342641,45.4682687],[28.0343227,45.4680864],[28.0343754,45.4679614],[28.0344277,45.4678553],[28.0346726,45.4673585],[28.0347419,45.4672205],[28.0351984,45.4663326],[28.0353027,45.4661393],[28.0354254,45.4659227],[28.0354898,45.4657624],[28.0355067,45.4656456],[28.035549,45.465491],[28.0355406,45.4653899],[28.0355073,45.465363],[28.0354849,45.465331],[28.035475,45.465296],[28.0354782,45.4652604],[28.0354947,45.4652259],[28.0355235,45.4651957],[28.0355626,45.4651717],[28.0356199,45.4651536],[28.0356823,45.465149],[28.0357613,45.4650588],[28.0358892,45.4648824],[28.0360001,45.4647362],[28.0360194,45.4647012],[28.0360392,45.4646654],[28.036105,45.4645387],[28.0368919,45.4630359],[28.0369,45.4630198],[28.0370854,45.4626883],[28.0371824,45.4625118],[28.0372227,45.4624379],[28.0372617,45.4623606],[28.038095,45.4607091],[28.038648,45.4595922],[28.0387163,45.4594604],[28.0387789,45.4593392],[28.0388107,45.4592771],[28.0388564,45.4591881],[28.0392231,45.4584484],[28.0394854,45.4579759],[28.0400368,45.4568923],[28.0401001,45.4567704],[28.0401343,45.4567112],[28.0402798,45.4564295],[28.0406527,45.4557122],[28.0410169,45.4549866],[28.0415969,45.4538578],[28.0416726,45.4537111],[28.0420035,45.4530614],[28.0420356,45.4530014],[28.0421456,45.4527991],[28.0422297,45.4526326],[28.0422923,45.4525185],[28.0430039,45.4510896],[28.0435231,45.4500757],[28.0437991,45.4495188],[28.0441255,45.4488836],[28.0444297,45.4482942],[28.0444841,45.4481868],[28.045176,45.4469394],[28.0453816,45.446517],[28.0454231,45.4464315],[28.0455369,45.4461977],[28.0455849,45.4461005],[28.0455929,45.44608],[28.0460581,45.4451749],[28.0461843,45.4449298],[28.0462379,45.4448256],[28.0463238,45.4446587],[28.0465877,45.4441267],[28.046626,45.4440529],[28.0466838,45.4439444],[28.0466885,45.4439352],[28.0466932,45.4439264],[28.0468398,45.4436613],[28.0468488,45.443645],[28.046878,45.4435898],[28.046908,45.4435375],[28.0470048,45.4433561],[28.0470569,45.4432513],[28.0471623,45.4430485],[28.0472186,45.4429423],[28.0472904,45.4427979],[28.0473907,45.4425963],[28.0475461,45.4422665],[28.0478371,45.4416993],[28.0478969,45.4415824],[28.04795,45.4414785],[28.0482181,45.4409538],[28.0482822,45.4408285],[28.0484891,45.4404236],[28.0485474,45.4403066],[28.0487627,45.4398741],[28.0489129,45.4395976],[28.0489374,45.4395524],[28.0489749,45.4394847],[28.0490158,45.4394085],[28.0490471,45.4393493],[28.0491795,45.4390984],[28.0492247,45.4390123],[28.0495895,45.4382887],[28.0495414,45.4382599],[28.0495039,45.4382307],[28.0494635,45.4382089],[28.0494022,45.4381908],[28.0492853,45.4381761],[28.0491951,45.4381626],[28.0491263,45.4380689],[28.049119,45.4379992],[28.0491695,45.4379352]]}},{"type":"Feature","properties":{"variantId":"tb:55:v1:retur","lineId":"bus-55","mode":"bus","colour":null,"direction":"retur"},"geometry":{"type":"LineString","coordinates":[[28.0491695,45.4379352],[28.0492121,45.4378942],[28.0494009,45.4378641],[28.0495468,45.4378702],[28.0496239,45.4378901],[28.0496546,45.437898],[28.0497742,45.4379286],[28.0497094,45.4380587],[28.0496207,45.4382369],[28.0495895,45.4382887],[28.0492247,45.4390123],[28.0491795,45.4390984],[28.0490471,45.4393493],[28.0490158,45.4394085],[28.0489749,45.4394847],[28.0489374,45.4395524],[28.0489129,45.4395976],[28.0487627,45.4398741],[28.0485474,45.4403066],[28.0484891,45.4404236],[28.0482822,45.4408285],[28.0482181,45.4409538],[28.04795,45.4414785],[28.0478969,45.4415824],[28.0478371,45.4416993],[28.0475461,45.4422665],[28.0473907,45.4425963],[28.0472904,45.4427979],[28.0472186,45.4429423],[28.0471623,45.4430485],[28.0470569,45.4432513],[28.0470048,45.4433561],[28.046908,45.4435375],[28.046878,45.4435898],[28.0468488,45.443645],[28.0468398,45.4436613],[28.0466932,45.4439264],[28.0466885,45.4439352],[28.0466838,45.4439444],[28.046626,45.4440529],[28.0465877,45.4441267],[28.0463238,45.4446587],[28.0462379,45.4448256],[28.0461843,45.4449298],[28.0460581,45.4451749],[28.0455929,45.44608],[28.0455849,45.4461005],[28.0455369,45.4461977],[28.0454231,45.4464315],[28.0453816,45.446517],[28.045176,45.4469394],[28.0444841,45.4481868],[28.0444297,45.4482942],[28.0441255,45.4488836],[28.0437991,45.4495188],[28.0435231,45.4500757],[28.0430039,45.4510896],[28.0422923,45.4525185],[28.0422297,45.4526326],[28.0421456,45.4527991],[28.0420356,45.4530014],[28.0420035,45.4530614],[28.0416726,45.4537111],[28.0415969,45.4538578],[28.0410169,45.4549866],[28.0406527,45.4557122],[28.0402798,45.4564295],[28.0401343,45.4567112],[28.0401001,45.4567704],[28.0400368,45.4568923],[28.0394854,45.4579759],[28.0392231,45.4584484],[28.0388564,45.4591881],[28.0388107,45.4592771],[28.0387789,45.4593392],[28.0387163,45.4594604],[28.038648,45.4595922],[28.038095,45.4607091],[28.0372617,45.4623606],[28.0372227,45.4624379],[28.0371824,45.4625118],[28.0370854,45.4626883],[28.0369,45.4630198],[28.0368919,45.4630359],[28.036105,45.4645387],[28.0360392,45.4646654],[28.0360194,45.4647012],[28.0360001,45.4647362],[28.0359399,45.4648968],[28.0358642,45.4650812],[28.0358202,45.4651964],[28.0358485,45.4652266],[28.0358647,45.4652608],[28.0358657,45.4652924],[28.0358609,45.465324],[28.035843,45.4653505],[28.0358251,45.465373],[28.035794,45.465394],[28.0357649,45.4654083],[28.0357299,45.4654186],[28.0356786,45.4655361],[28.0355889,45.4656676],[28.0354898,45.4657624],[28.0354254,45.4659227],[28.0353027,45.4661393],[28.0351984,45.4663326],[28.0347419,45.4672205],[28.0346726,45.4673585],[28.0344277,45.4678553],[28.0343754,45.4679614],[28.0343227,45.4680864],[28.0342641,45.4682687],[28.0341986,45.4685153],[28.0341563,45.4688134],[28.0341311,45.4690278],[28.0341214,45.4692956],[28.0341181,45.4693459],[28.0341086,45.4695267],[28.0341054,45.469583],[28.0341015,45.469656],[28.0340857,45.4699525],[28.0340707,45.4702325],[28.0340483,45.470651],[28.0340161,45.4710873],[28.033989,45.4714557],[28.0339854,45.4716453],[28.0339766,45.4718407],[28.0339584,45.4722431],[28.0339511,45.4723744],[28.033934,45.4726982],[28.0339321,45.4727562],[28.0339186,45.4729724],[28.0338999,45.47331],[28.0338975,45.4733537],[28.0338865,45.4736463],[28.0338726,45.4741124],[28.0338605,45.4743589],[28.0338584,45.4744046],[28.033856,45.4744559],[28.0338522,45.4745367],[28.0338374,45.4748057],[28.0338303,45.4749313],[28.0338112,45.4752712],[28.0338028,45.4754209],[28.0337876,45.4756878],[28.0337429,45.4764842],[28.0337215,45.4768646],[28.03369,45.4774229],[28.0336753,45.4776843],[28.0336583,45.4781767],[28.033656,45.4782254],[28.0336113,45.4791759],[28.0336023,45.4793892],[28.0335744,45.479964],[28.0335706,45.4800425],[28.0335649,45.480165],[28.0335553,45.4803378],[28.0335468,45.4805016],[28.0335047,45.4812928],[28.0334897,45.481538],[28.0334905,45.4815854],[28.0334697,45.4819165],[28.0334068,45.4827452],[28.0333721,45.4832071],[28.033361,45.4833749],[28.0333385,45.4837133],[28.0333325,45.483792],[28.0333205,45.4841045],[28.0331437,45.4841549],[28.0328625,45.4841625],[28.0327559,45.484159],[28.0327087,45.4842027],[28.0326432,45.4842326],[28.0325671,45.4842453],[28.0324894,45.4842392],[28.0324162,45.4842135],[28.0323606,45.4841713],[28.0323299,45.484118],[28.032328,45.4840606],[28.0323552,45.4840065],[28.0324079,45.4839625],[28.0324793,45.4839345],[28.0325702,45.4839262],[28.0326584,45.4839438],[28.0327296,45.4839843],[28.0327702,45.4840378],[28.0328632,45.4840392],[28.0331452,45.4840537],[28.0333205,45.4841045],[28.0333113,45.4844283],[28.0333075,45.4847083],[28.0333544,45.4848031],[28.0333347,45.4851335],[28.0333294,45.4853163],[28.0333459,45.4853349],[28.0333503,45.4853566],[28.0333424,45.485377],[28.0333239,45.4853937],[28.0333097,45.4857333],[28.033258,45.4866811],[28.0331899,45.4879303],[28.0331724,45.4882388],[28.0331418,45.488786],[28.0330861,45.4895956],[28.0330016,45.4916085],[28.0329587,45.492668],[28.0329427,45.4929745],[28.0329301,45.4932228],[28.0326638,45.4983214],[28.0326303,45.4990461],[28.0326009,45.4995207],[28.0325914,45.4996772],[28.0325898,45.4997034],[28.0326202,45.4997259],[28.0326375,45.4997545],[28.0326395,45.4997855],[28.032628,45.4998123],[28.032605,45.4998352],[28.032573,45.4998519],[28.0325447,45.4998593],[28.0325148,45.4998618],[28.0324848,45.4998591],[28.0324454,45.4998469],[28.0324142,45.4998259],[28.0323951,45.4997988],[28.0323912,45.4997618],[28.0324093,45.499727],[28.0324464,45.4997006],[28.0324957,45.4996872],[28.0325086,45.4994571],[28.0325418,45.4988614],[28.0325612,45.4984991],[28.0326005,45.4977039],[28.0326092,45.4974186],[28.0326259,45.4971217],[28.0326586,45.4965897],[28.032699,45.4959179],[28.0328205,45.4935654],[28.03283,45.4933628],[28.0328511,45.4929126],[28.0297547,45.492791],[28.0296495,45.4928281],[28.0295584,45.4928919],[28.0292116,45.4931564],[28.0291311,45.4931776],[28.0276238,45.4931409],[28.0270751,45.4931616],[28.0267169,45.4930725],[28.0262397,45.4930332]]}},{"type":"Feature","properties":{"variantId":"tb:105:v1:tur","lineId":"bus-105","mode":"bus","colour":null,"direction":"tur"},"geometry":{"type":"LineString","coordinates":[[28.0125175,45.4133351],[28.012287,45.4133998],[28.0122622,45.4133879],[28.0122066,45.4133563],[28.0121777,45.41334],[28.0118517,45.4131644],[28.0117496,45.4130977],[28.0119253,45.4129453],[28.0120913,45.4128248],[28.0121461,45.4127948],[28.0123702,45.4127035],[28.0130071,45.412441],[28.0136871,45.4121529],[28.0138996,45.412058],[28.0139358,45.4120389],[28.0139681,45.4120218],[28.0141022,45.4119304],[28.0142559,45.4117844],[28.0143017,45.4117446],[28.0143586,45.4117127],[28.0145411,45.4115091],[28.0146323,45.4113934],[28.0147025,45.4112732],[28.0148069,45.4109834],[28.0148246,45.410889],[28.0148261,45.4108756],[28.0148379,45.4108185],[28.0148645,45.4106736],[28.014886,45.4105739],[28.014914,45.4104419],[28.0149217,45.4103819],[28.0149162,45.4103679],[28.0149163,45.4102471],[28.0149069,45.4100068],[28.0149076,45.4096643],[28.014882,45.4096448],[28.0144752,45.4095355],[28.0142812,45.409483],[28.0136462,45.4094293],[28.0135349,45.4094196],[28.0134677,45.4094136],[28.0131543,45.4093859],[28.0127689,45.4093518],[28.0126056,45.4093373],[28.0124569,45.4093241],[28.0120797,45.409292],[28.0116079,45.4092506],[28.0114532,45.4092411],[28.0113011,45.4092378],[28.011126,45.4092399],[28.01093,45.4092584],[28.0107338,45.4092862],[28.0105513,45.4093301],[28.0104244,45.4093817],[28.0102515,45.4094664],[28.0101314,45.4095407],[28.0100112,45.4096352],[28.00989,45.4097421],[28.0098082,45.4098143],[28.0097836,45.4098357],[28.0097168,45.4098949],[28.0094966,45.4101088],[28.0093981,45.4102045],[28.0092077,45.4103911],[28.0089857,45.4106084],[28.0088385,45.4107547],[28.0087598,45.4108329],[28.0086097,45.4109801],[28.0085128,45.4110727],[28.0084049,45.4111808],[28.0082335,45.4113527],[28.0081791,45.4114018],[28.0080994,45.4114715],[28.0079659,45.4116057],[28.0077446,45.4118181],[28.0074078,45.4121299],[28.0073058,45.4122326],[28.0068501,45.4126787],[28.0067999,45.4127252],[28.0066612,45.4128534],[28.0065922,45.41292],[28.0065265,45.4129828],[28.0064552,45.4130512],[28.0064462,45.4130599],[28.0064307,45.4130747],[28.0063681,45.4131346],[28.0062234,45.4132779],[28.0061841,45.4134283],[28.0061664,45.413496],[28.0061681,45.4135166],[28.0063621,45.4136988],[28.0067629,45.4138974],[28.0069626,45.4139963],[28.007285,45.4141619],[28.0073147,45.414175],[28.0076474,45.4143365],[28.0078278,45.4144262],[28.0087755,45.4148974],[28.0089787,45.4149984],[28.0095165,45.415261],[28.0096507,45.4153291],[28.0099175,45.4154656],[28.0099805,45.4154978],[28.0101576,45.4155884],[28.0104936,45.4157603],[28.0120151,45.4165387],[28.0124168,45.4167442],[28.0125033,45.4167902],[28.0129777,45.4170326],[28.01303,45.4170579],[28.0131058,45.4170967],[28.0132059,45.4171499],[28.0132823,45.417187],[28.01548,45.4183113],[28.0156357,45.4183909],[28.015768,45.4184586],[28.0169293,45.4190524],[28.0170418,45.4191103],[28.0172984,45.4192415],[28.0174432,45.4193156],[28.0175811,45.4193861],[28.0176894,45.4194413],[28.0181059,45.4196546],[28.0182724,45.4197398],[28.0188561,45.4200384],[28.0198069,45.4205312],[28.0199753,45.4206118],[28.0200503,45.4206481],[28.0201084,45.4206763],[28.0201554,45.4206995],[28.0202392,45.4207439],[28.0202519,45.4207505],[28.0205747,45.4209097],[28.0206381,45.420939],[28.0208291,45.4210445],[28.0210199,45.4211561],[28.0211811,45.4212626],[28.0213151,45.4213658],[28.0215152,45.4215835],[28.0217156,45.4218477],[28.0218219,45.4220312],[28.021913,45.4222617],[28.02202,45.4226125],[28.0224223,45.4239201],[28.0226133,45.4245552],[28.0227487,45.4249819],[28.0228233,45.425215],[28.0228788,45.4253705],[28.0229621,45.4256059],[28.0230234,45.4257567],[28.023159,45.4259949],[28.0232936,45.4261716],[28.0233293,45.4262245],[28.0234554,45.4263888],[28.0235871,45.4265445],[28.0238328,45.4268488],[28.0239297,45.4268938],[28.0239998,45.4269213],[28.0240943,45.4269582],[28.0242475,45.4270193],[28.0242786,45.4270115],[28.0244688,45.4270036],[28.0246429,45.4270354],[28.0247979,45.4271143],[28.0249128,45.4272083],[28.0251697,45.4273556],[28.0252666,45.4273963],[28.0253815,45.4274399],[28.0255359,45.4274789],[28.0265762,45.427571],[28.0270357,45.4276129],[28.0281,45.4277056],[28.0284674,45.4277393],[28.0289472,45.4277833],[28.0290263,45.4277903],[28.0292984,45.4278151],[28.0309613,45.4279684],[28.0311825,45.4279929],[28.0314927,45.4280175],[28.0353141,45.428346],[28.0369098,45.4284868],[28.0371949,45.4285161],[28.0373748,45.4285362],[28.0375461,45.4285541],[28.0379401,45.4285847],[28.0387086,45.4286585],[28.0390974,45.4287007],[28.0395987,45.4287704],[28.0403058,45.4288752],[28.0407123,45.4289354],[28.0408781,45.4289649],[28.041473,45.4290717],[28.0419267,45.4291697],[28.0423923,45.4292973],[28.0427346,45.4294003],[28.0430547,45.4295029],[28.0446786,45.4300455],[28.045163,45.4302013],[28.045369,45.4302772],[28.0455034,45.4303254],[28.0456426,45.4303869],[28.045786,45.430453],[28.0461448,45.4306111],[28.0464341,45.4307468],[28.0470013,45.4310488],[28.0471024,45.4311055],[28.0485385,45.4319507],[28.0488505,45.4321384],[28.0491374,45.4322998],[28.0493834,45.4324275],[28.0496332,45.4325422],[28.0496728,45.4325573],[28.050355,45.4328297],[28.0505735,45.4329164],[28.0509539,45.4330895],[28.0510428,45.4331135],[28.0515737,45.4332764],[28.0517046,45.4333186],[28.0519065,45.4333888],[28.0520717,45.4334422],[28.0521405,45.4334666],[28.0522457,45.4335039],[28.0528546,45.4337197],[28.05298,45.4337432],[28.0531315,45.4337629],[28.0532992,45.4337787],[28.0535555,45.4337882],[28.0537122,45.433791],[28.054031,45.4337868],[28.054156,45.4337728],[28.0542928,45.4337528],[28.0547899,45.4336859],[28.0550249,45.4336549],[28.0552469,45.4336346],[28.0552935,45.4339162],[28.0554862,45.4348177],[28.0555068,45.4349136],[28.0556288,45.4354438],[28.0556428,45.4355025],[28.0556746,45.4356414],[28.0557002,45.435734],[28.0557398,45.4358679],[28.0557792,45.436008],[28.0558151,45.4361357],[28.0558802,45.4363702],[28.055898,45.4364352],[28.0559714,45.4366743],[28.0561252,45.4371576],[28.0561866,45.4373285],[28.0562985,45.4379644],[28.0564099,45.4386215],[28.0564401,45.4388363],[28.056465,45.4389825],[28.0564876,45.4392663],[28.0564907,45.4393779],[28.0564904,45.4394816],[28.0564778,45.439695],[28.0564527,45.4398626],[28.0563606,45.4404423],[28.0563443,45.4406122],[28.0563391,45.440654],[28.0563105,45.4408424],[28.0563045,45.4408712],[28.0562381,45.4411617],[28.0561851,45.4413293],[28.05618,45.4413462],[28.0560128,45.4419776],[28.0559376,45.4422393],[28.0559106,45.4423518],[28.0558887,45.4424574],[28.0558668,45.4425479],[28.0558374,45.4426604],[28.0557493,45.4429909],[28.0556772,45.4432343],[28.0555763,45.4435656],[28.0554642,45.4438609],[28.0554319,45.4439477],[28.055396,45.4440415],[28.0553467,45.4441774],[28.0550735,45.4447807],[28.0549287,45.4451187],[28.0548136,45.4453938],[28.0546052,45.4459096],[28.0545992,45.4459229],[28.054593,45.4459354],[28.0543707,45.4463384],[28.0541246,45.4467371],[28.0540519,45.4468567],[28.0535495,45.4476588],[28.053285,45.4480908],[28.0532223,45.4481955],[28.0531047,45.448391],[28.0530205,45.4485373],[28.0527225,45.4490129],[28.0523689,45.4495534],[28.0521788,45.4498745],[28.0521194,45.449977],[28.0520816,45.4500393],[28.0518692,45.4503784],[28.0516449,45.450743],[28.0515411,45.4509183],[28.0513126,45.4513057],[28.0513069,45.4513154],[28.0512802,45.4514957],[28.0512605,45.4515677],[28.0512403,45.4515926],[28.0512042,45.4516314]]}},{"type":"Feature","properties":{"variantId":"tb:105:v1:retur","lineId":"bus-105","mode":"bus","colour":null,"direction":"retur"},"geometry":{"type":"LineString","coordinates":[[28.0508522,45.4514528],[28.0510639,45.4514394],[28.0511444,45.4514401],[28.0513069,45.4513154],[28.0513126,45.4513057],[28.0515411,45.4509183],[28.0516449,45.450743],[28.0518692,45.4503784],[28.0520816,45.4500393],[28.0521194,45.449977],[28.0521788,45.4498745],[28.0523689,45.4495534],[28.0527225,45.4490129],[28.0530205,45.4485373],[28.0531047,45.448391],[28.0532223,45.4481955],[28.053285,45.4480908],[28.0535495,45.4476588],[28.0540519,45.4468567],[28.0541246,45.4467371],[28.0543707,45.4463384],[28.054593,45.4459354],[28.0545992,45.4459229],[28.0546052,45.4459096],[28.0548136,45.4453938],[28.0549287,45.4451187],[28.0550735,45.4447807],[28.0553467,45.4441774],[28.055396,45.4440415],[28.0554319,45.4439477],[28.0553356,45.4439373],[28.0547904,45.4438924],[28.0537344,45.4438112],[28.0534193,45.4437911],[28.0517121,45.443665],[28.0517448,45.4436291],[28.0517827,45.4435842],[28.0518372,45.4433727],[28.0518508,45.4432496],[28.0519301,45.4425374],[28.0519661,45.4422083],[28.0520549,45.4415636],[28.0520954,45.4412573],[28.0521028,45.4412247],[28.0521788,45.4406771],[28.0522551,45.4400556],[28.0522662,45.4399629],[28.0523035,45.4396767],[28.0524005,45.4390989],[28.0524472,45.4386824],[28.0524742,45.4384883],[28.0525917,45.4377348],[28.0526169,45.4375426],[28.0526765,45.4371666],[28.0526956,45.437015],[28.0527021,45.4369557],[28.052718,45.4368213],[28.0527331,45.4367016],[28.0527711,45.4365963],[28.0528602,45.4364403],[28.0529711,45.4362483],[28.0532152,45.4358079],[28.0532477,45.4357532],[28.0532906,45.4356809],[28.0535318,45.4352536],[28.0537802,45.4349288],[28.0538952,45.4347905],[28.0540168,45.4346277],[28.0540719,45.4345188],[28.0540931,45.4344258],[28.0540735,45.434208],[28.0540469,45.433939],[28.054031,45.4337868],[28.0537122,45.433791],[28.0535555,45.4337882],[28.0532992,45.4337787],[28.0531315,45.4337629],[28.05298,45.4337432],[28.0528546,45.4337197],[28.0522457,45.4335039],[28.0521405,45.4334666],[28.0520717,45.4334422],[28.0519065,45.4333888],[28.0517046,45.4333186],[28.0515737,45.4332764],[28.0510428,45.4331135],[28.0509539,45.4330895],[28.0504333,45.4329623],[28.0499882,45.4328328],[28.0497071,45.4327461],[28.0495043,45.4326778],[28.0492296,45.4325516],[28.0489297,45.4323911],[28.0487028,45.4322634],[28.046959,45.431241],[28.0468549,45.431181],[28.0466191,45.4310552],[28.0460566,45.4307701],[28.0457344,45.4306242],[28.0455296,45.4305258],[28.0453867,45.4304682],[28.0452642,45.4304206],[28.0450672,45.4303537],[28.042542,45.4295292],[28.0418858,45.4293443],[28.0414337,45.4292359],[28.0408585,45.4291201],[28.040666,45.4290824],[28.040194,45.4290024],[28.0395616,45.4289108],[28.0390819,45.4288478],[28.0378907,45.4287231],[28.0374912,45.4287005],[28.0373007,45.4286808],[28.0371541,45.4286656],[28.0367909,45.4286388],[28.036079,45.4285811],[28.0355587,45.4285357],[28.0339778,45.4283962],[28.0334407,45.4283499],[28.0321926,45.4282355],[28.0314701,45.4281701],[28.0311512,45.4281446],[28.0300074,45.4280561],[28.0292653,45.4279835],[28.029107,45.4279659],[28.0289961,45.4279556],[28.0280326,45.4278711],[28.0277376,45.4278477],[28.0262545,45.4277265],[28.0255128,45.4276595],[28.02534,45.4276489],[28.0252295,45.4276536],[28.025107,45.427661],[28.025009,45.4276703],[28.0248155,45.427685],[28.0247507,45.4277245],[28.0246269,45.4277721],[28.0244687,45.4277992],[28.0243061,45.4277938],[28.0241522,45.4277563],[28.0240746,45.4277222],[28.0239596,45.4276393],[28.0239092,45.4275809],[28.0238703,45.4275112],[28.0238532,45.4274352],[28.0238509,45.4273606],[28.0238719,45.427277],[28.0238972,45.4272339],[28.023921,45.4271163],[28.0239091,45.4270032],[28.0238738,45.4269237],[28.0238328,45.4268488],[28.0235871,45.4265445],[28.0234554,45.4263888],[28.0233293,45.4262245],[28.0232936,45.4261716],[28.023159,45.4259949],[28.0230234,45.4257567],[28.0229621,45.4256059],[28.0228788,45.4253705],[28.0228233,45.425215],[28.0227487,45.4249819],[28.0226133,45.4245552],[28.0224223,45.4239201],[28.02202,45.4226125],[28.021913,45.4222617],[28.0218219,45.4220312],[28.0217156,45.4218477],[28.0215152,45.4215835],[28.0213151,45.4213658],[28.0211811,45.4212626],[28.0210199,45.4211561],[28.0208291,45.4210445],[28.0206381,45.420939],[28.0205747,45.4209097],[28.0202519,45.4207505],[28.0202392,45.4207439],[28.0201554,45.4206995],[28.0201084,45.4206763],[28.0200503,45.4206481],[28.0199753,45.4206118],[28.0198069,45.4205312],[28.0188561,45.4200384],[28.0182724,45.4197398],[28.0181059,45.4196546],[28.0176894,45.4194413],[28.0175811,45.4193861],[28.0174432,45.4193156],[28.0172984,45.4192415],[28.0170418,45.4191103],[28.0169293,45.4190524],[28.015768,45.4184586],[28.0156357,45.4183909],[28.01548,45.4183113],[28.0132823,45.417187],[28.0132059,45.4171499],[28.0131058,45.4170967],[28.01303,45.4170579],[28.0129777,45.4170326],[28.0125033,45.4167902],[28.0124168,45.4167442],[28.0120151,45.4165387],[28.0104936,45.4157603],[28.0101576,45.4155884],[28.0099805,45.4154978],[28.0099175,45.4154656],[28.0096507,45.4153291],[28.0095165,45.415261],[28.0089787,45.4149984],[28.0087755,45.4148974],[28.0078278,45.4144262],[28.0076474,45.4143365],[28.0073147,45.414175],[28.007285,45.4141619],[28.0069626,45.4139963],[28.0067629,45.4138974],[28.0063621,45.4136988],[28.0061558,45.4136366],[28.0060823,45.4136144],[28.0060017,45.4136285],[28.0059304,45.4136165],[28.0058736,45.413584],[28.0058425,45.4135375],[28.0058397,45.4135005],[28.0058536,45.4134649],[28.0058828,45.4134341],[28.0059244,45.4134114],[28.0059741,45.4133991],[28.0060162,45.4133976],[28.0062234,45.4132779],[28.0063681,45.4131346],[28.0064307,45.4130747],[28.0064462,45.4130599],[28.0064552,45.4130512],[28.0065265,45.4129828],[28.0065922,45.41292],[28.0066612,45.4128534],[28.0067999,45.4127252],[28.0068501,45.4126787],[28.0073058,45.4122326],[28.0074078,45.4121299],[28.0077446,45.4118181],[28.0079659,45.4116057],[28.0080994,45.4114715],[28.0081791,45.4114018],[28.0082335,45.4113527],[28.0084049,45.4111808],[28.0085128,45.4110727],[28.0086097,45.4109801],[28.0087598,45.4108329],[28.0088385,45.4107547],[28.0089857,45.4106084],[28.0092077,45.4103911],[28.0093981,45.4102045],[28.0094966,45.4101088],[28.0097168,45.4098949],[28.0097836,45.4098357],[28.0098082,45.4098143],[28.00989,45.4097421],[28.0100112,45.4096352],[28.0101314,45.4095407],[28.0102515,45.4094664],[28.0104244,45.4093817],[28.0105513,45.4093301],[28.0107338,45.4092862],[28.01093,45.4092584],[28.011126,45.4092399],[28.0113011,45.4092378],[28.0114532,45.4092411],[28.0116079,45.4092506],[28.0120797,45.409292],[28.0124569,45.4093241],[28.0126056,45.4093373],[28.0127689,45.4093518],[28.0131543,45.4093859],[28.0134677,45.4094136],[28.0135349,45.4094196],[28.0136462,45.4094293],[28.0142812,45.409483],[28.0144871,45.4094703],[28.0149037,45.4094524],[28.0149352,45.4094351],[28.014971,45.4094224],[28.0150331,45.4094129],[28.0150964,45.4094171],[28.0151548,45.4094347],[28.0152028,45.409464],[28.0152323,45.4094968],[28.0152499,45.4095415],[28.0152463,45.4095879],[28.015222,45.4096311],[28.0151794,45.4096666],[28.0151482,45.4096821],[28.0150667,45.4099172],[28.0150077,45.4101062],[28.0149645,45.4102448],[28.0149352,45.4103709],[28.0149217,45.4103819],[28.014914,45.4104419],[28.014886,45.4105739],[28.0148645,45.4106736],[28.0148379,45.4108185],[28.0148261,45.4108756],[28.0148246,45.410889],[28.0148069,45.4109834],[28.0148067,45.4110722],[28.0147975,45.4112494],[28.0147883,45.4114932],[28.0148063,45.4116308],[28.0148423,45.4118092],[28.0148687,45.4118634],[28.0148741,45.4119174],[28.0148655,45.4119494],[28.0148516,45.4120006],[28.0147898,45.4120701],[28.0146979,45.4121207],[28.0146424,45.4121335],[28.0145869,45.4121462],[28.0144996,45.4121461],[28.0144523,45.4121461],[28.0143986,45.412127],[28.0143341,45.4120997],[28.014197,45.4121122],[28.0140927,45.4121375],[28.0139941,45.4121668],[28.0137922,45.4122368],[28.0124529,45.4127937],[28.0122112,45.4128941],[28.0125227,45.4130732],[28.012625,45.413132],[28.0127309,45.4131992],[28.0128228,45.4132513],[28.0125175,45.4133351]]}},{"type":"Feature","properties":{"variantId":"tb:106:v1:tur","lineId":"bus-106","mode":"bus","colour":null,"direction":"tur"},"geometry":{"type":"LineString","coordinates":[[28.0125175,45.4133351],[28.012287,45.4133998],[28.0122622,45.4133879],[28.0122066,45.4133563],[28.0121777,45.41334],[28.0118517,45.4131644],[28.0117496,45.4130977],[28.0119253,45.4129453],[28.0120913,45.4128248],[28.0121461,45.4127948],[28.0123702,45.4127035],[28.0130071,45.412441],[28.0136871,45.4121529],[28.0138996,45.412058],[28.0139358,45.4120389],[28.0139681,45.4120218],[28.0141022,45.4119304],[28.0142559,45.4117844],[28.0143017,45.4117446],[28.0143586,45.4117127],[28.0145411,45.4115091],[28.0146323,45.4113934],[28.0147025,45.4112732],[28.0148069,45.4109834],[28.0148246,45.410889],[28.0148261,45.4108756],[28.0148379,45.4108185],[28.0148645,45.4106736],[28.014886,45.4105739],[28.014914,45.4104419],[28.0149217,45.4103819],[28.0149162,45.4103679],[28.0149163,45.4102471],[28.0149069,45.4100068],[28.0149076,45.4096643],[28.014882,45.4096448],[28.0144752,45.4095355],[28.0142812,45.409483],[28.0136462,45.4094293],[28.0135349,45.4094196],[28.0134677,45.4094136],[28.0131543,45.4093859],[28.0127689,45.4093518],[28.0126056,45.4093373],[28.0124569,45.4093241],[28.0120797,45.409292],[28.0116079,45.4092506],[28.0114532,45.4092411],[28.0113011,45.4092378],[28.011126,45.4092399],[28.01093,45.4092584],[28.0107338,45.4092862],[28.0105513,45.4093301],[28.0104244,45.4093817],[28.0102515,45.4094664],[28.0101314,45.4095407],[28.0100112,45.4096352],[28.00989,45.4097421],[28.0098082,45.4098143],[28.0097836,45.4098357],[28.0097168,45.4098949],[28.0094966,45.4101088],[28.0093981,45.4102045],[28.0092077,45.4103911],[28.0089857,45.4106084],[28.0088385,45.4107547],[28.0087598,45.4108329],[28.0086097,45.4109801],[28.0085128,45.4110727],[28.0084049,45.4111808],[28.0082335,45.4113527],[28.0081791,45.4114018],[28.0080994,45.4114715],[28.0079659,45.4116057],[28.0077446,45.4118181],[28.0074078,45.4121299],[28.0073058,45.4122326],[28.0068501,45.4126787],[28.0067999,45.4127252],[28.0066612,45.4128534],[28.0065922,45.41292],[28.0065265,45.4129828],[28.0064552,45.4130512],[28.0064462,45.4130599],[28.0064307,45.4130747],[28.0063681,45.4131346],[28.0062234,45.4132779],[28.0061841,45.4134283],[28.0061664,45.413496],[28.0061681,45.4135166],[28.0063621,45.4136988],[28.0067629,45.4138974],[28.0069626,45.4139963],[28.007285,45.4141619],[28.0073147,45.414175],[28.0076474,45.4143365],[28.0078278,45.4144262],[28.0087755,45.4148974],[28.0089787,45.4149984],[28.0095165,45.415261],[28.0096507,45.4153291],[28.0099175,45.4154656],[28.0099805,45.4154978],[28.0101576,45.4155884],[28.0104936,45.4157603],[28.0120151,45.4165387],[28.0124168,45.4167442],[28.0125033,45.4167902],[28.0129777,45.4170326],[28.01303,45.4170579],[28.0131058,45.4170967],[28.0132059,45.4171499],[28.0132823,45.417187],[28.01548,45.4183113],[28.0156357,45.4183909],[28.015768,45.4184586],[28.0169293,45.4190524],[28.0170418,45.4191103],[28.0172984,45.4192415],[28.0174432,45.4193156],[28.0175811,45.4193861],[28.0176894,45.4194413],[28.0181059,45.4196546],[28.0182724,45.4197398],[28.0188561,45.4200384],[28.0198069,45.4205312],[28.0199753,45.4206118],[28.0200503,45.4206481],[28.0201084,45.4206763],[28.0201554,45.4206995],[28.0202392,45.4207439],[28.0202519,45.4207505],[28.0205747,45.4209097],[28.0206381,45.420939],[28.0208291,45.4210445],[28.0210199,45.4211561],[28.0211811,45.4212626],[28.0213151,45.4213658],[28.0215152,45.4215835],[28.0217156,45.4218477],[28.0218219,45.4220312],[28.021913,45.4222617],[28.02202,45.4226125],[28.0224223,45.4239201],[28.0226133,45.4245552],[28.0227487,45.4249819],[28.0228233,45.425215],[28.0228788,45.4253705],[28.0229621,45.4256059],[28.0230234,45.4257567],[28.023159,45.4259949],[28.0232936,45.4261716],[28.0233293,45.4262245],[28.0234554,45.4263888],[28.0235871,45.4265445],[28.0238328,45.4268488],[28.0239297,45.4268938],[28.0239998,45.4269213],[28.0240943,45.4269582],[28.0242475,45.4270193],[28.0242786,45.4270115],[28.0244688,45.4270036],[28.0246429,45.4270354],[28.0247979,45.4271143],[28.0249128,45.4272083],[28.0251697,45.4273556],[28.0252666,45.4273963],[28.0253815,45.4274399],[28.0255359,45.4274789],[28.0265762,45.427571],[28.0270357,45.4276129],[28.0281,45.4277056],[28.0284674,45.4277393],[28.0289472,45.4277833],[28.0290263,45.4277903],[28.0292984,45.4278151],[28.0309613,45.4279684],[28.0311825,45.4279929],[28.0314927,45.4280175],[28.0353141,45.428346],[28.0369098,45.4284868],[28.0371949,45.4285161],[28.0373748,45.4285362],[28.0375461,45.4285541],[28.0379401,45.4285847],[28.0387086,45.4286585],[28.0390974,45.4287007],[28.0395987,45.4287704],[28.0403058,45.4288752],[28.0407123,45.4289354],[28.0408781,45.4289649],[28.041473,45.4290717],[28.0419267,45.4291697],[28.0423923,45.4292973],[28.0427346,45.4294003],[28.0430547,45.4295029],[28.0446786,45.4300455],[28.045163,45.4302013],[28.045369,45.4302772],[28.0455034,45.4303254],[28.0456426,45.4303869],[28.045786,45.430453],[28.0461448,45.4306111],[28.0464341,45.4307468],[28.0470013,45.4310488],[28.0471024,45.4311055],[28.0485385,45.4319507],[28.0488505,45.4321384],[28.0491374,45.4322998],[28.0493834,45.4324275],[28.0496332,45.4325422],[28.0496728,45.4325573],[28.050355,45.4328297],[28.0505735,45.4329164],[28.0509539,45.4330895],[28.0510428,45.4331135],[28.0515737,45.4332764],[28.0517046,45.4333186],[28.0519065,45.4333888],[28.0520717,45.4334422],[28.0521405,45.4334666],[28.0522457,45.4335039],[28.0528546,45.4337197],[28.05298,45.4337432],[28.0531315,45.4337629],[28.0532992,45.4337787],[28.0535555,45.4337882],[28.0537122,45.433791],[28.054031,45.4337868],[28.054156,45.4337728],[28.0542928,45.4337528],[28.0547899,45.4336859],[28.0550249,45.4336549],[28.0552469,45.4336346],[28.0552935,45.4339162],[28.0554862,45.4348177],[28.0555068,45.4349136],[28.0556288,45.4354438],[28.0556428,45.4355025],[28.0556746,45.4356414],[28.0557002,45.435734],[28.0557398,45.4358679],[28.0557792,45.436008],[28.0558151,45.4361357],[28.0558802,45.4363702],[28.055898,45.4364352],[28.0559714,45.4366743],[28.0561252,45.4371576],[28.0561866,45.4373285],[28.0562985,45.4379644],[28.0564099,45.4386215],[28.0564401,45.4388363],[28.056465,45.4389825],[28.0564876,45.4392663],[28.0564907,45.4393779],[28.0564904,45.4394816],[28.0564778,45.439695],[28.0564527,45.4398626],[28.0563606,45.4404423],[28.0563443,45.4406122],[28.0563391,45.440654],[28.0563105,45.4408424],[28.0563045,45.4408712],[28.0562381,45.4411617],[28.0561851,45.4413293],[28.05618,45.4413462],[28.0560128,45.4419776],[28.0559376,45.4422393],[28.0559106,45.4423518],[28.0558887,45.4424574],[28.0558668,45.4425479],[28.0558374,45.4426604],[28.0557493,45.4429909],[28.0556772,45.4432343],[28.0555763,45.4435656],[28.0555863,45.4437221],[28.0556185,45.4437965],[28.0556555,45.4438469],[28.0556999,45.4438912],[28.0558173,45.4439855],[28.0562745,45.4440212],[28.0564263,45.4440338],[28.0565561,45.4440384],[28.0565693,45.4440383],[28.0566055,45.4439375],[28.0566465,45.4438643],[28.0568619,45.4434863],[28.0569539,45.443345],[28.0569708,45.4433191],[28.0570483,45.4433101],[28.0571056,45.4433035],[28.0572359,45.4432972],[28.0576747,45.4432806],[28.0580341,45.4432792],[28.0585998,45.4432744],[28.058675,45.4432747],[28.058803,45.4432753],[28.0589448,45.4432782],[28.0589761,45.4432818],[28.0590137,45.4432835],[28.0591047,45.4432924],[28.0592058,45.4433201],[28.0594012,45.4433995],[28.0594791,45.4434395],[28.0595758,45.4434891],[28.0600424,45.443723],[28.0601442,45.4437909],[28.0601995,45.4438971],[28.0600702,45.4441228],[28.0599454,45.4444958]]}},{"type":"Feature","properties":{"variantId":"tb:106:v1:retur","lineId":"bus-106","mode":"bus","colour":null,"direction":"retur"},"geometry":{"type":"LineString","coordinates":[[28.0599454,45.4444958],[28.0598515,45.4447739],[28.0598051,45.4449114],[28.0594279,45.4448644],[28.0594267,45.4447669],[28.0593846,45.4445952],[28.0591895,45.4440542],[28.0591093,45.4437564],[28.0590963,45.4436302],[28.0590398,45.4435449],[28.0590094,45.4434105],[28.0589913,45.4433538],[28.0589829,45.4433333],[28.0589675,45.443311],[28.0589448,45.4432782],[28.058803,45.4432753],[28.058675,45.4432747],[28.0585998,45.4432744],[28.0580341,45.4432792],[28.0576747,45.4432806],[28.0572359,45.4432972],[28.0571056,45.4433035],[28.0570483,45.4433101],[28.0569708,45.4433191],[28.0569539,45.443345],[28.0568619,45.4434863],[28.0566465,45.4438643],[28.0566055,45.4439375],[28.0565693,45.4440383],[28.0565561,45.4440384],[28.0564263,45.4440338],[28.0562745,45.4440212],[28.0558173,45.4439855],[28.0555948,45.4439608],[28.0554319,45.4439477],[28.0553356,45.4439373],[28.0547904,45.4438924],[28.0537344,45.4438112],[28.0534193,45.4437911],[28.0517121,45.443665],[28.0517448,45.4436291],[28.0517827,45.4435842],[28.0518372,45.4433727],[28.0518508,45.4432496],[28.0519301,45.4425374],[28.0519661,45.4422083],[28.0520549,45.4415636],[28.0520954,45.4412573],[28.0521028,45.4412247],[28.0521788,45.4406771],[28.0522551,45.4400556],[28.0522662,45.4399629],[28.0523035,45.4396767],[28.0524005,45.4390989],[28.0524472,45.4386824],[28.0524742,45.4384883],[28.0525917,45.4377348],[28.0526169,45.4375426],[28.0526765,45.4371666],[28.0526956,45.437015],[28.0527021,45.4369557],[28.052718,45.4368213],[28.0527331,45.4367016],[28.0527711,45.4365963],[28.0528602,45.4364403],[28.0529711,45.4362483],[28.0532152,45.4358079],[28.0532477,45.4357532],[28.0532906,45.4356809],[28.0535318,45.4352536],[28.0537802,45.4349288],[28.0538952,45.4347905],[28.0540168,45.4346277],[28.0540719,45.4345188],[28.0540931,45.4344258],[28.0540735,45.434208],[28.0540469,45.433939],[28.054031,45.4337868],[28.0537122,45.433791],[28.0535555,45.4337882],[28.0532992,45.4337787],[28.0531315,45.4337629],[28.05298,45.4337432],[28.0528546,45.4337197],[28.0522457,45.4335039],[28.0521405,45.4334666],[28.0520717,45.4334422],[28.0519065,45.4333888],[28.0517046,45.4333186],[28.0515737,45.4332764],[28.0510428,45.4331135],[28.0509539,45.4330895],[28.0504333,45.4329623],[28.0499882,45.4328328],[28.0497071,45.4327461],[28.0495043,45.4326778],[28.0492296,45.4325516],[28.0489297,45.4323911],[28.0487028,45.4322634],[28.046959,45.431241],[28.0468549,45.431181],[28.0466191,45.4310552],[28.0460566,45.4307701],[28.0457344,45.4306242],[28.0455296,45.4305258],[28.0453867,45.4304682],[28.0452642,45.4304206],[28.0450672,45.4303537],[28.042542,45.4295292],[28.0418858,45.4293443],[28.0414337,45.4292359],[28.0408585,45.4291201],[28.040666,45.4290824],[28.040194,45.4290024],[28.0395616,45.4289108],[28.0390819,45.4288478],[28.0378907,45.4287231],[28.0374912,45.4287005],[28.0373007,45.4286808],[28.0371541,45.4286656],[28.0367909,45.4286388],[28.036079,45.4285811],[28.0355587,45.4285357],[28.0339778,45.4283962],[28.0334407,45.4283499],[28.0321926,45.4282355],[28.0314701,45.4281701],[28.0311512,45.4281446],[28.0300074,45.4280561],[28.0292653,45.4279835],[28.029107,45.4279659],[28.0289961,45.4279556],[28.0280326,45.4278711],[28.0277376,45.4278477],[28.0262545,45.4277265],[28.0255128,45.4276595],[28.02534,45.4276489],[28.0252295,45.4276536],[28.025107,45.427661],[28.025009,45.4276703],[28.0248155,45.427685],[28.0247507,45.4277245],[28.0246269,45.4277721],[28.0244687,45.4277992],[28.0243061,45.4277938],[28.0241522,45.4277563],[28.0240746,45.4277222],[28.0239596,45.4276393],[28.0239092,45.4275809],[28.0238703,45.4275112],[28.0238532,45.4274352],[28.0238509,45.4273606],[28.0238719,45.427277],[28.0238972,45.4272339],[28.023921,45.4271163],[28.0239091,45.4270032],[28.0238738,45.4269237],[28.0238328,45.4268488],[28.0235871,45.4265445],[28.0234554,45.4263888],[28.0233293,45.4262245],[28.0232936,45.4261716],[28.023159,45.4259949],[28.0230234,45.4257567],[28.0229621,45.4256059],[28.0228788,45.4253705],[28.0228233,45.425215],[28.0227487,45.4249819],[28.0226133,45.4245552],[28.0224223,45.4239201],[28.02202,45.4226125],[28.021913,45.4222617],[28.0218219,45.4220312],[28.0217156,45.4218477],[28.0215152,45.4215835],[28.0213151,45.4213658],[28.0211811,45.4212626],[28.0210199,45.4211561],[28.0208291,45.4210445],[28.0206381,45.420939],[28.0205747,45.4209097],[28.0202519,45.4207505],[28.0202392,45.4207439],[28.0201554,45.4206995],[28.0201084,45.4206763],[28.0200503,45.4206481],[28.0199753,45.4206118],[28.0198069,45.4205312],[28.0188561,45.4200384],[28.0182724,45.4197398],[28.0181059,45.4196546],[28.0176894,45.4194413],[28.0175811,45.4193861],[28.0174432,45.4193156],[28.0172984,45.4192415],[28.0170418,45.4191103],[28.0169293,45.4190524],[28.015768,45.4184586],[28.0156357,45.4183909],[28.01548,45.4183113],[28.0132823,45.417187],[28.0132059,45.4171499],[28.0131058,45.4170967],[28.01303,45.4170579],[28.0129777,45.4170326],[28.0125033,45.4167902],[28.0124168,45.4167442],[28.0120151,45.4165387],[28.0104936,45.4157603],[28.0101576,45.4155884],[28.0099805,45.4154978],[28.0099175,45.4154656],[28.0096507,45.4153291],[28.0095165,45.415261],[28.0089787,45.4149984],[28.0087755,45.4148974],[28.0078278,45.4144262],[28.0076474,45.4143365],[28.0073147,45.414175],[28.007285,45.4141619],[28.0069626,45.4139963],[28.0067629,45.4138974],[28.0063621,45.4136988],[28.0061558,45.4136366],[28.0060823,45.4136144],[28.0060017,45.4136285],[28.0059304,45.4136165],[28.0058736,45.413584],[28.0058425,45.4135375],[28.0058397,45.4135005],[28.0058536,45.4134649],[28.0058828,45.4134341],[28.0059244,45.4134114],[28.0059741,45.4133991],[28.0060162,45.4133976],[28.0062234,45.4132779],[28.0063681,45.4131346],[28.0064307,45.4130747],[28.0064462,45.4130599],[28.0064552,45.4130512],[28.0065265,45.4129828],[28.0065922,45.41292],[28.0066612,45.4128534],[28.0067999,45.4127252],[28.0068501,45.4126787],[28.0073058,45.4122326],[28.0074078,45.4121299],[28.0077446,45.4118181],[28.0079659,45.4116057],[28.0080994,45.4114715],[28.0081791,45.4114018],[28.0082335,45.4113527],[28.0084049,45.4111808],[28.0085128,45.4110727],[28.0086097,45.4109801],[28.0087598,45.4108329],[28.0088385,45.4107547],[28.0089857,45.4106084],[28.0092077,45.4103911],[28.0093981,45.4102045],[28.0094966,45.4101088],[28.0097168,45.4098949],[28.0097836,45.4098357],[28.0098082,45.4098143],[28.00989,45.4097421],[28.0100112,45.4096352],[28.0101314,45.4095407],[28.0102515,45.4094664],[28.0104244,45.4093817],[28.0105513,45.4093301],[28.0107338,45.4092862],[28.01093,45.4092584],[28.011126,45.4092399],[28.0113011,45.4092378],[28.0114532,45.4092411],[28.0116079,45.4092506],[28.0120797,45.409292],[28.0124569,45.4093241],[28.0126056,45.4093373],[28.0127689,45.4093518],[28.0131543,45.4093859],[28.0134677,45.4094136],[28.0135349,45.4094196],[28.0136462,45.4094293],[28.0142812,45.409483],[28.0144871,45.4094703],[28.0149037,45.4094524],[28.0149352,45.4094351],[28.014971,45.4094224],[28.0150331,45.4094129],[28.0150964,45.4094171],[28.0151548,45.4094347],[28.0152028,45.409464],[28.0152323,45.4094968],[28.0152499,45.4095415],[28.0152463,45.4095879],[28.015222,45.4096311],[28.0151794,45.4096666],[28.0151482,45.4096821],[28.0150667,45.4099172],[28.0150077,45.4101062],[28.0149645,45.4102448],[28.0149352,45.4103709],[28.0149217,45.4103819],[28.014914,45.4104419],[28.014886,45.4105739],[28.0148645,45.4106736],[28.0148379,45.4108185],[28.0148261,45.4108756],[28.0148246,45.410889],[28.0148069,45.4109834],[28.0148067,45.4110722],[28.0147975,45.4112494],[28.0147883,45.4114932],[28.0148063,45.4116308],[28.0148423,45.4118092],[28.0148687,45.4118634],[28.0148741,45.4119174],[28.0148655,45.4119494],[28.0148516,45.4120006],[28.0147898,45.4120701],[28.0146979,45.4121207],[28.0146424,45.4121335],[28.0145869,45.4121462],[28.0144996,45.4121461],[28.0144523,45.4121461],[28.0143986,45.412127],[28.0143341,45.4120997],[28.014197,45.4121122],[28.0140927,45.4121375],[28.0139941,45.4121668],[28.0137922,45.4122368],[28.0124529,45.4127937],[28.0122112,45.4128941],[28.0125227,45.4130732],[28.012625,45.413132],[28.0127309,45.4131992],[28.0128228,45.4132513],[28.0125175,45.4133351]]}}]}